-- Generated from frontend placeholders (mockParkingLots).
-- Run after Hibernate has created/updated the schema.
BEGIN;

INSERT INTO parking_lots (id, name, city, address, latitude, longitude, opening_hours, total_spaces)
VALUES ('b231a846-7d40-5100-ba29-b9c0ca0ef9aa', 'Estádio Cidade de Coimbra', 'Coimbra', 'Rua Dom Manuel I, Coimbra', 40.203203, -8.406216, 'Aberto 24h', 120)
ON CONFLICT (id) DO UPDATE SET
  name = EXCLUDED.name,
  city = EXCLUDED.city,
  address = EXCLUDED.address,
  latitude = EXCLUDED.latitude,
  longitude = EXCLUDED.longitude,
  opening_hours = EXCLUDED.opening_hours,
  total_spaces = EXCLUDED.total_spaces;
DELETE FROM parking_lot_amenities WHERE parking_lot_id = 'b231a846-7d40-5100-ba29-b9c0ca0ef9aa';
INSERT INTO parking_lot_amenities (parking_lot_id, amenity) VALUES ('b231a846-7d40-5100-ba29-b9c0ca0ef9aa', 'vigilância');
INSERT INTO parking_lot_amenities (parking_lot_id, amenity) VALUES ('b231a846-7d40-5100-ba29-b9c0ca0ef9aa', 'câmeras');
INSERT INTO parking_lot_amenities (parking_lot_id, amenity) VALUES ('b231a846-7d40-5100-ba29-b9c0ca0ef9aa', 'elevador');
INSERT INTO parking_lot_amenities (parking_lot_id, amenity) VALUES ('b231a846-7d40-5100-ba29-b9c0ca0ef9aa', 'wc');
INSERT INTO tariffs (id, parking_lot_id, name, description, price_per_hour, max_daily, monthly, price_per_kwh, status)
VALUES ('febc3d4a-5fce-5817-b642-35f513acae14', 'b231a846-7d40-5100-ba29-b9c0ca0ef9aa', 'Standard', 'Tarifa normal de estacionamento', 1.80, 14.00, 140.00, NULL, 'ACTIVE')
ON CONFLICT (id) DO UPDATE SET
  price_per_hour = EXCLUDED.price_per_hour,
  max_daily = EXCLUDED.max_daily,
  monthly = EXCLUDED.monthly,
  status = EXCLUDED.status;
DELETE FROM ev_chargers WHERE parking_lot_id = 'b231a846-7d40-5100-ba29-b9c0ca0ef9aa';
DELETE FROM accessible_spots WHERE parking_lot_id = 'b231a846-7d40-5100-ba29-b9c0ca0ef9aa';
DELETE FROM parking_spots WHERE parking_lot_id = 'b231a846-7d40-5100-ba29-b9c0ca0ef9aa';
INSERT INTO parking_spots (id, parking_lot_id, spot_number, zone, spot_row, spot_col, status) VALUES ('ba25d88f-702d-5909-afc0-d8483d0cd5f1', 'b231a846-7d40-5100-ba29-b9c0ca0ef9aa', 'f-c1-p0:A1', 'ACCESSIBLE', 1, 1, 'accessible');
INSERT INTO parking_spots (id, parking_lot_id, spot_number, zone, spot_row, spot_col, status) VALUES ('9ea22b92-11fe-51b2-95c3-293203e4a1d7', 'b231a846-7d40-5100-ba29-b9c0ca0ef9aa', 'f-c1-p0:A2', 'STANDARD', 1, 2, 'occupied');
INSERT INTO parking_spots (id, parking_lot_id, spot_number, zone, spot_row, spot_col, status) VALUES ('5846aa2d-0012-5318-a7c0-f42a07f82953', 'b231a846-7d40-5100-ba29-b9c0ca0ef9aa', 'f-c1-p0:A3', 'STANDARD', 1, 3, 'free');
INSERT INTO parking_spots (id, parking_lot_id, spot_number, zone, spot_row, spot_col, status) VALUES ('bce3c0cf-1c9d-5d32-ad4d-ada126d85220', 'b231a846-7d40-5100-ba29-b9c0ca0ef9aa', 'f-c1-p0:A4', 'STANDARD', 1, 4, 'occupied');
INSERT INTO parking_spots (id, parking_lot_id, spot_number, zone, spot_row, spot_col, status) VALUES ('819d04b3-6ba6-5c8f-824b-f06d8a10980c', 'b231a846-7d40-5100-ba29-b9c0ca0ef9aa', 'f-c1-p0:A5', 'STANDARD', 1, 5, 'free');
INSERT INTO parking_spots (id, parking_lot_id, spot_number, zone, spot_row, spot_col, status) VALUES ('9c375cd4-c493-5310-aff1-f3311d110532', 'b231a846-7d40-5100-ba29-b9c0ca0ef9aa', 'f-c1-p0:A6', 'STANDARD', 1, 6, 'occupied');
INSERT INTO parking_spots (id, parking_lot_id, spot_number, zone, spot_row, spot_col, status) VALUES ('d1f12b5d-7244-5160-b38c-673dcb8f19b9', 'b231a846-7d40-5100-ba29-b9c0ca0ef9aa', 'f-c1-p0:A7', 'STANDARD', 1, 7, 'free');
INSERT INTO parking_spots (id, parking_lot_id, spot_number, zone, spot_row, spot_col, status) VALUES ('43634877-3885-5c09-94b6-11142e3b0167', 'b231a846-7d40-5100-ba29-b9c0ca0ef9aa', 'f-c1-p0:A8', 'STANDARD', 1, 8, 'occupied');
INSERT INTO parking_spots (id, parking_lot_id, spot_number, zone, spot_row, spot_col, status) VALUES ('22601d7c-b4c0-5d59-a21c-c47de59018a0', 'b231a846-7d40-5100-ba29-b9c0ca0ef9aa', 'f-c1-p0:A9', 'STANDARD', 1, 9, 'free');
INSERT INTO parking_spots (id, parking_lot_id, spot_number, zone, spot_row, spot_col, status) VALUES ('dd9b7e23-6e11-539d-96b0-87f6fdeadc2b', 'b231a846-7d40-5100-ba29-b9c0ca0ef9aa', 'f-c1-p0:A10', 'STANDARD', 1, 10, 'occupied');
INSERT INTO parking_spots (id, parking_lot_id, spot_number, zone, spot_row, spot_col, status) VALUES ('56e8c064-d923-58cd-804c-95368e3b8b95', 'b231a846-7d40-5100-ba29-b9c0ca0ef9aa', 'f-c1-p0:B1', 'STANDARD', 2, 1, 'free');
INSERT INTO parking_spots (id, parking_lot_id, spot_number, zone, spot_row, spot_col, status) VALUES ('888af023-1998-57c6-a34c-e7a79b8bb237', 'b231a846-7d40-5100-ba29-b9c0ca0ef9aa', 'f-c1-p0:B2', 'STANDARD', 2, 2, 'occupied');
INSERT INTO parking_spots (id, parking_lot_id, spot_number, zone, spot_row, spot_col, status) VALUES ('55b1f14c-30bb-51e2-bb02-75d0f091fb7b', 'b231a846-7d40-5100-ba29-b9c0ca0ef9aa', 'f-c1-p0:B3', 'STANDARD', 2, 3, 'free');
INSERT INTO parking_spots (id, parking_lot_id, spot_number, zone, spot_row, spot_col, status) VALUES ('172777cd-5c9b-590b-89c8-c1edf83cb2eb', 'b231a846-7d40-5100-ba29-b9c0ca0ef9aa', 'f-c1-p0:B4', 'STANDARD', 2, 4, 'free');
INSERT INTO parking_spots (id, parking_lot_id, spot_number, zone, spot_row, spot_col, status) VALUES ('0d011fac-553d-5963-a71a-eaba67b86ccb', 'b231a846-7d40-5100-ba29-b9c0ca0ef9aa', 'f-c1-p0:B5', 'STANDARD', 2, 5, 'free');
INSERT INTO parking_spots (id, parking_lot_id, spot_number, zone, spot_row, spot_col, status) VALUES ('9c0f31e8-cd8d-5cb9-97f7-3c2b7ea5f18d', 'b231a846-7d40-5100-ba29-b9c0ca0ef9aa', 'f-c1-p0:B6', 'STANDARD', 2, 6, 'free');
INSERT INTO parking_spots (id, parking_lot_id, spot_number, zone, spot_row, spot_col, status) VALUES ('967a4dc2-dd8b-5642-a454-13702c185d4f', 'b231a846-7d40-5100-ba29-b9c0ca0ef9aa', 'f-c1-p0:B7', 'STANDARD', 2, 7, 'free');
INSERT INTO parking_spots (id, parking_lot_id, spot_number, zone, spot_row, spot_col, status) VALUES ('32ed112b-97c7-5912-8f14-09674812a6f8', 'b231a846-7d40-5100-ba29-b9c0ca0ef9aa', 'f-c1-p0:B8', 'STANDARD', 2, 8, 'free');
INSERT INTO parking_spots (id, parking_lot_id, spot_number, zone, spot_row, spot_col, status) VALUES ('3d8811df-d5f5-5749-9289-2c93920c386c', 'b231a846-7d40-5100-ba29-b9c0ca0ef9aa', 'f-c1-p0:B9', 'STANDARD', 2, 9, 'free');
INSERT INTO parking_spots (id, parking_lot_id, spot_number, zone, spot_row, spot_col, status) VALUES ('e17b821a-a9d9-5d42-a207-8fe3407ca508', 'b231a846-7d40-5100-ba29-b9c0ca0ef9aa', 'f-c1-p0:B10', 'STANDARD', 2, 10, 'free');
INSERT INTO parking_spots (id, parking_lot_id, spot_number, zone, spot_row, spot_col, status) VALUES ('31a0c25b-043c-5ec3-9c1d-d39bf31f15c5', 'b231a846-7d40-5100-ba29-b9c0ca0ef9aa', 'f-c1-p0:C1', 'STANDARD', 3, 1, 'free');
INSERT INTO parking_spots (id, parking_lot_id, spot_number, zone, spot_row, spot_col, status) VALUES ('d311c301-20e0-52b0-8761-8f7690eceaeb', 'b231a846-7d40-5100-ba29-b9c0ca0ef9aa', 'f-c1-p0:C2', 'STANDARD', 3, 2, 'free');
INSERT INTO parking_spots (id, parking_lot_id, spot_number, zone, spot_row, spot_col, status) VALUES ('d9ec6884-5455-5fe6-8f30-cb5cbfc13d43', 'b231a846-7d40-5100-ba29-b9c0ca0ef9aa', 'f-c1-p0:C3', 'STANDARD', 3, 3, 'free');
INSERT INTO parking_spots (id, parking_lot_id, spot_number, zone, spot_row, spot_col, status) VALUES ('2aef3f3e-3d06-5c56-be05-65c542918597', 'b231a846-7d40-5100-ba29-b9c0ca0ef9aa', 'f-c1-p0:C4', 'STANDARD', 3, 4, 'free');
INSERT INTO parking_spots (id, parking_lot_id, spot_number, zone, spot_row, spot_col, status) VALUES ('d534059d-2e0a-5da9-9fa3-4304bf55257e', 'b231a846-7d40-5100-ba29-b9c0ca0ef9aa', 'f-c1-p0:C5', 'STANDARD', 3, 5, 'free');
INSERT INTO parking_spots (id, parking_lot_id, spot_number, zone, spot_row, spot_col, status) VALUES ('f4aff332-2f28-5e90-87ad-9fa49a4eb1a7', 'b231a846-7d40-5100-ba29-b9c0ca0ef9aa', 'f-c1-p0:C6', 'STANDARD', 3, 6, 'free');
INSERT INTO parking_spots (id, parking_lot_id, spot_number, zone, spot_row, spot_col, status) VALUES ('e9ab9f67-ebb0-554c-a354-668ef8998101', 'b231a846-7d40-5100-ba29-b9c0ca0ef9aa', 'f-c1-p0:C7', 'STANDARD', 3, 7, 'free');
INSERT INTO parking_spots (id, parking_lot_id, spot_number, zone, spot_row, spot_col, status) VALUES ('61661b75-75a4-5fb0-8e0b-77a353002298', 'b231a846-7d40-5100-ba29-b9c0ca0ef9aa', 'f-c1-p0:C8', 'STANDARD', 3, 8, 'free');
INSERT INTO parking_spots (id, parking_lot_id, spot_number, zone, spot_row, spot_col, status) VALUES ('9fd16c08-fa92-5d01-8849-36c714069933', 'b231a846-7d40-5100-ba29-b9c0ca0ef9aa', 'f-c1-p0:C9', 'STANDARD', 3, 9, 'free');
INSERT INTO parking_spots (id, parking_lot_id, spot_number, zone, spot_row, spot_col, status) VALUES ('d13fba03-02da-513d-9909-b58611a5384d', 'b231a846-7d40-5100-ba29-b9c0ca0ef9aa', 'f-c1-p0:C10', 'STANDARD', 3, 10, 'free');
INSERT INTO parking_spots (id, parking_lot_id, spot_number, zone, spot_row, spot_col, status) VALUES ('eb834c02-2c95-581a-8a0d-a64d330ce8cd', 'b231a846-7d40-5100-ba29-b9c0ca0ef9aa', 'f-c1-p0:D1', 'STANDARD', 4, 1, 'free');
INSERT INTO parking_spots (id, parking_lot_id, spot_number, zone, spot_row, spot_col, status) VALUES ('7ec9d9a4-c290-5db5-aa8d-293dde9e8da5', 'b231a846-7d40-5100-ba29-b9c0ca0ef9aa', 'f-c1-p0:D2', 'STANDARD', 4, 2, 'free');
INSERT INTO parking_spots (id, parking_lot_id, spot_number, zone, spot_row, spot_col, status) VALUES ('fbab284c-bdbf-590d-91d3-8a7f0760fbd2', 'b231a846-7d40-5100-ba29-b9c0ca0ef9aa', 'f-c1-p0:D3', 'STANDARD', 4, 3, 'free');
INSERT INTO parking_spots (id, parking_lot_id, spot_number, zone, spot_row, spot_col, status) VALUES ('a50e8b73-cb92-5033-bb63-7d6cbdaf3897', 'b231a846-7d40-5100-ba29-b9c0ca0ef9aa', 'f-c1-p0:D4', 'STANDARD', 4, 4, 'free');
INSERT INTO parking_spots (id, parking_lot_id, spot_number, zone, spot_row, spot_col, status) VALUES ('36950a31-2f50-5124-84f7-b07d43472b80', 'b231a846-7d40-5100-ba29-b9c0ca0ef9aa', 'f-c1-p0:D5', 'STANDARD', 4, 5, 'free');
INSERT INTO parking_spots (id, parking_lot_id, spot_number, zone, spot_row, spot_col, status) VALUES ('7737ee1a-0f0b-5d74-9fc7-5b0b61fae5ff', 'b231a846-7d40-5100-ba29-b9c0ca0ef9aa', 'f-c1-p0:D6', 'STANDARD', 4, 6, 'free');
INSERT INTO parking_spots (id, parking_lot_id, spot_number, zone, spot_row, spot_col, status) VALUES ('4e45f1ac-9cf2-5fec-8060-4489ad2d7203', 'b231a846-7d40-5100-ba29-b9c0ca0ef9aa', 'f-c1-p0:D7', 'STANDARD', 4, 7, 'free');
INSERT INTO parking_spots (id, parking_lot_id, spot_number, zone, spot_row, spot_col, status) VALUES ('441dd3cb-46c8-5ccc-88e0-e65c6e4ca38f', 'b231a846-7d40-5100-ba29-b9c0ca0ef9aa', 'f-c1-p0:D8', 'STANDARD', 4, 8, 'free');
INSERT INTO parking_spots (id, parking_lot_id, spot_number, zone, spot_row, spot_col, status) VALUES ('c5ab7950-1c25-58d9-9ac7-c16a9fba7af6', 'b231a846-7d40-5100-ba29-b9c0ca0ef9aa', 'f-c1-p0:D9', 'STANDARD', 4, 9, 'free');
INSERT INTO parking_spots (id, parking_lot_id, spot_number, zone, spot_row, spot_col, status) VALUES ('1617d0b9-621b-5d88-8e49-ee2bbc52548e', 'b231a846-7d40-5100-ba29-b9c0ca0ef9aa', 'f-c1-p0:D10', 'STANDARD', 4, 10, 'free');
INSERT INTO parking_spots (id, parking_lot_id, spot_number, zone, spot_row, spot_col, status) VALUES ('ad8e6f80-0deb-54b7-bf15-ba4395a5972b', 'b231a846-7d40-5100-ba29-b9c0ca0ef9aa', 'f-c1-p0:E1', 'STANDARD', 5, 1, 'free');
INSERT INTO parking_spots (id, parking_lot_id, spot_number, zone, spot_row, spot_col, status) VALUES ('7e6d0b41-6cb7-5dee-aad0-e5801d2290c6', 'b231a846-7d40-5100-ba29-b9c0ca0ef9aa', 'f-c1-p0:E2', 'STANDARD', 5, 2, 'free');
INSERT INTO parking_spots (id, parking_lot_id, spot_number, zone, spot_row, spot_col, status) VALUES ('eef4385d-a8a5-5776-9c29-fa895dfb5d52', 'b231a846-7d40-5100-ba29-b9c0ca0ef9aa', 'f-c1-p0:E3', 'STANDARD', 5, 3, 'free');
INSERT INTO parking_spots (id, parking_lot_id, spot_number, zone, spot_row, spot_col, status) VALUES ('650833e6-00f4-5b47-8308-f6154d04b84d', 'b231a846-7d40-5100-ba29-b9c0ca0ef9aa', 'f-c1-p0:E4', 'STANDARD', 5, 4, 'free');
INSERT INTO parking_spots (id, parking_lot_id, spot_number, zone, spot_row, spot_col, status) VALUES ('76c5a811-be9c-5566-9d03-5a009c62ab03', 'b231a846-7d40-5100-ba29-b9c0ca0ef9aa', 'f-c1-p0:E5', 'STANDARD', 5, 5, 'free');
INSERT INTO parking_spots (id, parking_lot_id, spot_number, zone, spot_row, spot_col, status) VALUES ('c55f959e-a034-55a5-9bb8-080ab4f4ab04', 'b231a846-7d40-5100-ba29-b9c0ca0ef9aa', 'f-c1-p0:E6', 'STANDARD', 5, 6, 'free');
INSERT INTO parking_spots (id, parking_lot_id, spot_number, zone, spot_row, spot_col, status) VALUES ('fff45381-52be-5247-8480-43a81f950f57', 'b231a846-7d40-5100-ba29-b9c0ca0ef9aa', 'f-c1-p0:E7', 'STANDARD', 5, 7, 'free');
INSERT INTO parking_spots (id, parking_lot_id, spot_number, zone, spot_row, spot_col, status) VALUES ('a4f6e906-85a3-57c3-bd39-4576acca18ab', 'b231a846-7d40-5100-ba29-b9c0ca0ef9aa', 'f-c1-p0:E8', 'STANDARD', 5, 8, 'free');
INSERT INTO parking_spots (id, parking_lot_id, spot_number, zone, spot_row, spot_col, status) VALUES ('da8dd034-9e73-54b1-98fe-1da28fc11ec5', 'b231a846-7d40-5100-ba29-b9c0ca0ef9aa', 'f-c1-p0:E9', 'STANDARD', 5, 9, 'free');
INSERT INTO parking_spots (id, parking_lot_id, spot_number, zone, spot_row, spot_col, status) VALUES ('22bdc423-d15c-5f54-88be-8279f75c8f81', 'b231a846-7d40-5100-ba29-b9c0ca0ef9aa', 'f-c1-p0:E10', 'STANDARD', 5, 10, 'free');
INSERT INTO parking_spots (id, parking_lot_id, spot_number, zone, spot_row, spot_col, status) VALUES ('26eb70a1-dcf2-5409-a10c-108f9ca72a6b', 'b231a846-7d40-5100-ba29-b9c0ca0ef9aa', 'f-c1-p0:F1', 'EV', 6, 1, 'ev');
INSERT INTO parking_spots (id, parking_lot_id, spot_number, zone, spot_row, spot_col, status) VALUES ('37d885fd-2160-549e-ab2d-e8233f2b2f33', 'b231a846-7d40-5100-ba29-b9c0ca0ef9aa', 'f-c1-p0:F2', 'EV', 6, 2, 'ev');
INSERT INTO parking_spots (id, parking_lot_id, spot_number, zone, spot_row, spot_col, status) VALUES ('ecef77c1-ed28-5b89-826d-46ae76073f25', 'b231a846-7d40-5100-ba29-b9c0ca0ef9aa', 'f-c1-p0:F3', 'STANDARD', 6, 3, 'free');
INSERT INTO parking_spots (id, parking_lot_id, spot_number, zone, spot_row, spot_col, status) VALUES ('d9636949-c4be-533c-b8e5-d0ba87b8398f', 'b231a846-7d40-5100-ba29-b9c0ca0ef9aa', 'f-c1-p0:F4', 'STANDARD', 6, 4, 'free');
INSERT INTO parking_spots (id, parking_lot_id, spot_number, zone, spot_row, spot_col, status) VALUES ('3d4b1c9a-1932-5831-a38b-08f1f91eed51', 'b231a846-7d40-5100-ba29-b9c0ca0ef9aa', 'f-c1-p0:F5', 'STANDARD', 6, 5, 'free');
INSERT INTO parking_spots (id, parking_lot_id, spot_number, zone, spot_row, spot_col, status) VALUES ('14b91393-a71c-5d78-9a33-1f7a32bf1410', 'b231a846-7d40-5100-ba29-b9c0ca0ef9aa', 'f-c1-p0:F6', 'STANDARD', 6, 6, 'free');
INSERT INTO parking_spots (id, parking_lot_id, spot_number, zone, spot_row, spot_col, status) VALUES ('c417ed12-e43c-5fa4-b2e9-d40b4936f2b5', 'b231a846-7d40-5100-ba29-b9c0ca0ef9aa', 'f-c1-p0:F7', 'STANDARD', 6, 7, 'free');
INSERT INTO parking_spots (id, parking_lot_id, spot_number, zone, spot_row, spot_col, status) VALUES ('d134f103-619b-58b5-8985-a2b61bba28b1', 'b231a846-7d40-5100-ba29-b9c0ca0ef9aa', 'f-c1-p0:F8', 'STANDARD', 6, 8, 'free');
INSERT INTO parking_spots (id, parking_lot_id, spot_number, zone, spot_row, spot_col, status) VALUES ('5fdeb104-23cc-55d9-92a5-441dcb32970c', 'b231a846-7d40-5100-ba29-b9c0ca0ef9aa', 'f-c1-p0:F9', 'STANDARD', 6, 9, 'free');
INSERT INTO parking_spots (id, parking_lot_id, spot_number, zone, spot_row, spot_col, status) VALUES ('f13a9a20-ca03-5994-b52a-0bea7f6ba347', 'b231a846-7d40-5100-ba29-b9c0ca0ef9aa', 'f-c1-p0:F10', 'STANDARD', 6, 10, 'free');
INSERT INTO parking_spots (id, parking_lot_id, spot_number, zone, spot_row, spot_col, status) VALUES ('ec093749-26cb-5fd6-83a9-31ef8186f573', 'b231a846-7d40-5100-ba29-b9c0ca0ef9aa', 'f-c1-p-1:A1', 'STANDARD', 1, 1, 'free');
INSERT INTO parking_spots (id, parking_lot_id, spot_number, zone, spot_row, spot_col, status) VALUES ('e7f827a7-210e-5f80-ba95-d20d32e1898c', 'b231a846-7d40-5100-ba29-b9c0ca0ef9aa', 'f-c1-p-1:A2', 'STANDARD', 1, 2, 'free');
INSERT INTO parking_spots (id, parking_lot_id, spot_number, zone, spot_row, spot_col, status) VALUES ('5b18b89e-b11f-5431-be82-aa4f9acdafd4', 'b231a846-7d40-5100-ba29-b9c0ca0ef9aa', 'f-c1-p-1:A3', 'STANDARD', 1, 3, 'occupied');
INSERT INTO parking_spots (id, parking_lot_id, spot_number, zone, spot_row, spot_col, status) VALUES ('86758c3e-de07-5b73-b687-00adfb215e6f', 'b231a846-7d40-5100-ba29-b9c0ca0ef9aa', 'f-c1-p-1:A4', 'STANDARD', 1, 4, 'free');
INSERT INTO parking_spots (id, parking_lot_id, spot_number, zone, spot_row, spot_col, status) VALUES ('df3dd5fb-b124-5273-96eb-ce1358817ffe', 'b231a846-7d40-5100-ba29-b9c0ca0ef9aa', 'f-c1-p-1:A5', 'STANDARD', 1, 5, 'occupied');
INSERT INTO parking_spots (id, parking_lot_id, spot_number, zone, spot_row, spot_col, status) VALUES ('952a46e8-d873-5ce4-91d7-2057322912dc', 'b231a846-7d40-5100-ba29-b9c0ca0ef9aa', 'f-c1-p-1:A6', 'STANDARD', 1, 6, 'free');
INSERT INTO parking_spots (id, parking_lot_id, spot_number, zone, spot_row, spot_col, status) VALUES ('8236c2c4-5271-5e60-a0b1-87f15fbc3c96', 'b231a846-7d40-5100-ba29-b9c0ca0ef9aa', 'f-c1-p-1:A7', 'STANDARD', 1, 7, 'occupied');
INSERT INTO parking_spots (id, parking_lot_id, spot_number, zone, spot_row, spot_col, status) VALUES ('5c65ad43-91aa-5a8b-ab7b-5911097ce6fa', 'b231a846-7d40-5100-ba29-b9c0ca0ef9aa', 'f-c1-p-1:A8', 'STANDARD', 1, 8, 'free');
INSERT INTO parking_spots (id, parking_lot_id, spot_number, zone, spot_row, spot_col, status) VALUES ('c7096cb6-792b-5d2b-a716-4af07ccacf74', 'b231a846-7d40-5100-ba29-b9c0ca0ef9aa', 'f-c1-p-1:A9', 'STANDARD', 1, 9, 'free');
INSERT INTO parking_spots (id, parking_lot_id, spot_number, zone, spot_row, spot_col, status) VALUES ('d84f600e-2179-5b4a-bb68-d8c231688884', 'b231a846-7d40-5100-ba29-b9c0ca0ef9aa', 'f-c1-p-1:A10', 'STANDARD', 1, 10, 'free');
INSERT INTO parking_spots (id, parking_lot_id, spot_number, zone, spot_row, spot_col, status) VALUES ('007d5d36-a65a-52af-b6fe-021e8d90adfc', 'b231a846-7d40-5100-ba29-b9c0ca0ef9aa', 'f-c1-p-1:B1', 'STANDARD', 2, 1, 'free');
INSERT INTO parking_spots (id, parking_lot_id, spot_number, zone, spot_row, spot_col, status) VALUES ('688ee3a8-4ad0-5e19-9114-eddf6d691153', 'b231a846-7d40-5100-ba29-b9c0ca0ef9aa', 'f-c1-p-1:B2', 'STANDARD', 2, 2, 'free');
INSERT INTO parking_spots (id, parking_lot_id, spot_number, zone, spot_row, spot_col, status) VALUES ('bdb7e00c-33dd-5990-a9da-cb0268fb921d', 'b231a846-7d40-5100-ba29-b9c0ca0ef9aa', 'f-c1-p-1:B3', 'RESERVED', 2, 3, 'reserved');
INSERT INTO parking_spots (id, parking_lot_id, spot_number, zone, spot_row, spot_col, status) VALUES ('7f928350-2096-5aab-a4b7-7e3e9685223e', 'b231a846-7d40-5100-ba29-b9c0ca0ef9aa', 'f-c1-p-1:B4', 'RESERVED', 2, 4, 'reserved');
INSERT INTO parking_spots (id, parking_lot_id, spot_number, zone, spot_row, spot_col, status) VALUES ('8d309cd1-4fd5-5324-b13e-1a06f4e62c7e', 'b231a846-7d40-5100-ba29-b9c0ca0ef9aa', 'f-c1-p-1:B5', 'STANDARD', 2, 5, 'free');
INSERT INTO parking_spots (id, parking_lot_id, spot_number, zone, spot_row, spot_col, status) VALUES ('c1253988-6734-5227-b4c0-fdb88f166c5b', 'b231a846-7d40-5100-ba29-b9c0ca0ef9aa', 'f-c1-p-1:B6', 'STANDARD', 2, 6, 'free');
INSERT INTO parking_spots (id, parking_lot_id, spot_number, zone, spot_row, spot_col, status) VALUES ('3d6fd9fe-9e12-50e1-bfb2-c8311809b762', 'b231a846-7d40-5100-ba29-b9c0ca0ef9aa', 'f-c1-p-1:B7', 'STANDARD', 2, 7, 'free');
INSERT INTO parking_spots (id, parking_lot_id, spot_number, zone, spot_row, spot_col, status) VALUES ('506c6930-617d-5ec7-b672-ed5c0bacfd46', 'b231a846-7d40-5100-ba29-b9c0ca0ef9aa', 'f-c1-p-1:B8', 'STANDARD', 2, 8, 'free');
INSERT INTO parking_spots (id, parking_lot_id, spot_number, zone, spot_row, spot_col, status) VALUES ('302ccbc9-91b9-590b-b350-4b10ca723e57', 'b231a846-7d40-5100-ba29-b9c0ca0ef9aa', 'f-c1-p-1:B9', 'STANDARD', 2, 9, 'free');
INSERT INTO parking_spots (id, parking_lot_id, spot_number, zone, spot_row, spot_col, status) VALUES ('7cc356cb-162f-59f1-ab27-fd8d6b8ea998', 'b231a846-7d40-5100-ba29-b9c0ca0ef9aa', 'f-c1-p-1:B10', 'STANDARD', 2, 10, 'free');
INSERT INTO parking_spots (id, parking_lot_id, spot_number, zone, spot_row, spot_col, status) VALUES ('627daf42-e4bd-5051-b0da-1ff7945bbb42', 'b231a846-7d40-5100-ba29-b9c0ca0ef9aa', 'f-c1-p-1:C1', 'STANDARD', 3, 1, 'free');
INSERT INTO parking_spots (id, parking_lot_id, spot_number, zone, spot_row, spot_col, status) VALUES ('c18aae0d-0f3c-5ab0-8e44-405b8bf5938b', 'b231a846-7d40-5100-ba29-b9c0ca0ef9aa', 'f-c1-p-1:C2', 'STANDARD', 3, 2, 'free');
INSERT INTO parking_spots (id, parking_lot_id, spot_number, zone, spot_row, spot_col, status) VALUES ('4e631ae4-f980-55b1-8cd6-d25c1e6ff381', 'b231a846-7d40-5100-ba29-b9c0ca0ef9aa', 'f-c1-p-1:C3', 'STANDARD', 3, 3, 'free');
INSERT INTO parking_spots (id, parking_lot_id, spot_number, zone, spot_row, spot_col, status) VALUES ('8b1c5f78-de0d-539d-aa3a-a6f28488d169', 'b231a846-7d40-5100-ba29-b9c0ca0ef9aa', 'f-c1-p-1:C4', 'STANDARD', 3, 4, 'free');
INSERT INTO parking_spots (id, parking_lot_id, spot_number, zone, spot_row, spot_col, status) VALUES ('1ca673f9-dd72-54b6-992c-73b4a458ba39', 'b231a846-7d40-5100-ba29-b9c0ca0ef9aa', 'f-c1-p-1:C5', 'STANDARD', 3, 5, 'free');
INSERT INTO parking_spots (id, parking_lot_id, spot_number, zone, spot_row, spot_col, status) VALUES ('078ea5f7-a102-5f6c-aa06-8efc76c56a9e', 'b231a846-7d40-5100-ba29-b9c0ca0ef9aa', 'f-c1-p-1:C6', 'STANDARD', 3, 6, 'free');
INSERT INTO parking_spots (id, parking_lot_id, spot_number, zone, spot_row, spot_col, status) VALUES ('6629e0f3-1474-5b9a-a955-e6b05937a45e', 'b231a846-7d40-5100-ba29-b9c0ca0ef9aa', 'f-c1-p-1:C7', 'STANDARD', 3, 7, 'free');
INSERT INTO parking_spots (id, parking_lot_id, spot_number, zone, spot_row, spot_col, status) VALUES ('04916365-1af5-51be-a10d-b088cb408e67', 'b231a846-7d40-5100-ba29-b9c0ca0ef9aa', 'f-c1-p-1:C8', 'STANDARD', 3, 8, 'free');
INSERT INTO parking_spots (id, parking_lot_id, spot_number, zone, spot_row, spot_col, status) VALUES ('0eb5da83-9717-562a-8bd9-866fe2898a60', 'b231a846-7d40-5100-ba29-b9c0ca0ef9aa', 'f-c1-p-1:C9', 'STANDARD', 3, 9, 'free');
INSERT INTO parking_spots (id, parking_lot_id, spot_number, zone, spot_row, spot_col, status) VALUES ('367b87a9-58b0-5d2a-87ab-a649f19fc747', 'b231a846-7d40-5100-ba29-b9c0ca0ef9aa', 'f-c1-p-1:C10', 'STANDARD', 3, 10, 'free');
INSERT INTO parking_spots (id, parking_lot_id, spot_number, zone, spot_row, spot_col, status) VALUES ('76c7f07c-7234-5694-867b-9e3d5ea6202a', 'b231a846-7d40-5100-ba29-b9c0ca0ef9aa', 'f-c1-p-1:D1', 'STANDARD', 4, 1, 'free');
INSERT INTO parking_spots (id, parking_lot_id, spot_number, zone, spot_row, spot_col, status) VALUES ('8cb51698-fa88-562e-b8ed-ac4675d9496a', 'b231a846-7d40-5100-ba29-b9c0ca0ef9aa', 'f-c1-p-1:D2', 'STANDARD', 4, 2, 'free');
INSERT INTO parking_spots (id, parking_lot_id, spot_number, zone, spot_row, spot_col, status) VALUES ('65f0ae72-f3b1-557a-b630-03ce69eb068d', 'b231a846-7d40-5100-ba29-b9c0ca0ef9aa', 'f-c1-p-1:D3', 'STANDARD', 4, 3, 'free');
INSERT INTO parking_spots (id, parking_lot_id, spot_number, zone, spot_row, spot_col, status) VALUES ('d0f1e21a-2626-5dc1-aebc-9919fcd2dcbe', 'b231a846-7d40-5100-ba29-b9c0ca0ef9aa', 'f-c1-p-1:D4', 'STANDARD', 4, 4, 'free');
INSERT INTO parking_spots (id, parking_lot_id, spot_number, zone, spot_row, spot_col, status) VALUES ('ab34214d-fa9a-5baa-95ac-568951a9813d', 'b231a846-7d40-5100-ba29-b9c0ca0ef9aa', 'f-c1-p-1:D5', 'STANDARD', 4, 5, 'free');
INSERT INTO parking_spots (id, parking_lot_id, spot_number, zone, spot_row, spot_col, status) VALUES ('7ddc435f-ea4f-565d-a394-404d6b0f992f', 'b231a846-7d40-5100-ba29-b9c0ca0ef9aa', 'f-c1-p-1:D6', 'STANDARD', 4, 6, 'free');
INSERT INTO parking_spots (id, parking_lot_id, spot_number, zone, spot_row, spot_col, status) VALUES ('9a9c928e-6dc5-5d57-a71f-856fd3e75262', 'b231a846-7d40-5100-ba29-b9c0ca0ef9aa', 'f-c1-p-1:D7', 'STANDARD', 4, 7, 'free');
INSERT INTO parking_spots (id, parking_lot_id, spot_number, zone, spot_row, spot_col, status) VALUES ('acaa20bd-bf96-5120-a14a-588d87b54ed3', 'b231a846-7d40-5100-ba29-b9c0ca0ef9aa', 'f-c1-p-1:D8', 'STANDARD', 4, 8, 'free');
INSERT INTO parking_spots (id, parking_lot_id, spot_number, zone, spot_row, spot_col, status) VALUES ('c2ebc705-ef59-5348-864d-1b6487f4befe', 'b231a846-7d40-5100-ba29-b9c0ca0ef9aa', 'f-c1-p-1:D9', 'STANDARD', 4, 9, 'free');
INSERT INTO parking_spots (id, parking_lot_id, spot_number, zone, spot_row, spot_col, status) VALUES ('0bd23add-18e9-5d5a-bf78-b5972dee4298', 'b231a846-7d40-5100-ba29-b9c0ca0ef9aa', 'f-c1-p-1:D10', 'STANDARD', 4, 10, 'free');
INSERT INTO parking_spots (id, parking_lot_id, spot_number, zone, spot_row, spot_col, status) VALUES ('d5b925e9-833e-5c94-84cd-6e18bf4cf101', 'b231a846-7d40-5100-ba29-b9c0ca0ef9aa', 'f-c1-p-1:E1', 'STANDARD', 5, 1, 'free');
INSERT INTO parking_spots (id, parking_lot_id, spot_number, zone, spot_row, spot_col, status) VALUES ('e8a08e29-4794-5b8d-9156-48a62d4d9fcd', 'b231a846-7d40-5100-ba29-b9c0ca0ef9aa', 'f-c1-p-1:E2', 'STANDARD', 5, 2, 'free');
INSERT INTO parking_spots (id, parking_lot_id, spot_number, zone, spot_row, spot_col, status) VALUES ('fa45a5b5-69df-5506-954e-0b33c1bca3ac', 'b231a846-7d40-5100-ba29-b9c0ca0ef9aa', 'f-c1-p-1:E3', 'STANDARD', 5, 3, 'free');
INSERT INTO parking_spots (id, parking_lot_id, spot_number, zone, spot_row, spot_col, status) VALUES ('f053dac5-ff7e-57db-aa8d-e3bf46f7daab', 'b231a846-7d40-5100-ba29-b9c0ca0ef9aa', 'f-c1-p-1:E4', 'STANDARD', 5, 4, 'free');
INSERT INTO parking_spots (id, parking_lot_id, spot_number, zone, spot_row, spot_col, status) VALUES ('a2a58494-004b-5420-bac5-9574a6ed397d', 'b231a846-7d40-5100-ba29-b9c0ca0ef9aa', 'f-c1-p-1:E5', 'STANDARD', 5, 5, 'free');
INSERT INTO parking_spots (id, parking_lot_id, spot_number, zone, spot_row, spot_col, status) VALUES ('e64e9792-d9f8-55b4-9082-7821ef2021f5', 'b231a846-7d40-5100-ba29-b9c0ca0ef9aa', 'f-c1-p-1:E6', 'STANDARD', 5, 6, 'free');
INSERT INTO parking_spots (id, parking_lot_id, spot_number, zone, spot_row, spot_col, status) VALUES ('d0e24ac0-5fea-50d7-a876-af5a1e1b8e14', 'b231a846-7d40-5100-ba29-b9c0ca0ef9aa', 'f-c1-p-1:E7', 'STANDARD', 5, 7, 'free');
INSERT INTO parking_spots (id, parking_lot_id, spot_number, zone, spot_row, spot_col, status) VALUES ('52bcf5a4-e532-5ee8-ac92-415b6c4f608a', 'b231a846-7d40-5100-ba29-b9c0ca0ef9aa', 'f-c1-p-1:E8', 'STANDARD', 5, 8, 'free');
INSERT INTO parking_spots (id, parking_lot_id, spot_number, zone, spot_row, spot_col, status) VALUES ('869ee94d-f5ee-5a03-9ed1-bc4723d5fc1b', 'b231a846-7d40-5100-ba29-b9c0ca0ef9aa', 'f-c1-p-1:E9', 'STANDARD', 5, 9, 'free');
INSERT INTO parking_spots (id, parking_lot_id, spot_number, zone, spot_row, spot_col, status) VALUES ('ab7dd1c9-6b5d-5030-aa32-082324d2a10a', 'b231a846-7d40-5100-ba29-b9c0ca0ef9aa', 'f-c1-p-1:E10', 'STANDARD', 5, 10, 'free');
INSERT INTO parking_spots (id, parking_lot_id, spot_number, zone, spot_row, spot_col, status) VALUES ('63437b59-2432-5fb1-99b1-6d14bc5ae730', 'b231a846-7d40-5100-ba29-b9c0ca0ef9aa', 'f-c1-p-1:F1', 'STANDARD', 6, 1, 'free');
INSERT INTO parking_spots (id, parking_lot_id, spot_number, zone, spot_row, spot_col, status) VALUES ('0b528348-d56b-5ab5-9461-65014dd5c7f9', 'b231a846-7d40-5100-ba29-b9c0ca0ef9aa', 'f-c1-p-1:F2', 'STANDARD', 6, 2, 'free');
INSERT INTO parking_spots (id, parking_lot_id, spot_number, zone, spot_row, spot_col, status) VALUES ('3413035b-de9f-54d3-99bf-ea9b59036ad7', 'b231a846-7d40-5100-ba29-b9c0ca0ef9aa', 'f-c1-p-1:F3', 'STANDARD', 6, 3, 'free');
INSERT INTO parking_spots (id, parking_lot_id, spot_number, zone, spot_row, spot_col, status) VALUES ('23480cb4-b034-5c42-b3fe-744c60152b52', 'b231a846-7d40-5100-ba29-b9c0ca0ef9aa', 'f-c1-p-1:F4', 'STANDARD', 6, 4, 'free');
INSERT INTO parking_spots (id, parking_lot_id, spot_number, zone, spot_row, spot_col, status) VALUES ('3c3d905f-fd0b-5555-9fe3-90a303a218ba', 'b231a846-7d40-5100-ba29-b9c0ca0ef9aa', 'f-c1-p-1:F5', 'STANDARD', 6, 5, 'free');
INSERT INTO parking_spots (id, parking_lot_id, spot_number, zone, spot_row, spot_col, status) VALUES ('4b84ffb1-07f5-54e2-8a4a-a581e3875abe', 'b231a846-7d40-5100-ba29-b9c0ca0ef9aa', 'f-c1-p-1:F6', 'STANDARD', 6, 6, 'free');
INSERT INTO parking_spots (id, parking_lot_id, spot_number, zone, spot_row, spot_col, status) VALUES ('d8ccac74-c72c-50c8-9e5b-a7deefeba2b5', 'b231a846-7d40-5100-ba29-b9c0ca0ef9aa', 'f-c1-p-1:F7', 'STANDARD', 6, 7, 'free');
INSERT INTO parking_spots (id, parking_lot_id, spot_number, zone, spot_row, spot_col, status) VALUES ('f8322e34-54bb-5780-a892-7ba3ce923feb', 'b231a846-7d40-5100-ba29-b9c0ca0ef9aa', 'f-c1-p-1:F8', 'STANDARD', 6, 8, 'free');
INSERT INTO parking_spots (id, parking_lot_id, spot_number, zone, spot_row, spot_col, status) VALUES ('586f1f70-ffb0-590e-8e0b-a917f4e79909', 'b231a846-7d40-5100-ba29-b9c0ca0ef9aa', 'f-c1-p-1:F9', 'STANDARD', 6, 9, 'free');
INSERT INTO parking_spots (id, parking_lot_id, spot_number, zone, spot_row, spot_col, status) VALUES ('d4ce9670-2188-5179-8a16-10f6297ead84', 'b231a846-7d40-5100-ba29-b9c0ca0ef9aa', 'f-c1-p-1:F10', 'STANDARD', 6, 10, 'free');

INSERT INTO parking_lots (id, name, city, address, latitude, longitude, opening_hours, total_spaces)
VALUES ('452ed8eb-d0a3-5d61-8428-572e946614a5', 'CoimbraShopping', 'Coimbra', 'Av. Mendes Silva, Coimbra', 40.194209, -8.409651, 'Aberto 24h', 60)
ON CONFLICT (id) DO UPDATE SET
  name = EXCLUDED.name,
  city = EXCLUDED.city,
  address = EXCLUDED.address,
  latitude = EXCLUDED.latitude,
  longitude = EXCLUDED.longitude,
  opening_hours = EXCLUDED.opening_hours,
  total_spaces = EXCLUDED.total_spaces;
DELETE FROM parking_lot_amenities WHERE parking_lot_id = '452ed8eb-d0a3-5d61-8428-572e946614a5';
INSERT INTO parking_lot_amenities (parking_lot_id, amenity) VALUES ('452ed8eb-d0a3-5d61-8428-572e946614a5', 'câmeras');
INSERT INTO tariffs (id, parking_lot_id, name, description, price_per_hour, max_daily, monthly, price_per_kwh, status)
VALUES ('4eb01b6a-347d-5877-bfdd-fdcbcbae7819', '452ed8eb-d0a3-5d61-8428-572e946614a5', 'Standard', 'Tarifa normal de estacionamento', 1.50, 12.00, 110.00, NULL, 'ACTIVE')
ON CONFLICT (id) DO UPDATE SET
  price_per_hour = EXCLUDED.price_per_hour,
  max_daily = EXCLUDED.max_daily,
  monthly = EXCLUDED.monthly,
  status = EXCLUDED.status;
DELETE FROM accessible_spots WHERE parking_lot_id = '452ed8eb-d0a3-5d61-8428-572e946614a5';
DELETE FROM parking_spots WHERE parking_lot_id = '452ed8eb-d0a3-5d61-8428-572e946614a5';
INSERT INTO parking_spots (id, parking_lot_id, spot_number, zone, spot_row, spot_col, status) VALUES ('b148f690-2758-5940-bff7-f411301ba6fe', '452ed8eb-d0a3-5d61-8428-572e946614a5', 'f-c2-p0:A1', 'STANDARD', 1, 1, 'free');
INSERT INTO parking_spots (id, parking_lot_id, spot_number, zone, spot_row, spot_col, status) VALUES ('b07b5a34-e1e8-55e4-b237-7e8ffb8fc6bc', '452ed8eb-d0a3-5d61-8428-572e946614a5', 'f-c2-p0:A2', 'ACCESSIBLE', 1, 2, 'accessible');
INSERT INTO parking_spots (id, parking_lot_id, spot_number, zone, spot_row, spot_col, status) VALUES ('e57ca363-60f4-5f8e-a381-6678658dbe65', '452ed8eb-d0a3-5d61-8428-572e946614a5', 'f-c2-p0:A3', 'STANDARD', 1, 3, 'occupied');
INSERT INTO parking_spots (id, parking_lot_id, spot_number, zone, spot_row, spot_col, status) VALUES ('9f7e9b6d-0157-5a56-a459-a571f3c0d220', '452ed8eb-d0a3-5d61-8428-572e946614a5', 'f-c2-p0:A4', 'STANDARD', 1, 4, 'free');
INSERT INTO parking_spots (id, parking_lot_id, spot_number, zone, spot_row, spot_col, status) VALUES ('8f705281-76d3-58dd-820d-8496a0b660e5', '452ed8eb-d0a3-5d61-8428-572e946614a5', 'f-c2-p0:A5', 'STANDARD', 1, 5, 'free');
INSERT INTO parking_spots (id, parking_lot_id, spot_number, zone, spot_row, spot_col, status) VALUES ('0f2a3eca-74dd-52a2-803d-6fbdd633d42c', '452ed8eb-d0a3-5d61-8428-572e946614a5', 'f-c2-p0:A6', 'STANDARD', 1, 6, 'occupied');
INSERT INTO parking_spots (id, parking_lot_id, spot_number, zone, spot_row, spot_col, status) VALUES ('14f527b8-3ae0-59e1-8fd8-e75232b16c74', '452ed8eb-d0a3-5d61-8428-572e946614a5', 'f-c2-p0:A7', 'STANDARD', 1, 7, 'free');
INSERT INTO parking_spots (id, parking_lot_id, spot_number, zone, spot_row, spot_col, status) VALUES ('6f267503-6d4b-557f-aa3e-5828332c40f8', '452ed8eb-d0a3-5d61-8428-572e946614a5', 'f-c2-p0:A8', 'STANDARD', 1, 8, 'free');
INSERT INTO parking_spots (id, parking_lot_id, spot_number, zone, spot_row, spot_col, status) VALUES ('d8bef22c-326e-5e21-a42e-f87bef0b4acb', '452ed8eb-d0a3-5d61-8428-572e946614a5', 'f-c2-p0:A9', 'STANDARD', 1, 9, 'occupied');
INSERT INTO parking_spots (id, parking_lot_id, spot_number, zone, spot_row, spot_col, status) VALUES ('ceef8a0f-9bfa-5743-be9a-f97fd74582d7', '452ed8eb-d0a3-5d61-8428-572e946614a5', 'f-c2-p0:A10', 'STANDARD', 1, 10, 'free');
INSERT INTO parking_spots (id, parking_lot_id, spot_number, zone, spot_row, spot_col, status) VALUES ('ea82e7df-ae58-520e-a871-99aa931c1ffb', '452ed8eb-d0a3-5d61-8428-572e946614a5', 'f-c2-p0:A11', 'STANDARD', 1, 11, 'free');
INSERT INTO parking_spots (id, parking_lot_id, spot_number, zone, spot_row, spot_col, status) VALUES ('b8527bcc-ffd3-5580-8eef-99c296e8bcb0', '452ed8eb-d0a3-5d61-8428-572e946614a5', 'f-c2-p0:A12', 'STANDARD', 1, 12, 'free');
INSERT INTO parking_spots (id, parking_lot_id, spot_number, zone, spot_row, spot_col, status) VALUES ('005690d5-81ac-5c8f-b85f-d93e47568e2d', '452ed8eb-d0a3-5d61-8428-572e946614a5', 'f-c2-p0:B1', 'STANDARD', 2, 1, 'occupied');
INSERT INTO parking_spots (id, parking_lot_id, spot_number, zone, spot_row, spot_col, status) VALUES ('5868c4c6-1b3e-5c7a-ae6c-c3bcde57797f', '452ed8eb-d0a3-5d61-8428-572e946614a5', 'f-c2-p0:B2', 'STANDARD', 2, 2, 'free');
INSERT INTO parking_spots (id, parking_lot_id, spot_number, zone, spot_row, spot_col, status) VALUES ('2b2ef441-e1e0-589d-bc01-4d53e9d66af5', '452ed8eb-d0a3-5d61-8428-572e946614a5', 'f-c2-p0:B3', 'STANDARD', 2, 3, 'free');
INSERT INTO parking_spots (id, parking_lot_id, spot_number, zone, spot_row, spot_col, status) VALUES ('c24b437b-338d-5658-8bb4-f9e2cdaa9b1a', '452ed8eb-d0a3-5d61-8428-572e946614a5', 'f-c2-p0:B4', 'STANDARD', 2, 4, 'occupied');
INSERT INTO parking_spots (id, parking_lot_id, spot_number, zone, spot_row, spot_col, status) VALUES ('663c05a4-0ce9-5bde-8780-bcdabf4f6e42', '452ed8eb-d0a3-5d61-8428-572e946614a5', 'f-c2-p0:B5', 'STANDARD', 2, 5, 'free');
INSERT INTO parking_spots (id, parking_lot_id, spot_number, zone, spot_row, spot_col, status) VALUES ('e0755ff1-dec7-54c5-b0e5-dd5e7c1752a4', '452ed8eb-d0a3-5d61-8428-572e946614a5', 'f-c2-p0:B6', 'STANDARD', 2, 6, 'free');
INSERT INTO parking_spots (id, parking_lot_id, spot_number, zone, spot_row, spot_col, status) VALUES ('deca8650-aff2-50b4-8e38-109286062c1c', '452ed8eb-d0a3-5d61-8428-572e946614a5', 'f-c2-p0:B7', 'STANDARD', 2, 7, 'free');
INSERT INTO parking_spots (id, parking_lot_id, spot_number, zone, spot_row, spot_col, status) VALUES ('17500773-1026-559a-a9e2-d76a5b5d19a8', '452ed8eb-d0a3-5d61-8428-572e946614a5', 'f-c2-p0:B8', 'STANDARD', 2, 8, 'free');
INSERT INTO parking_spots (id, parking_lot_id, spot_number, zone, spot_row, spot_col, status) VALUES ('0f491f6c-7914-50b3-9d30-aa269abc83a5', '452ed8eb-d0a3-5d61-8428-572e946614a5', 'f-c2-p0:B9', 'STANDARD', 2, 9, 'free');
INSERT INTO parking_spots (id, parking_lot_id, spot_number, zone, spot_row, spot_col, status) VALUES ('21fc7063-3204-5161-a2c0-6b090b5b1f9f', '452ed8eb-d0a3-5d61-8428-572e946614a5', 'f-c2-p0:B10', 'STANDARD', 2, 10, 'free');
INSERT INTO parking_spots (id, parking_lot_id, spot_number, zone, spot_row, spot_col, status) VALUES ('e7194dda-136d-5338-9ee6-4b1a66c3fc03', '452ed8eb-d0a3-5d61-8428-572e946614a5', 'f-c2-p0:B11', 'STANDARD', 2, 11, 'free');
INSERT INTO parking_spots (id, parking_lot_id, spot_number, zone, spot_row, spot_col, status) VALUES ('fb17cc8d-3eda-5cac-a5d3-ac8b18877ebd', '452ed8eb-d0a3-5d61-8428-572e946614a5', 'f-c2-p0:B12', 'STANDARD', 2, 12, 'free');
INSERT INTO parking_spots (id, parking_lot_id, spot_number, zone, spot_row, spot_col, status) VALUES ('05541e7a-b40e-58bb-9b5c-b1eda210bcab', '452ed8eb-d0a3-5d61-8428-572e946614a5', 'f-c2-p0:C1', 'STANDARD', 3, 1, 'free');
INSERT INTO parking_spots (id, parking_lot_id, spot_number, zone, spot_row, spot_col, status) VALUES ('4ea5244a-7955-53a5-932a-0cb4d666817b', '452ed8eb-d0a3-5d61-8428-572e946614a5', 'f-c2-p0:C2', 'STANDARD', 3, 2, 'free');
INSERT INTO parking_spots (id, parking_lot_id, spot_number, zone, spot_row, spot_col, status) VALUES ('ac7a8f50-9020-5870-8949-72c34bb25441', '452ed8eb-d0a3-5d61-8428-572e946614a5', 'f-c2-p0:C3', 'STANDARD', 3, 3, 'free');
INSERT INTO parking_spots (id, parking_lot_id, spot_number, zone, spot_row, spot_col, status) VALUES ('90e63f41-cfbc-58bf-a1d0-aaa17e3c9314', '452ed8eb-d0a3-5d61-8428-572e946614a5', 'f-c2-p0:C4', 'STANDARD', 3, 4, 'free');
INSERT INTO parking_spots (id, parking_lot_id, spot_number, zone, spot_row, spot_col, status) VALUES ('b0aa6ac0-45d2-5a54-afa3-0b56fcf41d96', '452ed8eb-d0a3-5d61-8428-572e946614a5', 'f-c2-p0:C5', 'STANDARD', 3, 5, 'free');
INSERT INTO parking_spots (id, parking_lot_id, spot_number, zone, spot_row, spot_col, status) VALUES ('7331ec32-a2ab-5790-9708-bf76be0e0816', '452ed8eb-d0a3-5d61-8428-572e946614a5', 'f-c2-p0:C6', 'STANDARD', 3, 6, 'free');
INSERT INTO parking_spots (id, parking_lot_id, spot_number, zone, spot_row, spot_col, status) VALUES ('f60cd940-3f62-523d-9431-1a722e21a7e7', '452ed8eb-d0a3-5d61-8428-572e946614a5', 'f-c2-p0:C7', 'STANDARD', 3, 7, 'free');
INSERT INTO parking_spots (id, parking_lot_id, spot_number, zone, spot_row, spot_col, status) VALUES ('750e86c0-ac4f-5bd5-9504-0ab6f593115e', '452ed8eb-d0a3-5d61-8428-572e946614a5', 'f-c2-p0:C8', 'STANDARD', 3, 8, 'free');
INSERT INTO parking_spots (id, parking_lot_id, spot_number, zone, spot_row, spot_col, status) VALUES ('faa373c9-a7e1-5cfc-8452-a1f15d5932d2', '452ed8eb-d0a3-5d61-8428-572e946614a5', 'f-c2-p0:C9', 'STANDARD', 3, 9, 'free');
INSERT INTO parking_spots (id, parking_lot_id, spot_number, zone, spot_row, spot_col, status) VALUES ('95ffad3b-844e-56ca-bf3e-7394a777fda2', '452ed8eb-d0a3-5d61-8428-572e946614a5', 'f-c2-p0:C10', 'STANDARD', 3, 10, 'free');
INSERT INTO parking_spots (id, parking_lot_id, spot_number, zone, spot_row, spot_col, status) VALUES ('1a0aa2ac-acce-50b7-9e87-5a1627073ba1', '452ed8eb-d0a3-5d61-8428-572e946614a5', 'f-c2-p0:C11', 'STANDARD', 3, 11, 'free');
INSERT INTO parking_spots (id, parking_lot_id, spot_number, zone, spot_row, spot_col, status) VALUES ('973bb9e4-d83f-58fa-8566-4f7996517660', '452ed8eb-d0a3-5d61-8428-572e946614a5', 'f-c2-p0:C12', 'STANDARD', 3, 12, 'free');
INSERT INTO parking_spots (id, parking_lot_id, spot_number, zone, spot_row, spot_col, status) VALUES ('031253a1-4dc3-566d-ab09-eac4a0aa1e65', '452ed8eb-d0a3-5d61-8428-572e946614a5', 'f-c2-p0:D1', 'STANDARD', 4, 1, 'free');
INSERT INTO parking_spots (id, parking_lot_id, spot_number, zone, spot_row, spot_col, status) VALUES ('ecc4ee8f-7e48-537e-b78e-aa7e492c0694', '452ed8eb-d0a3-5d61-8428-572e946614a5', 'f-c2-p0:D2', 'STANDARD', 4, 2, 'free');
INSERT INTO parking_spots (id, parking_lot_id, spot_number, zone, spot_row, spot_col, status) VALUES ('14714e9d-2ddd-5efc-a80f-f5863b679cd8', '452ed8eb-d0a3-5d61-8428-572e946614a5', 'f-c2-p0:D3', 'STANDARD', 4, 3, 'free');
INSERT INTO parking_spots (id, parking_lot_id, spot_number, zone, spot_row, spot_col, status) VALUES ('373f298a-dadf-5808-b04d-92e4b469cf85', '452ed8eb-d0a3-5d61-8428-572e946614a5', 'f-c2-p0:D4', 'STANDARD', 4, 4, 'free');
INSERT INTO parking_spots (id, parking_lot_id, spot_number, zone, spot_row, spot_col, status) VALUES ('de252d5f-b624-5e0d-9756-f85db659f0ba', '452ed8eb-d0a3-5d61-8428-572e946614a5', 'f-c2-p0:D5', 'STANDARD', 4, 5, 'free');
INSERT INTO parking_spots (id, parking_lot_id, spot_number, zone, spot_row, spot_col, status) VALUES ('d16a5c9a-1831-5f96-95e4-b86ba191d813', '452ed8eb-d0a3-5d61-8428-572e946614a5', 'f-c2-p0:D6', 'STANDARD', 4, 6, 'free');
INSERT INTO parking_spots (id, parking_lot_id, spot_number, zone, spot_row, spot_col, status) VALUES ('3178f176-457d-5f71-a074-7e49754a29cc', '452ed8eb-d0a3-5d61-8428-572e946614a5', 'f-c2-p0:D7', 'STANDARD', 4, 7, 'free');
INSERT INTO parking_spots (id, parking_lot_id, spot_number, zone, spot_row, spot_col, status) VALUES ('56c84407-047a-5cf5-815e-4ca4f528d10f', '452ed8eb-d0a3-5d61-8428-572e946614a5', 'f-c2-p0:D8', 'STANDARD', 4, 8, 'free');
INSERT INTO parking_spots (id, parking_lot_id, spot_number, zone, spot_row, spot_col, status) VALUES ('eb370340-0af3-5cc2-9b37-3a69f0bb4222', '452ed8eb-d0a3-5d61-8428-572e946614a5', 'f-c2-p0:D9', 'STANDARD', 4, 9, 'free');
INSERT INTO parking_spots (id, parking_lot_id, spot_number, zone, spot_row, spot_col, status) VALUES ('96b0a473-cfc0-5872-b419-7a00aed941bd', '452ed8eb-d0a3-5d61-8428-572e946614a5', 'f-c2-p0:D10', 'STANDARD', 4, 10, 'free');
INSERT INTO parking_spots (id, parking_lot_id, spot_number, zone, spot_row, spot_col, status) VALUES ('457c6aa9-e3e0-5f1e-aa31-b0d2463e6a4a', '452ed8eb-d0a3-5d61-8428-572e946614a5', 'f-c2-p0:D11', 'STANDARD', 4, 11, 'free');
INSERT INTO parking_spots (id, parking_lot_id, spot_number, zone, spot_row, spot_col, status) VALUES ('13546ed7-2200-5c68-80b5-e0125105a19b', '452ed8eb-d0a3-5d61-8428-572e946614a5', 'f-c2-p0:D12', 'STANDARD', 4, 12, 'free');
INSERT INTO parking_spots (id, parking_lot_id, spot_number, zone, spot_row, spot_col, status) VALUES ('3d1c7ae6-49f6-526f-856e-bf527c5a13ac', '452ed8eb-d0a3-5d61-8428-572e946614a5', 'f-c2-p0:E1', 'STANDARD', 5, 1, 'free');
INSERT INTO parking_spots (id, parking_lot_id, spot_number, zone, spot_row, spot_col, status) VALUES ('a2dfc9c8-0fc6-5eb2-9ca2-5ab32dbde18f', '452ed8eb-d0a3-5d61-8428-572e946614a5', 'f-c2-p0:E2', 'STANDARD', 5, 2, 'free');
INSERT INTO parking_spots (id, parking_lot_id, spot_number, zone, spot_row, spot_col, status) VALUES ('c9201a35-57fc-53e3-bef3-2da7cb3fa54e', '452ed8eb-d0a3-5d61-8428-572e946614a5', 'f-c2-p0:E3', 'STANDARD', 5, 3, 'free');
INSERT INTO parking_spots (id, parking_lot_id, spot_number, zone, spot_row, spot_col, status) VALUES ('4f808374-2c71-5c66-a624-80abbe9d849a', '452ed8eb-d0a3-5d61-8428-572e946614a5', 'f-c2-p0:E4', 'STANDARD', 5, 4, 'free');
INSERT INTO parking_spots (id, parking_lot_id, spot_number, zone, spot_row, spot_col, status) VALUES ('6dd7dce1-abd1-5d7d-8a42-de0974369796', '452ed8eb-d0a3-5d61-8428-572e946614a5', 'f-c2-p0:E5', 'STANDARD', 5, 5, 'free');
INSERT INTO parking_spots (id, parking_lot_id, spot_number, zone, spot_row, spot_col, status) VALUES ('58699dda-3881-5222-a046-bd6bb6cf65dd', '452ed8eb-d0a3-5d61-8428-572e946614a5', 'f-c2-p0:E6', 'STANDARD', 5, 6, 'free');
INSERT INTO parking_spots (id, parking_lot_id, spot_number, zone, spot_row, spot_col, status) VALUES ('96717eec-7f6f-5171-8e7d-fc0e039538cb', '452ed8eb-d0a3-5d61-8428-572e946614a5', 'f-c2-p0:E7', 'STANDARD', 5, 7, 'free');
INSERT INTO parking_spots (id, parking_lot_id, spot_number, zone, spot_row, spot_col, status) VALUES ('891ac860-b540-5eca-8374-1610be9bafcc', '452ed8eb-d0a3-5d61-8428-572e946614a5', 'f-c2-p0:E8', 'STANDARD', 5, 8, 'free');
INSERT INTO parking_spots (id, parking_lot_id, spot_number, zone, spot_row, spot_col, status) VALUES ('76f6373a-638a-5157-98d7-51adfe8c1f16', '452ed8eb-d0a3-5d61-8428-572e946614a5', 'f-c2-p0:E9', 'STANDARD', 5, 9, 'free');
INSERT INTO parking_spots (id, parking_lot_id, spot_number, zone, spot_row, spot_col, status) VALUES ('796c3647-0f2d-50b6-8559-5f6ce4ab9492', '452ed8eb-d0a3-5d61-8428-572e946614a5', 'f-c2-p0:E10', 'STANDARD', 5, 10, 'free');
INSERT INTO parking_spots (id, parking_lot_id, spot_number, zone, spot_row, spot_col, status) VALUES ('c16c30fa-bc2d-5b15-a7bc-e6584d24533d', '452ed8eb-d0a3-5d61-8428-572e946614a5', 'f-c2-p0:E11', 'STANDARD', 5, 11, 'free');
INSERT INTO parking_spots (id, parking_lot_id, spot_number, zone, spot_row, spot_col, status) VALUES ('07ece4d2-8c50-5e73-b6d8-4c5dc3e9442e', '452ed8eb-d0a3-5d61-8428-572e946614a5', 'f-c2-p0:E12', 'STANDARD', 5, 12, 'free');
INSERT INTO parking_spots (id, parking_lot_id, spot_number, zone, spot_row, spot_col, status) VALUES ('f1d6493d-89f5-5f42-8d1a-a7b1e249b083', '452ed8eb-d0a3-5d61-8428-572e946614a5', 'f-c2-p-1:A1', 'STANDARD', 1, 1, 'free');
INSERT INTO parking_spots (id, parking_lot_id, spot_number, zone, spot_row, spot_col, status) VALUES ('18c1f531-9767-5123-81b7-2f51ab2609ff', '452ed8eb-d0a3-5d61-8428-572e946614a5', 'f-c2-p-1:A2', 'STANDARD', 1, 2, 'occupied');
INSERT INTO parking_spots (id, parking_lot_id, spot_number, zone, spot_row, spot_col, status) VALUES ('95b29dfa-0d80-585d-85c2-5dd6d3957c19', '452ed8eb-d0a3-5d61-8428-572e946614a5', 'f-c2-p-1:A3', 'STANDARD', 1, 3, 'free');
INSERT INTO parking_spots (id, parking_lot_id, spot_number, zone, spot_row, spot_col, status) VALUES ('312dee43-4211-5d7e-a64f-c3989d20585a', '452ed8eb-d0a3-5d61-8428-572e946614a5', 'f-c2-p-1:A4', 'STANDARD', 1, 4, 'occupied');
INSERT INTO parking_spots (id, parking_lot_id, spot_number, zone, spot_row, spot_col, status) VALUES ('1ba6bbdb-8295-5631-ba3a-f05477f3c598', '452ed8eb-d0a3-5d61-8428-572e946614a5', 'f-c2-p-1:A5', 'STANDARD', 1, 5, 'free');
INSERT INTO parking_spots (id, parking_lot_id, spot_number, zone, spot_row, spot_col, status) VALUES ('240f2ecb-b6a1-56d0-a6b1-6e41967ec2a5', '452ed8eb-d0a3-5d61-8428-572e946614a5', 'f-c2-p-1:A6', 'STANDARD', 1, 6, 'free');
INSERT INTO parking_spots (id, parking_lot_id, spot_number, zone, spot_row, spot_col, status) VALUES ('fcb47a6a-4b74-5579-b3e3-d9824e0ecc60', '452ed8eb-d0a3-5d61-8428-572e946614a5', 'f-c2-p-1:A7', 'STANDARD', 1, 7, 'free');
INSERT INTO parking_spots (id, parking_lot_id, spot_number, zone, spot_row, spot_col, status) VALUES ('b9201dc1-e480-5899-bc2d-2371f6f861e3', '452ed8eb-d0a3-5d61-8428-572e946614a5', 'f-c2-p-1:A8', 'STANDARD', 1, 8, 'free');
INSERT INTO parking_spots (id, parking_lot_id, spot_number, zone, spot_row, spot_col, status) VALUES ('d75d66fd-ad69-50ce-a0b4-dab737764928', '452ed8eb-d0a3-5d61-8428-572e946614a5', 'f-c2-p-1:A9', 'STANDARD', 1, 9, 'free');
INSERT INTO parking_spots (id, parking_lot_id, spot_number, zone, spot_row, spot_col, status) VALUES ('5d133b1c-74f9-5165-80bf-f57993bfb883', '452ed8eb-d0a3-5d61-8428-572e946614a5', 'f-c2-p-1:A10', 'STANDARD', 1, 10, 'free');
INSERT INTO parking_spots (id, parking_lot_id, spot_number, zone, spot_row, spot_col, status) VALUES ('7a516d66-d268-5f3e-b98b-a310d522e7f4', '452ed8eb-d0a3-5d61-8428-572e946614a5', 'f-c2-p-1:A11', 'STANDARD', 1, 11, 'occupied');
INSERT INTO parking_spots (id, parking_lot_id, spot_number, zone, spot_row, spot_col, status) VALUES ('e0adaba3-f9b2-5e7c-a81f-8a497db4c9ef', '452ed8eb-d0a3-5d61-8428-572e946614a5', 'f-c2-p-1:A12', 'STANDARD', 1, 12, 'free');
INSERT INTO parking_spots (id, parking_lot_id, spot_number, zone, spot_row, spot_col, status) VALUES ('019e48d5-cd7a-5eb1-b437-c51b6ed59bc6', '452ed8eb-d0a3-5d61-8428-572e946614a5', 'f-c2-p-1:B1', 'STANDARD', 2, 1, 'free');
INSERT INTO parking_spots (id, parking_lot_id, spot_number, zone, spot_row, spot_col, status) VALUES ('2eb35d33-11c2-5b53-b0ff-cb76a0b1ed98', '452ed8eb-d0a3-5d61-8428-572e946614a5', 'f-c2-p-1:B2', 'STANDARD', 2, 2, 'free');
INSERT INTO parking_spots (id, parking_lot_id, spot_number, zone, spot_row, spot_col, status) VALUES ('67a98697-9a35-5325-8d96-420e727c4327', '452ed8eb-d0a3-5d61-8428-572e946614a5', 'f-c2-p-1:B3', 'STANDARD', 2, 3, 'free');
INSERT INTO parking_spots (id, parking_lot_id, spot_number, zone, spot_row, spot_col, status) VALUES ('4b8d96dc-be5a-5f9a-afa6-7291e7d308c1', '452ed8eb-d0a3-5d61-8428-572e946614a5', 'f-c2-p-1:B4', 'STANDARD', 2, 4, 'free');
INSERT INTO parking_spots (id, parking_lot_id, spot_number, zone, spot_row, spot_col, status) VALUES ('9de45e80-33e3-53d5-9991-7832dbb6efd8', '452ed8eb-d0a3-5d61-8428-572e946614a5', 'f-c2-p-1:B5', 'STANDARD', 2, 5, 'free');
INSERT INTO parking_spots (id, parking_lot_id, spot_number, zone, spot_row, spot_col, status) VALUES ('011ea590-1434-5038-b7b7-6df5d19f92a2', '452ed8eb-d0a3-5d61-8428-572e946614a5', 'f-c2-p-1:B6', 'STANDARD', 2, 6, 'free');
INSERT INTO parking_spots (id, parking_lot_id, spot_number, zone, spot_row, spot_col, status) VALUES ('1a3e5854-f108-5255-852c-c617dd41216a', '452ed8eb-d0a3-5d61-8428-572e946614a5', 'f-c2-p-1:B7', 'STANDARD', 2, 7, 'free');
INSERT INTO parking_spots (id, parking_lot_id, spot_number, zone, spot_row, spot_col, status) VALUES ('3f15b5a6-cf78-5079-90b2-813253f047c9', '452ed8eb-d0a3-5d61-8428-572e946614a5', 'f-c2-p-1:B8', 'STANDARD', 2, 8, 'free');
INSERT INTO parking_spots (id, parking_lot_id, spot_number, zone, spot_row, spot_col, status) VALUES ('3c9eefc1-7a86-59ce-a052-68384dbc6c24', '452ed8eb-d0a3-5d61-8428-572e946614a5', 'f-c2-p-1:B9', 'STANDARD', 2, 9, 'free');
INSERT INTO parking_spots (id, parking_lot_id, spot_number, zone, spot_row, spot_col, status) VALUES ('2b612695-6dd7-5176-b455-a8e4f2cb86b1', '452ed8eb-d0a3-5d61-8428-572e946614a5', 'f-c2-p-1:B10', 'STANDARD', 2, 10, 'free');
INSERT INTO parking_spots (id, parking_lot_id, spot_number, zone, spot_row, spot_col, status) VALUES ('4134d106-dee0-5b94-9a09-17bd3ceee873', '452ed8eb-d0a3-5d61-8428-572e946614a5', 'f-c2-p-1:B11', 'STANDARD', 2, 11, 'free');
INSERT INTO parking_spots (id, parking_lot_id, spot_number, zone, spot_row, spot_col, status) VALUES ('09b210f4-1a60-54f8-86b5-7a546148ed79', '452ed8eb-d0a3-5d61-8428-572e946614a5', 'f-c2-p-1:B12', 'STANDARD', 2, 12, 'free');
INSERT INTO parking_spots (id, parking_lot_id, spot_number, zone, spot_row, spot_col, status) VALUES ('0f0c78d1-0e11-55e4-be5b-7753ab9fc25f', '452ed8eb-d0a3-5d61-8428-572e946614a5', 'f-c2-p-1:C1', 'STANDARD', 3, 1, 'free');
INSERT INTO parking_spots (id, parking_lot_id, spot_number, zone, spot_row, spot_col, status) VALUES ('78c1faf1-e821-553e-920c-b1789591d4a8', '452ed8eb-d0a3-5d61-8428-572e946614a5', 'f-c2-p-1:C2', 'STANDARD', 3, 2, 'free');
INSERT INTO parking_spots (id, parking_lot_id, spot_number, zone, spot_row, spot_col, status) VALUES ('d29433e0-34c6-56fd-91df-186bd6e89e52', '452ed8eb-d0a3-5d61-8428-572e946614a5', 'f-c2-p-1:C3', 'STANDARD', 3, 3, 'free');
INSERT INTO parking_spots (id, parking_lot_id, spot_number, zone, spot_row, spot_col, status) VALUES ('897239aa-03c0-518a-8469-afb682140bce', '452ed8eb-d0a3-5d61-8428-572e946614a5', 'f-c2-p-1:C4', 'STANDARD', 3, 4, 'free');
INSERT INTO parking_spots (id, parking_lot_id, spot_number, zone, spot_row, spot_col, status) VALUES ('988d8f34-ecc6-5f0a-bdab-7b07662d03c3', '452ed8eb-d0a3-5d61-8428-572e946614a5', 'f-c2-p-1:C5', 'STANDARD', 3, 5, 'free');
INSERT INTO parking_spots (id, parking_lot_id, spot_number, zone, spot_row, spot_col, status) VALUES ('9eda6eb5-7e59-5868-bf2e-74acc8e9383b', '452ed8eb-d0a3-5d61-8428-572e946614a5', 'f-c2-p-1:C6', 'STANDARD', 3, 6, 'free');
INSERT INTO parking_spots (id, parking_lot_id, spot_number, zone, spot_row, spot_col, status) VALUES ('fd92f118-6b49-5e08-8212-4e6bb0ff55f0', '452ed8eb-d0a3-5d61-8428-572e946614a5', 'f-c2-p-1:C7', 'STANDARD', 3, 7, 'free');
INSERT INTO parking_spots (id, parking_lot_id, spot_number, zone, spot_row, spot_col, status) VALUES ('73d2e155-5e8b-5539-97d7-59dbc40ef5cb', '452ed8eb-d0a3-5d61-8428-572e946614a5', 'f-c2-p-1:C8', 'STANDARD', 3, 8, 'free');
INSERT INTO parking_spots (id, parking_lot_id, spot_number, zone, spot_row, spot_col, status) VALUES ('e6c892d2-ca93-5bc1-81cb-406d925fdd50', '452ed8eb-d0a3-5d61-8428-572e946614a5', 'f-c2-p-1:C9', 'STANDARD', 3, 9, 'free');
INSERT INTO parking_spots (id, parking_lot_id, spot_number, zone, spot_row, spot_col, status) VALUES ('7811bf0a-8f84-5a58-bfa0-457c7f3293b6', '452ed8eb-d0a3-5d61-8428-572e946614a5', 'f-c2-p-1:C10', 'STANDARD', 3, 10, 'free');
INSERT INTO parking_spots (id, parking_lot_id, spot_number, zone, spot_row, spot_col, status) VALUES ('b5d4b860-0645-5d62-86ce-3455522efcb9', '452ed8eb-d0a3-5d61-8428-572e946614a5', 'f-c2-p-1:C11', 'STANDARD', 3, 11, 'free');
INSERT INTO parking_spots (id, parking_lot_id, spot_number, zone, spot_row, spot_col, status) VALUES ('2bdd4d73-cb8e-5b95-b550-35799becb946', '452ed8eb-d0a3-5d61-8428-572e946614a5', 'f-c2-p-1:C12', 'STANDARD', 3, 12, 'free');
INSERT INTO parking_spots (id, parking_lot_id, spot_number, zone, spot_row, spot_col, status) VALUES ('ca836ca2-ad41-5617-b62e-fb1b802fd390', '452ed8eb-d0a3-5d61-8428-572e946614a5', 'f-c2-p-1:D1', 'STANDARD', 4, 1, 'free');
INSERT INTO parking_spots (id, parking_lot_id, spot_number, zone, spot_row, spot_col, status) VALUES ('9f01c41d-fe43-5276-9c0c-715426fab11d', '452ed8eb-d0a3-5d61-8428-572e946614a5', 'f-c2-p-1:D2', 'STANDARD', 4, 2, 'free');
INSERT INTO parking_spots (id, parking_lot_id, spot_number, zone, spot_row, spot_col, status) VALUES ('26168e29-380e-5837-8b3f-cfcda9d1d4b0', '452ed8eb-d0a3-5d61-8428-572e946614a5', 'f-c2-p-1:D3', 'STANDARD', 4, 3, 'free');
INSERT INTO parking_spots (id, parking_lot_id, spot_number, zone, spot_row, spot_col, status) VALUES ('90f86004-6104-5ef7-a85d-6ff1b22560cb', '452ed8eb-d0a3-5d61-8428-572e946614a5', 'f-c2-p-1:D4', 'STANDARD', 4, 4, 'free');
INSERT INTO parking_spots (id, parking_lot_id, spot_number, zone, spot_row, spot_col, status) VALUES ('97259fb5-3c83-5251-9c3e-410c838ae971', '452ed8eb-d0a3-5d61-8428-572e946614a5', 'f-c2-p-1:D5', 'STANDARD', 4, 5, 'free');
INSERT INTO parking_spots (id, parking_lot_id, spot_number, zone, spot_row, spot_col, status) VALUES ('6d07bfe4-3136-57ed-a743-1e78c4b14c94', '452ed8eb-d0a3-5d61-8428-572e946614a5', 'f-c2-p-1:D6', 'STANDARD', 4, 6, 'free');
INSERT INTO parking_spots (id, parking_lot_id, spot_number, zone, spot_row, spot_col, status) VALUES ('c2152ed4-4d0a-513d-9b7a-4caee054213e', '452ed8eb-d0a3-5d61-8428-572e946614a5', 'f-c2-p-1:D7', 'STANDARD', 4, 7, 'free');
INSERT INTO parking_spots (id, parking_lot_id, spot_number, zone, spot_row, spot_col, status) VALUES ('fa2c4d82-6165-5c2f-9de8-355395f15e26', '452ed8eb-d0a3-5d61-8428-572e946614a5', 'f-c2-p-1:D8', 'STANDARD', 4, 8, 'free');
INSERT INTO parking_spots (id, parking_lot_id, spot_number, zone, spot_row, spot_col, status) VALUES ('3d46b131-69f4-53df-ae91-bb911a593aba', '452ed8eb-d0a3-5d61-8428-572e946614a5', 'f-c2-p-1:D9', 'STANDARD', 4, 9, 'free');
INSERT INTO parking_spots (id, parking_lot_id, spot_number, zone, spot_row, spot_col, status) VALUES ('788b2176-6c68-5295-ba80-30e844cddb76', '452ed8eb-d0a3-5d61-8428-572e946614a5', 'f-c2-p-1:D10', 'STANDARD', 4, 10, 'free');
INSERT INTO parking_spots (id, parking_lot_id, spot_number, zone, spot_row, spot_col, status) VALUES ('8ff6e352-b558-5c5f-825c-7ea1a68cf29f', '452ed8eb-d0a3-5d61-8428-572e946614a5', 'f-c2-p-1:D11', 'STANDARD', 4, 11, 'free');
INSERT INTO parking_spots (id, parking_lot_id, spot_number, zone, spot_row, spot_col, status) VALUES ('d1147e4e-1863-5f38-959f-da9a63f632d2', '452ed8eb-d0a3-5d61-8428-572e946614a5', 'f-c2-p-1:D12', 'STANDARD', 4, 12, 'free');
INSERT INTO parking_spots (id, parking_lot_id, spot_number, zone, spot_row, spot_col, status) VALUES ('1388399f-f745-56a9-b7a4-b79e6b58612b', '452ed8eb-d0a3-5d61-8428-572e946614a5', 'f-c2-p-1:E1', 'STANDARD', 5, 1, 'free');
INSERT INTO parking_spots (id, parking_lot_id, spot_number, zone, spot_row, spot_col, status) VALUES ('955e8c3f-55d9-5fb4-a43f-4a18b771f8fa', '452ed8eb-d0a3-5d61-8428-572e946614a5', 'f-c2-p-1:E2', 'STANDARD', 5, 2, 'free');
INSERT INTO parking_spots (id, parking_lot_id, spot_number, zone, spot_row, spot_col, status) VALUES ('26fcd4eb-5193-5de8-94a5-99ce6998aa6f', '452ed8eb-d0a3-5d61-8428-572e946614a5', 'f-c2-p-1:E3', 'STANDARD', 5, 3, 'free');
INSERT INTO parking_spots (id, parking_lot_id, spot_number, zone, spot_row, spot_col, status) VALUES ('2741e51e-48f0-5e33-b18a-ccd5d86296a2', '452ed8eb-d0a3-5d61-8428-572e946614a5', 'f-c2-p-1:E4', 'STANDARD', 5, 4, 'free');
INSERT INTO parking_spots (id, parking_lot_id, spot_number, zone, spot_row, spot_col, status) VALUES ('adf406f3-9684-57bd-b3be-d87a385f11c2', '452ed8eb-d0a3-5d61-8428-572e946614a5', 'f-c2-p-1:E5', 'STANDARD', 5, 5, 'free');
INSERT INTO parking_spots (id, parking_lot_id, spot_number, zone, spot_row, spot_col, status) VALUES ('6bee4470-662f-5045-b0d3-ae4609793b4e', '452ed8eb-d0a3-5d61-8428-572e946614a5', 'f-c2-p-1:E6', 'STANDARD', 5, 6, 'free');
INSERT INTO parking_spots (id, parking_lot_id, spot_number, zone, spot_row, spot_col, status) VALUES ('25fefee0-64e5-52de-ab77-8bad2e7d48bc', '452ed8eb-d0a3-5d61-8428-572e946614a5', 'f-c2-p-1:E7', 'STANDARD', 5, 7, 'free');
INSERT INTO parking_spots (id, parking_lot_id, spot_number, zone, spot_row, spot_col, status) VALUES ('4d23acda-55cf-5f78-a636-8915dc5201ad', '452ed8eb-d0a3-5d61-8428-572e946614a5', 'f-c2-p-1:E8', 'STANDARD', 5, 8, 'free');
INSERT INTO parking_spots (id, parking_lot_id, spot_number, zone, spot_row, spot_col, status) VALUES ('c68e142f-cf43-5609-b566-fb2afc014b9c', '452ed8eb-d0a3-5d61-8428-572e946614a5', 'f-c2-p-1:E9', 'STANDARD', 5, 9, 'free');
INSERT INTO parking_spots (id, parking_lot_id, spot_number, zone, spot_row, spot_col, status) VALUES ('088c4291-8128-5d9d-8c39-ecfae07304ee', '452ed8eb-d0a3-5d61-8428-572e946614a5', 'f-c2-p-1:E10', 'STANDARD', 5, 10, 'free');
INSERT INTO parking_spots (id, parking_lot_id, spot_number, zone, spot_row, spot_col, status) VALUES ('83264eec-ad15-566d-89c4-290cfac7c6a1', '452ed8eb-d0a3-5d61-8428-572e946614a5', 'f-c2-p-1:E11', 'STANDARD', 5, 11, 'free');
INSERT INTO parking_spots (id, parking_lot_id, spot_number, zone, spot_row, spot_col, status) VALUES ('f3ab36ea-fb6d-56f7-8dd2-a038ee90cace', '452ed8eb-d0a3-5d61-8428-572e946614a5', 'f-c2-p-1:E12', 'STANDARD', 5, 12, 'free');

INSERT INTO parking_lots (id, name, city, address, latitude, longitude, opening_hours, total_spaces)
VALUES ('4731819f-a806-5c1f-be8c-a478d4276840', 'Fórum Aveiro', 'Aveiro', 'R. do Batalhão de Caçadores 10, Aveiro', 40.640957, -8.651345, '07h00 - 23h00', 85)
ON CONFLICT (id) DO UPDATE SET
  name = EXCLUDED.name,
  city = EXCLUDED.city,
  address = EXCLUDED.address,
  latitude = EXCLUDED.latitude,
  longitude = EXCLUDED.longitude,
  opening_hours = EXCLUDED.opening_hours,
  total_spaces = EXCLUDED.total_spaces;
DELETE FROM parking_lot_amenities WHERE parking_lot_id = '4731819f-a806-5c1f-be8c-a478d4276840';
INSERT INTO parking_lot_amenities (parking_lot_id, amenity) VALUES ('4731819f-a806-5c1f-be8c-a478d4276840', 'câmeras');
INSERT INTO parking_lot_amenities (parking_lot_id, amenity) VALUES ('4731819f-a806-5c1f-be8c-a478d4276840', 'elevador');
INSERT INTO parking_lot_amenities (parking_lot_id, amenity) VALUES ('4731819f-a806-5c1f-be8c-a478d4276840', 'wc');
INSERT INTO tariffs (id, parking_lot_id, name, description, price_per_hour, max_daily, monthly, price_per_kwh, status)
VALUES ('2db768fd-833e-5a37-8846-dbc65cf8b7fc', '4731819f-a806-5c1f-be8c-a478d4276840', 'Standard', 'Tarifa normal de estacionamento', 1.50, 12.00, 120.00, NULL, 'ACTIVE')
ON CONFLICT (id) DO UPDATE SET
  price_per_hour = EXCLUDED.price_per_hour,
  max_daily = EXCLUDED.max_daily,
  monthly = EXCLUDED.monthly,
  status = EXCLUDED.status;
DELETE FROM ev_chargers WHERE parking_lot_id = '4731819f-a806-5c1f-be8c-a478d4276840';
DELETE FROM accessible_spots WHERE parking_lot_id = '4731819f-a806-5c1f-be8c-a478d4276840';
DELETE FROM parking_spots WHERE parking_lot_id = '4731819f-a806-5c1f-be8c-a478d4276840';
INSERT INTO parking_spots (id, parking_lot_id, spot_number, zone, spot_row, spot_col, status) VALUES ('a3c37606-d3d9-5cb3-9540-3a2547e4b0a2', '4731819f-a806-5c1f-be8c-a478d4276840', 'f-a1-p0:A1', 'ACCESSIBLE', 1, 1, 'accessible');
INSERT INTO parking_spots (id, parking_lot_id, spot_number, zone, spot_row, spot_col, status) VALUES ('905b89be-7bb8-5b95-8b11-1c078d5ddd6c', '4731819f-a806-5c1f-be8c-a478d4276840', 'f-a1-p0:A2', 'STANDARD', 1, 2, 'occupied');
INSERT INTO parking_spots (id, parking_lot_id, spot_number, zone, spot_row, spot_col, status) VALUES ('5f13a1be-93e7-5c26-9826-eaac8e370515', '4731819f-a806-5c1f-be8c-a478d4276840', 'f-a1-p0:A3', 'STANDARD', 1, 3, 'free');
INSERT INTO parking_spots (id, parking_lot_id, spot_number, zone, spot_row, spot_col, status) VALUES ('49f43bb8-6de8-5bf4-954e-62d5013cd270', '4731819f-a806-5c1f-be8c-a478d4276840', 'f-a1-p0:A4', 'STANDARD', 1, 4, 'free');
INSERT INTO parking_spots (id, parking_lot_id, spot_number, zone, spot_row, spot_col, status) VALUES ('c188ca1e-43d7-59bf-bc15-e697388ded0a', '4731819f-a806-5c1f-be8c-a478d4276840', 'f-a1-p0:A5', 'STANDARD', 1, 5, 'occupied');
INSERT INTO parking_spots (id, parking_lot_id, spot_number, zone, spot_row, spot_col, status) VALUES ('9075d320-acf4-55a2-8522-661e8e6190d2', '4731819f-a806-5c1f-be8c-a478d4276840', 'f-a1-p0:A6', 'STANDARD', 1, 6, 'free');
INSERT INTO parking_spots (id, parking_lot_id, spot_number, zone, spot_row, spot_col, status) VALUES ('e5aca089-7f9b-5d78-9d15-4e4a53941123', '4731819f-a806-5c1f-be8c-a478d4276840', 'f-a1-p0:A7', 'STANDARD', 1, 7, 'free');
INSERT INTO parking_spots (id, parking_lot_id, spot_number, zone, spot_row, spot_col, status) VALUES ('e5072d62-89f5-575c-b4e4-02ac1d17899f', '4731819f-a806-5c1f-be8c-a478d4276840', 'f-a1-p0:A8', 'STANDARD', 1, 8, 'occupied');
INSERT INTO parking_spots (id, parking_lot_id, spot_number, zone, spot_row, spot_col, status) VALUES ('0103e0ec-4971-5ae6-b304-ca06311f55bd', '4731819f-a806-5c1f-be8c-a478d4276840', 'f-a1-p0:A9', 'STANDARD', 1, 9, 'free');
INSERT INTO parking_spots (id, parking_lot_id, spot_number, zone, spot_row, spot_col, status) VALUES ('b2fb3033-c2ad-552f-b2de-3ada83be2b74', '4731819f-a806-5c1f-be8c-a478d4276840', 'f-a1-p0:A10', 'STANDARD', 1, 10, 'free');
INSERT INTO parking_spots (id, parking_lot_id, spot_number, zone, spot_row, spot_col, status) VALUES ('d3dfe4d5-e1ab-51b0-8e48-4b864f34095c', '4731819f-a806-5c1f-be8c-a478d4276840', 'f-a1-p0:A11', 'STANDARD', 1, 11, 'occupied');
INSERT INTO parking_spots (id, parking_lot_id, spot_number, zone, spot_row, spot_col, status) VALUES ('262705f9-e83d-5541-9d05-36e6d4d952fa', '4731819f-a806-5c1f-be8c-a478d4276840', 'f-a1-p0:A12', 'STANDARD', 1, 12, 'free');
INSERT INTO parking_spots (id, parking_lot_id, spot_number, zone, spot_row, spot_col, status) VALUES ('314771c9-62cb-56b3-9fa2-fc5aea517209', '4731819f-a806-5c1f-be8c-a478d4276840', 'f-a1-p0:A13', 'STANDARD', 1, 13, 'free');
INSERT INTO parking_spots (id, parking_lot_id, spot_number, zone, spot_row, spot_col, status) VALUES ('f43492ef-3cd8-5404-afe2-fb5c2c8f785b', '4731819f-a806-5c1f-be8c-a478d4276840', 'f-a1-p0:A14', 'STANDARD', 1, 14, 'occupied');
INSERT INTO parking_spots (id, parking_lot_id, spot_number, zone, spot_row, spot_col, status) VALUES ('77702636-0479-51eb-ba48-d5a37a1d8e5a', '4731819f-a806-5c1f-be8c-a478d4276840', 'f-a1-p0:A15', 'STANDARD', 1, 15, 'free');
INSERT INTO parking_spots (id, parking_lot_id, spot_number, zone, spot_row, spot_col, status) VALUES ('41cf0ffe-4eee-5c39-bd07-dc9ef2966b1d', '4731819f-a806-5c1f-be8c-a478d4276840', 'f-a1-p0:A16', 'STANDARD', 1, 16, 'free');
INSERT INTO parking_spots (id, parking_lot_id, spot_number, zone, spot_row, spot_col, status) VALUES ('d2632e84-b074-5f48-bbd8-7926bb6217ca', '4731819f-a806-5c1f-be8c-a478d4276840', 'f-a1-p0:A17', 'STANDARD', 1, 17, 'free');
INSERT INTO parking_spots (id, parking_lot_id, spot_number, zone, spot_row, spot_col, status) VALUES ('6c73afc2-997a-5155-a41a-26e5b4478364', '4731819f-a806-5c1f-be8c-a478d4276840', 'f-a1-p0:B1', 'STANDARD', 2, 1, 'free');
INSERT INTO parking_spots (id, parking_lot_id, spot_number, zone, spot_row, spot_col, status) VALUES ('165388ed-32c2-5d86-8742-3fb17cd0a8b6', '4731819f-a806-5c1f-be8c-a478d4276840', 'f-a1-p0:B2', 'STANDARD', 2, 2, 'free');
INSERT INTO parking_spots (id, parking_lot_id, spot_number, zone, spot_row, spot_col, status) VALUES ('5cabbdad-c9ac-5328-93ea-b6b9314c3919', '4731819f-a806-5c1f-be8c-a478d4276840', 'f-a1-p0:B3', 'STANDARD', 2, 3, 'free');
INSERT INTO parking_spots (id, parking_lot_id, spot_number, zone, spot_row, spot_col, status) VALUES ('c6158477-85df-5a16-9830-6f246ff711a2', '4731819f-a806-5c1f-be8c-a478d4276840', 'f-a1-p0:B4', 'STANDARD', 2, 4, 'free');
INSERT INTO parking_spots (id, parking_lot_id, spot_number, zone, spot_row, spot_col, status) VALUES ('df174a2d-b69c-5ecb-89b0-70e1dbb96899', '4731819f-a806-5c1f-be8c-a478d4276840', 'f-a1-p0:B5', 'STANDARD', 2, 5, 'free');
INSERT INTO parking_spots (id, parking_lot_id, spot_number, zone, spot_row, spot_col, status) VALUES ('a2ae78f2-476e-5434-8056-7e84e595dffe', '4731819f-a806-5c1f-be8c-a478d4276840', 'f-a1-p0:B6', 'STANDARD', 2, 6, 'free');
INSERT INTO parking_spots (id, parking_lot_id, spot_number, zone, spot_row, spot_col, status) VALUES ('06f857dd-76f1-527b-8029-26d7e2207934', '4731819f-a806-5c1f-be8c-a478d4276840', 'f-a1-p0:B7', 'STANDARD', 2, 7, 'free');
INSERT INTO parking_spots (id, parking_lot_id, spot_number, zone, spot_row, spot_col, status) VALUES ('d5ca0445-cfce-5001-bae4-a24869681ca6', '4731819f-a806-5c1f-be8c-a478d4276840', 'f-a1-p0:B8', 'STANDARD', 2, 8, 'free');
INSERT INTO parking_spots (id, parking_lot_id, spot_number, zone, spot_row, spot_col, status) VALUES ('d25ef451-a4f3-599e-99d5-9cc21594e880', '4731819f-a806-5c1f-be8c-a478d4276840', 'f-a1-p0:B9', 'STANDARD', 2, 9, 'free');
INSERT INTO parking_spots (id, parking_lot_id, spot_number, zone, spot_row, spot_col, status) VALUES ('f4269c80-ef95-5699-8cc0-5150deb96fc7', '4731819f-a806-5c1f-be8c-a478d4276840', 'f-a1-p0:B10', 'STANDARD', 2, 10, 'free');
INSERT INTO parking_spots (id, parking_lot_id, spot_number, zone, spot_row, spot_col, status) VALUES ('00540b20-3abe-5c34-bdde-fb1292ecb7eb', '4731819f-a806-5c1f-be8c-a478d4276840', 'f-a1-p0:B11', 'STANDARD', 2, 11, 'free');
INSERT INTO parking_spots (id, parking_lot_id, spot_number, zone, spot_row, spot_col, status) VALUES ('019db379-0215-5d9a-97b0-bed0739ed4a9', '4731819f-a806-5c1f-be8c-a478d4276840', 'f-a1-p0:B12', 'STANDARD', 2, 12, 'free');
INSERT INTO parking_spots (id, parking_lot_id, spot_number, zone, spot_row, spot_col, status) VALUES ('09995723-d380-57c3-a8e0-0d1cb64bffad', '4731819f-a806-5c1f-be8c-a478d4276840', 'f-a1-p0:B13', 'STANDARD', 2, 13, 'free');
INSERT INTO parking_spots (id, parking_lot_id, spot_number, zone, spot_row, spot_col, status) VALUES ('1afd7964-cf44-5556-ad8c-23e9ff2d10e3', '4731819f-a806-5c1f-be8c-a478d4276840', 'f-a1-p0:B14', 'STANDARD', 2, 14, 'free');
INSERT INTO parking_spots (id, parking_lot_id, spot_number, zone, spot_row, spot_col, status) VALUES ('50175dbf-8de5-534f-8ecb-2f78895828ea', '4731819f-a806-5c1f-be8c-a478d4276840', 'f-a1-p0:B15', 'STANDARD', 2, 15, 'free');
INSERT INTO parking_spots (id, parking_lot_id, spot_number, zone, spot_row, spot_col, status) VALUES ('324fe40b-8315-532f-b6f5-6696b9c54688', '4731819f-a806-5c1f-be8c-a478d4276840', 'f-a1-p0:B16', 'STANDARD', 2, 16, 'free');
INSERT INTO parking_spots (id, parking_lot_id, spot_number, zone, spot_row, spot_col, status) VALUES ('f6e37746-527f-5b29-9ced-9bb96c7d027d', '4731819f-a806-5c1f-be8c-a478d4276840', 'f-a1-p0:B17', 'STANDARD', 2, 17, 'free');
INSERT INTO parking_spots (id, parking_lot_id, spot_number, zone, spot_row, spot_col, status) VALUES ('ceb52ab5-d920-55ef-b588-c9e07c5bfa03', '4731819f-a806-5c1f-be8c-a478d4276840', 'f-a1-p0:C1', 'STANDARD', 3, 1, 'free');
INSERT INTO parking_spots (id, parking_lot_id, spot_number, zone, spot_row, spot_col, status) VALUES ('b73ab33b-f873-5cc0-a51a-f979fba10ce1', '4731819f-a806-5c1f-be8c-a478d4276840', 'f-a1-p0:C2', 'STANDARD', 3, 2, 'free');
INSERT INTO parking_spots (id, parking_lot_id, spot_number, zone, spot_row, spot_col, status) VALUES ('60f4f01c-51f4-5feb-9682-6ecbd7fe3bce', '4731819f-a806-5c1f-be8c-a478d4276840', 'f-a1-p0:C3', 'STANDARD', 3, 3, 'free');
INSERT INTO parking_spots (id, parking_lot_id, spot_number, zone, spot_row, spot_col, status) VALUES ('db19e64d-7eb9-5def-9042-d78f802663b5', '4731819f-a806-5c1f-be8c-a478d4276840', 'f-a1-p0:C4', 'STANDARD', 3, 4, 'free');
INSERT INTO parking_spots (id, parking_lot_id, spot_number, zone, spot_row, spot_col, status) VALUES ('a95d19e3-b2ba-5be8-a990-861d32a35b58', '4731819f-a806-5c1f-be8c-a478d4276840', 'f-a1-p0:C5', 'STANDARD', 3, 5, 'free');
INSERT INTO parking_spots (id, parking_lot_id, spot_number, zone, spot_row, spot_col, status) VALUES ('5f2e5439-8b43-5258-a477-a4e05f999924', '4731819f-a806-5c1f-be8c-a478d4276840', 'f-a1-p0:C6', 'STANDARD', 3, 6, 'free');
INSERT INTO parking_spots (id, parking_lot_id, spot_number, zone, spot_row, spot_col, status) VALUES ('d0b61b86-e355-5d74-83c6-78d5beaa5c55', '4731819f-a806-5c1f-be8c-a478d4276840', 'f-a1-p0:C7', 'STANDARD', 3, 7, 'free');
INSERT INTO parking_spots (id, parking_lot_id, spot_number, zone, spot_row, spot_col, status) VALUES ('30670b22-d171-5716-81c8-f9c3dcfeeb6c', '4731819f-a806-5c1f-be8c-a478d4276840', 'f-a1-p0:C8', 'STANDARD', 3, 8, 'free');
INSERT INTO parking_spots (id, parking_lot_id, spot_number, zone, spot_row, spot_col, status) VALUES ('f81158bc-79b8-521b-adce-7535463b8fe5', '4731819f-a806-5c1f-be8c-a478d4276840', 'f-a1-p0:C9', 'STANDARD', 3, 9, 'free');
INSERT INTO parking_spots (id, parking_lot_id, spot_number, zone, spot_row, spot_col, status) VALUES ('5e05a31e-4d30-5fca-899c-f795f61b8f45', '4731819f-a806-5c1f-be8c-a478d4276840', 'f-a1-p0:C10', 'STANDARD', 3, 10, 'free');
INSERT INTO parking_spots (id, parking_lot_id, spot_number, zone, spot_row, spot_col, status) VALUES ('52045026-795a-5ad8-861c-1b71ca49fad2', '4731819f-a806-5c1f-be8c-a478d4276840', 'f-a1-p0:C11', 'STANDARD', 3, 11, 'free');
INSERT INTO parking_spots (id, parking_lot_id, spot_number, zone, spot_row, spot_col, status) VALUES ('2f2a9db9-c7b6-52e7-8825-cc03830620f8', '4731819f-a806-5c1f-be8c-a478d4276840', 'f-a1-p0:C12', 'STANDARD', 3, 12, 'free');
INSERT INTO parking_spots (id, parking_lot_id, spot_number, zone, spot_row, spot_col, status) VALUES ('a380f07a-b103-5d64-89dc-1eeec3c9d26f', '4731819f-a806-5c1f-be8c-a478d4276840', 'f-a1-p0:C13', 'STANDARD', 3, 13, 'free');
INSERT INTO parking_spots (id, parking_lot_id, spot_number, zone, spot_row, spot_col, status) VALUES ('83318c70-be64-50da-bfd4-498458a4648d', '4731819f-a806-5c1f-be8c-a478d4276840', 'f-a1-p0:C14', 'STANDARD', 3, 14, 'free');
INSERT INTO parking_spots (id, parking_lot_id, spot_number, zone, spot_row, spot_col, status) VALUES ('15a6d317-a8cb-56ff-adcf-2c2d97a9f765', '4731819f-a806-5c1f-be8c-a478d4276840', 'f-a1-p0:C15', 'STANDARD', 3, 15, 'free');
INSERT INTO parking_spots (id, parking_lot_id, spot_number, zone, spot_row, spot_col, status) VALUES ('2d9ca959-c64f-5b39-ab69-56b0def6a673', '4731819f-a806-5c1f-be8c-a478d4276840', 'f-a1-p0:C16', 'STANDARD', 3, 16, 'free');
INSERT INTO parking_spots (id, parking_lot_id, spot_number, zone, spot_row, spot_col, status) VALUES ('a109b86e-e9bf-5185-bd91-8a812f745d63', '4731819f-a806-5c1f-be8c-a478d4276840', 'f-a1-p0:C17', 'STANDARD', 3, 17, 'free');
INSERT INTO parking_spots (id, parking_lot_id, spot_number, zone, spot_row, spot_col, status) VALUES ('f263cef5-af65-5642-aef2-c4c534035137', '4731819f-a806-5c1f-be8c-a478d4276840', 'f-a1-p0:D1', 'STANDARD', 4, 1, 'free');
INSERT INTO parking_spots (id, parking_lot_id, spot_number, zone, spot_row, spot_col, status) VALUES ('1c4287e9-f076-5745-b995-d94d01a8ede8', '4731819f-a806-5c1f-be8c-a478d4276840', 'f-a1-p0:D2', 'STANDARD', 4, 2, 'free');
INSERT INTO parking_spots (id, parking_lot_id, spot_number, zone, spot_row, spot_col, status) VALUES ('25975744-c696-5a13-8457-93f42612bc21', '4731819f-a806-5c1f-be8c-a478d4276840', 'f-a1-p0:D3', 'STANDARD', 4, 3, 'free');
INSERT INTO parking_spots (id, parking_lot_id, spot_number, zone, spot_row, spot_col, status) VALUES ('7c5005f3-34fa-5ee0-b7c1-25f490ad2a10', '4731819f-a806-5c1f-be8c-a478d4276840', 'f-a1-p0:D4', 'STANDARD', 4, 4, 'free');
INSERT INTO parking_spots (id, parking_lot_id, spot_number, zone, spot_row, spot_col, status) VALUES ('56010f6c-6228-5583-803f-67484d06e1e2', '4731819f-a806-5c1f-be8c-a478d4276840', 'f-a1-p0:D5', 'STANDARD', 4, 5, 'free');
INSERT INTO parking_spots (id, parking_lot_id, spot_number, zone, spot_row, spot_col, status) VALUES ('f80238df-a0fa-5ba2-b8a7-c0fc00340961', '4731819f-a806-5c1f-be8c-a478d4276840', 'f-a1-p0:D6', 'STANDARD', 4, 6, 'free');
INSERT INTO parking_spots (id, parking_lot_id, spot_number, zone, spot_row, spot_col, status) VALUES ('7f4afa2e-d42a-55c3-9892-8da541edc16a', '4731819f-a806-5c1f-be8c-a478d4276840', 'f-a1-p0:D7', 'STANDARD', 4, 7, 'free');
INSERT INTO parking_spots (id, parking_lot_id, spot_number, zone, spot_row, spot_col, status) VALUES ('de8d91fc-7ac1-5994-ada3-54fe516da6c3', '4731819f-a806-5c1f-be8c-a478d4276840', 'f-a1-p0:D8', 'STANDARD', 4, 8, 'free');
INSERT INTO parking_spots (id, parking_lot_id, spot_number, zone, spot_row, spot_col, status) VALUES ('4f9e1f84-8f81-5639-aeaf-a832a98a415c', '4731819f-a806-5c1f-be8c-a478d4276840', 'f-a1-p0:D9', 'STANDARD', 4, 9, 'free');
INSERT INTO parking_spots (id, parking_lot_id, spot_number, zone, spot_row, spot_col, status) VALUES ('dbf133d0-f575-5d00-b822-65c4ebfd27c1', '4731819f-a806-5c1f-be8c-a478d4276840', 'f-a1-p0:D10', 'STANDARD', 4, 10, 'free');
INSERT INTO parking_spots (id, parking_lot_id, spot_number, zone, spot_row, spot_col, status) VALUES ('4c73d09f-88fb-539c-bc1e-a008618ac926', '4731819f-a806-5c1f-be8c-a478d4276840', 'f-a1-p0:D11', 'STANDARD', 4, 11, 'free');
INSERT INTO parking_spots (id, parking_lot_id, spot_number, zone, spot_row, spot_col, status) VALUES ('b3555d64-2250-55c8-b3c8-e019caf41eff', '4731819f-a806-5c1f-be8c-a478d4276840', 'f-a1-p0:D12', 'STANDARD', 4, 12, 'free');
INSERT INTO parking_spots (id, parking_lot_id, spot_number, zone, spot_row, spot_col, status) VALUES ('27ac5d23-956f-53c9-b31c-2d8972ea5ba0', '4731819f-a806-5c1f-be8c-a478d4276840', 'f-a1-p0:D13', 'STANDARD', 4, 13, 'free');
INSERT INTO parking_spots (id, parking_lot_id, spot_number, zone, spot_row, spot_col, status) VALUES ('db0bc837-366e-5157-9178-0bdab2518bfd', '4731819f-a806-5c1f-be8c-a478d4276840', 'f-a1-p0:D14', 'STANDARD', 4, 14, 'free');
INSERT INTO parking_spots (id, parking_lot_id, spot_number, zone, spot_row, spot_col, status) VALUES ('639d44c7-073b-5fb6-a57d-190ddef7a7bb', '4731819f-a806-5c1f-be8c-a478d4276840', 'f-a1-p0:D15', 'STANDARD', 4, 15, 'free');
INSERT INTO parking_spots (id, parking_lot_id, spot_number, zone, spot_row, spot_col, status) VALUES ('fa8187d0-9ad9-5242-84b7-38dcd80c13cc', '4731819f-a806-5c1f-be8c-a478d4276840', 'f-a1-p0:D16', 'STANDARD', 4, 16, 'free');
INSERT INTO parking_spots (id, parking_lot_id, spot_number, zone, spot_row, spot_col, status) VALUES ('0c20e65b-566c-5169-b9f9-edfb01fbe603', '4731819f-a806-5c1f-be8c-a478d4276840', 'f-a1-p0:D17', 'STANDARD', 4, 17, 'free');
INSERT INTO parking_spots (id, parking_lot_id, spot_number, zone, spot_row, spot_col, status) VALUES ('51fd74d9-055c-586c-937d-6049f2c704be', '4731819f-a806-5c1f-be8c-a478d4276840', 'f-a1-p0:E1', 'STANDARD', 5, 1, 'free');
INSERT INTO parking_spots (id, parking_lot_id, spot_number, zone, spot_row, spot_col, status) VALUES ('94bda424-be84-5d33-9a70-ad95dc09c440', '4731819f-a806-5c1f-be8c-a478d4276840', 'f-a1-p0:E2', 'STANDARD', 5, 2, 'free');
INSERT INTO parking_spots (id, parking_lot_id, spot_number, zone, spot_row, spot_col, status) VALUES ('bf292fa5-577a-5e3a-a0d7-fb64f1fa7a46', '4731819f-a806-5c1f-be8c-a478d4276840', 'f-a1-p0:E3', 'STANDARD', 5, 3, 'free');
INSERT INTO parking_spots (id, parking_lot_id, spot_number, zone, spot_row, spot_col, status) VALUES ('137cef8d-86e7-5073-940d-b1c2ad26e6a1', '4731819f-a806-5c1f-be8c-a478d4276840', 'f-a1-p0:E4', 'STANDARD', 5, 4, 'free');
INSERT INTO parking_spots (id, parking_lot_id, spot_number, zone, spot_row, spot_col, status) VALUES ('80842dcc-fbeb-55ce-b8e7-feb1e446c90b', '4731819f-a806-5c1f-be8c-a478d4276840', 'f-a1-p0:E5', 'STANDARD', 5, 5, 'free');
INSERT INTO parking_spots (id, parking_lot_id, spot_number, zone, spot_row, spot_col, status) VALUES ('67ae1a61-a6ce-5a0e-b628-6501a5dff0c8', '4731819f-a806-5c1f-be8c-a478d4276840', 'f-a1-p0:E6', 'STANDARD', 5, 6, 'free');
INSERT INTO parking_spots (id, parking_lot_id, spot_number, zone, spot_row, spot_col, status) VALUES ('57bb81b3-47b5-58cc-9287-d7bf74e68ddc', '4731819f-a806-5c1f-be8c-a478d4276840', 'f-a1-p0:E7', 'STANDARD', 5, 7, 'free');
INSERT INTO parking_spots (id, parking_lot_id, spot_number, zone, spot_row, spot_col, status) VALUES ('58456d6f-5729-5fa8-9d60-86c3ecde49e7', '4731819f-a806-5c1f-be8c-a478d4276840', 'f-a1-p0:E8', 'STANDARD', 5, 8, 'free');
INSERT INTO parking_spots (id, parking_lot_id, spot_number, zone, spot_row, spot_col, status) VALUES ('87339245-0d79-5cc7-b890-f2780663b41e', '4731819f-a806-5c1f-be8c-a478d4276840', 'f-a1-p0:E9', 'STANDARD', 5, 9, 'free');
INSERT INTO parking_spots (id, parking_lot_id, spot_number, zone, spot_row, spot_col, status) VALUES ('2e905582-b568-5f88-a13a-fe39cc44fd74', '4731819f-a806-5c1f-be8c-a478d4276840', 'f-a1-p0:E10', 'STANDARD', 5, 10, 'free');
INSERT INTO parking_spots (id, parking_lot_id, spot_number, zone, spot_row, spot_col, status) VALUES ('2b4fc9b1-6f9a-59a3-bb2c-18b78866b091', '4731819f-a806-5c1f-be8c-a478d4276840', 'f-a1-p0:E11', 'STANDARD', 5, 11, 'free');
INSERT INTO parking_spots (id, parking_lot_id, spot_number, zone, spot_row, spot_col, status) VALUES ('fc72b365-4271-5212-bbf5-cc4c9c40c312', '4731819f-a806-5c1f-be8c-a478d4276840', 'f-a1-p0:E12', 'STANDARD', 5, 12, 'free');
INSERT INTO parking_spots (id, parking_lot_id, spot_number, zone, spot_row, spot_col, status) VALUES ('69b822cc-c7cf-5358-952f-4412643da713', '4731819f-a806-5c1f-be8c-a478d4276840', 'f-a1-p0:E13', 'EV', 5, 13, 'ev');
INSERT INTO parking_spots (id, parking_lot_id, spot_number, zone, spot_row, spot_col, status) VALUES ('d68ba8ce-6410-5e73-8903-84849392665f', '4731819f-a806-5c1f-be8c-a478d4276840', 'f-a1-p0:E14', 'STANDARD', 5, 14, 'free');
INSERT INTO parking_spots (id, parking_lot_id, spot_number, zone, spot_row, spot_col, status) VALUES ('7c78ab49-86b7-5b69-8201-dac49c4549a0', '4731819f-a806-5c1f-be8c-a478d4276840', 'f-a1-p0:E15', 'STANDARD', 5, 15, 'free');
INSERT INTO parking_spots (id, parking_lot_id, spot_number, zone, spot_row, spot_col, status) VALUES ('5d1b0c4a-48a6-55e3-b5a8-bcdee97c42de', '4731819f-a806-5c1f-be8c-a478d4276840', 'f-a1-p0:E16', 'STANDARD', 5, 16, 'free');
INSERT INTO parking_spots (id, parking_lot_id, spot_number, zone, spot_row, spot_col, status) VALUES ('e7ec7b3b-7093-58ff-9133-1b2a4303419f', '4731819f-a806-5c1f-be8c-a478d4276840', 'f-a1-p0:E17', 'STANDARD', 5, 17, 'free');
INSERT INTO parking_spots (id, parking_lot_id, spot_number, zone, spot_row, spot_col, status) VALUES ('93be2456-d064-5927-aac1-3a888afc68bd', '4731819f-a806-5c1f-be8c-a478d4276840', 'f-a1-p-1:A1', 'STANDARD', 1, 1, 'free');
INSERT INTO parking_spots (id, parking_lot_id, spot_number, zone, spot_row, spot_col, status) VALUES ('71bdd343-91c4-51e2-b501-bb34759e5f42', '4731819f-a806-5c1f-be8c-a478d4276840', 'f-a1-p-1:A2', 'STANDARD', 1, 2, 'free');
INSERT INTO parking_spots (id, parking_lot_id, spot_number, zone, spot_row, spot_col, status) VALUES ('2e02866d-f82d-5a4c-94aa-7dd6fcf9a541', '4731819f-a806-5c1f-be8c-a478d4276840', 'f-a1-p-1:A3', 'STANDARD', 1, 3, 'occupied');
INSERT INTO parking_spots (id, parking_lot_id, spot_number, zone, spot_row, spot_col, status) VALUES ('ceb10427-31c0-514c-b477-e9cf54e2d292', '4731819f-a806-5c1f-be8c-a478d4276840', 'f-a1-p-1:A4', 'STANDARD', 1, 4, 'free');
INSERT INTO parking_spots (id, parking_lot_id, spot_number, zone, spot_row, spot_col, status) VALUES ('7e432561-e74b-5300-8b14-cc50bba8c201', '4731819f-a806-5c1f-be8c-a478d4276840', 'f-a1-p-1:A5', 'STANDARD', 1, 5, 'free');
INSERT INTO parking_spots (id, parking_lot_id, spot_number, zone, spot_row, spot_col, status) VALUES ('8e9f1f23-482d-54ac-a5fa-8122932bddb8', '4731819f-a806-5c1f-be8c-a478d4276840', 'f-a1-p-1:A6', 'STANDARD', 1, 6, 'occupied');
INSERT INTO parking_spots (id, parking_lot_id, spot_number, zone, spot_row, spot_col, status) VALUES ('11f55be2-edc4-53ef-8711-477ebd865190', '4731819f-a806-5c1f-be8c-a478d4276840', 'f-a1-p-1:A7', 'STANDARD', 1, 7, 'free');
INSERT INTO parking_spots (id, parking_lot_id, spot_number, zone, spot_row, spot_col, status) VALUES ('908604a8-6371-5e9a-89e5-65de6685b9f6', '4731819f-a806-5c1f-be8c-a478d4276840', 'f-a1-p-1:A8', 'STANDARD', 1, 8, 'free');
INSERT INTO parking_spots (id, parking_lot_id, spot_number, zone, spot_row, spot_col, status) VALUES ('31b5ee6d-f185-5634-9153-36f58533fee8', '4731819f-a806-5c1f-be8c-a478d4276840', 'f-a1-p-1:A9', 'STANDARD', 1, 9, 'free');
INSERT INTO parking_spots (id, parking_lot_id, spot_number, zone, spot_row, spot_col, status) VALUES ('e6d91e5c-6b93-502b-9ff3-9231c19ae609', '4731819f-a806-5c1f-be8c-a478d4276840', 'f-a1-p-1:A10', 'STANDARD', 1, 10, 'free');
INSERT INTO parking_spots (id, parking_lot_id, spot_number, zone, spot_row, spot_col, status) VALUES ('3c5d43b5-89e1-58a0-85bc-07b69a46024c', '4731819f-a806-5c1f-be8c-a478d4276840', 'f-a1-p-1:A11', 'STANDARD', 1, 11, 'free');
INSERT INTO parking_spots (id, parking_lot_id, spot_number, zone, spot_row, spot_col, status) VALUES ('726a3abf-63d3-58ea-8033-9dc7e1080d20', '4731819f-a806-5c1f-be8c-a478d4276840', 'f-a1-p-1:A12', 'STANDARD', 1, 12, 'occupied');
INSERT INTO parking_spots (id, parking_lot_id, spot_number, zone, spot_row, spot_col, status) VALUES ('6e90252f-8f0b-523e-bd3c-9e8c5cf21586', '4731819f-a806-5c1f-be8c-a478d4276840', 'f-a1-p-1:A13', 'STANDARD', 1, 13, 'free');
INSERT INTO parking_spots (id, parking_lot_id, spot_number, zone, spot_row, spot_col, status) VALUES ('3a10aa8b-ef51-5083-83c3-b314605ba5e3', '4731819f-a806-5c1f-be8c-a478d4276840', 'f-a1-p-1:A14', 'STANDARD', 1, 14, 'free');
INSERT INTO parking_spots (id, parking_lot_id, spot_number, zone, spot_row, spot_col, status) VALUES ('8cb9fd26-afae-5c58-8a8f-f194a754dc32', '4731819f-a806-5c1f-be8c-a478d4276840', 'f-a1-p-1:A15', 'STANDARD', 1, 15, 'free');
INSERT INTO parking_spots (id, parking_lot_id, spot_number, zone, spot_row, spot_col, status) VALUES ('32e8badd-700b-5efb-ab62-74696fd24e99', '4731819f-a806-5c1f-be8c-a478d4276840', 'f-a1-p-1:A16', 'STANDARD', 1, 16, 'free');
INSERT INTO parking_spots (id, parking_lot_id, spot_number, zone, spot_row, spot_col, status) VALUES ('048777b9-2a85-5929-b2a2-2449a572232c', '4731819f-a806-5c1f-be8c-a478d4276840', 'f-a1-p-1:A17', 'STANDARD', 1, 17, 'free');
INSERT INTO parking_spots (id, parking_lot_id, spot_number, zone, spot_row, spot_col, status) VALUES ('cbc0de5f-3948-502f-ac2d-0f718433b602', '4731819f-a806-5c1f-be8c-a478d4276840', 'f-a1-p-1:B1', 'STANDARD', 2, 1, 'free');
INSERT INTO parking_spots (id, parking_lot_id, spot_number, zone, spot_row, spot_col, status) VALUES ('1f3660c9-9868-5001-8015-495cf068aa80', '4731819f-a806-5c1f-be8c-a478d4276840', 'f-a1-p-1:B2', 'STANDARD', 2, 2, 'free');
INSERT INTO parking_spots (id, parking_lot_id, spot_number, zone, spot_row, spot_col, status) VALUES ('67ee4ece-cceb-50c0-a64b-48dfafa925d5', '4731819f-a806-5c1f-be8c-a478d4276840', 'f-a1-p-1:B3', 'STANDARD', 2, 3, 'free');
INSERT INTO parking_spots (id, parking_lot_id, spot_number, zone, spot_row, spot_col, status) VALUES ('9c7a9869-8d6a-51ba-b2ea-16eec79e725d', '4731819f-a806-5c1f-be8c-a478d4276840', 'f-a1-p-1:B4', 'RESERVED', 2, 4, 'reserved');
INSERT INTO parking_spots (id, parking_lot_id, spot_number, zone, spot_row, spot_col, status) VALUES ('596aa210-c9f2-556f-bbbb-2d1128df4afe', '4731819f-a806-5c1f-be8c-a478d4276840', 'f-a1-p-1:B5', 'RESERVED', 2, 5, 'reserved');
INSERT INTO parking_spots (id, parking_lot_id, spot_number, zone, spot_row, spot_col, status) VALUES ('ddbdc77f-f49b-5cc5-bb98-08dcdb3a9993', '4731819f-a806-5c1f-be8c-a478d4276840', 'f-a1-p-1:B6', 'STANDARD', 2, 6, 'free');
INSERT INTO parking_spots (id, parking_lot_id, spot_number, zone, spot_row, spot_col, status) VALUES ('d596807e-837c-5eac-8b52-c5bb65a24cab', '4731819f-a806-5c1f-be8c-a478d4276840', 'f-a1-p-1:B7', 'STANDARD', 2, 7, 'free');
INSERT INTO parking_spots (id, parking_lot_id, spot_number, zone, spot_row, spot_col, status) VALUES ('35c4e982-83e3-5663-8eaf-4f3de0234c90', '4731819f-a806-5c1f-be8c-a478d4276840', 'f-a1-p-1:B8', 'STANDARD', 2, 8, 'free');
INSERT INTO parking_spots (id, parking_lot_id, spot_number, zone, spot_row, spot_col, status) VALUES ('b88dac18-a9aa-5bdf-b292-aacdb1a18bdd', '4731819f-a806-5c1f-be8c-a478d4276840', 'f-a1-p-1:B9', 'STANDARD', 2, 9, 'free');
INSERT INTO parking_spots (id, parking_lot_id, spot_number, zone, spot_row, spot_col, status) VALUES ('335dd410-79e2-580b-ab78-6c9a31288b35', '4731819f-a806-5c1f-be8c-a478d4276840', 'f-a1-p-1:B10', 'STANDARD', 2, 10, 'free');
INSERT INTO parking_spots (id, parking_lot_id, spot_number, zone, spot_row, spot_col, status) VALUES ('6cd1db10-450b-5544-aab9-f7cfddad7972', '4731819f-a806-5c1f-be8c-a478d4276840', 'f-a1-p-1:B11', 'STANDARD', 2, 11, 'free');
INSERT INTO parking_spots (id, parking_lot_id, spot_number, zone, spot_row, spot_col, status) VALUES ('09859034-5e69-533e-a4fe-c13b4b341a2c', '4731819f-a806-5c1f-be8c-a478d4276840', 'f-a1-p-1:B12', 'STANDARD', 2, 12, 'free');
INSERT INTO parking_spots (id, parking_lot_id, spot_number, zone, spot_row, spot_col, status) VALUES ('8ea5e29f-5f9b-5aa2-b010-20820e227b57', '4731819f-a806-5c1f-be8c-a478d4276840', 'f-a1-p-1:B13', 'STANDARD', 2, 13, 'free');
INSERT INTO parking_spots (id, parking_lot_id, spot_number, zone, spot_row, spot_col, status) VALUES ('be1fe0de-9eb9-5d63-b973-57fe77ff9fbd', '4731819f-a806-5c1f-be8c-a478d4276840', 'f-a1-p-1:B14', 'STANDARD', 2, 14, 'free');
INSERT INTO parking_spots (id, parking_lot_id, spot_number, zone, spot_row, spot_col, status) VALUES ('44b421f4-8c17-505b-8951-f9c950974b18', '4731819f-a806-5c1f-be8c-a478d4276840', 'f-a1-p-1:B15', 'STANDARD', 2, 15, 'free');
INSERT INTO parking_spots (id, parking_lot_id, spot_number, zone, spot_row, spot_col, status) VALUES ('8c54f314-78db-57b0-a440-3f180e8ded7e', '4731819f-a806-5c1f-be8c-a478d4276840', 'f-a1-p-1:B16', 'STANDARD', 2, 16, 'free');
INSERT INTO parking_spots (id, parking_lot_id, spot_number, zone, spot_row, spot_col, status) VALUES ('141932a7-6fae-55f2-a823-4f6083c68c7a', '4731819f-a806-5c1f-be8c-a478d4276840', 'f-a1-p-1:B17', 'STANDARD', 2, 17, 'free');
INSERT INTO parking_spots (id, parking_lot_id, spot_number, zone, spot_row, spot_col, status) VALUES ('079ae2ab-ec61-5f45-a5a1-196c01aadffc', '4731819f-a806-5c1f-be8c-a478d4276840', 'f-a1-p-1:C1', 'STANDARD', 3, 1, 'free');
INSERT INTO parking_spots (id, parking_lot_id, spot_number, zone, spot_row, spot_col, status) VALUES ('24507aeb-dc2b-5e6d-8364-0a02bf42c8c9', '4731819f-a806-5c1f-be8c-a478d4276840', 'f-a1-p-1:C2', 'STANDARD', 3, 2, 'free');
INSERT INTO parking_spots (id, parking_lot_id, spot_number, zone, spot_row, spot_col, status) VALUES ('85d3968e-bc85-5c53-b6c4-f05a40947c52', '4731819f-a806-5c1f-be8c-a478d4276840', 'f-a1-p-1:C3', 'STANDARD', 3, 3, 'free');
INSERT INTO parking_spots (id, parking_lot_id, spot_number, zone, spot_row, spot_col, status) VALUES ('3b55078b-0846-57be-adb3-d2934e344987', '4731819f-a806-5c1f-be8c-a478d4276840', 'f-a1-p-1:C4', 'STANDARD', 3, 4, 'free');
INSERT INTO parking_spots (id, parking_lot_id, spot_number, zone, spot_row, spot_col, status) VALUES ('b2fd14e4-a3c8-5aab-86fe-962ab8e905b9', '4731819f-a806-5c1f-be8c-a478d4276840', 'f-a1-p-1:C5', 'STANDARD', 3, 5, 'free');
INSERT INTO parking_spots (id, parking_lot_id, spot_number, zone, spot_row, spot_col, status) VALUES ('a766c3bb-b203-52e6-97d0-670d60670219', '4731819f-a806-5c1f-be8c-a478d4276840', 'f-a1-p-1:C6', 'STANDARD', 3, 6, 'free');
INSERT INTO parking_spots (id, parking_lot_id, spot_number, zone, spot_row, spot_col, status) VALUES ('41943ec9-951f-559f-90c9-cc874c1f3fcf', '4731819f-a806-5c1f-be8c-a478d4276840', 'f-a1-p-1:C7', 'STANDARD', 3, 7, 'free');
INSERT INTO parking_spots (id, parking_lot_id, spot_number, zone, spot_row, spot_col, status) VALUES ('eed4974d-179d-5880-9a03-1decafd640ed', '4731819f-a806-5c1f-be8c-a478d4276840', 'f-a1-p-1:C8', 'STANDARD', 3, 8, 'free');
INSERT INTO parking_spots (id, parking_lot_id, spot_number, zone, spot_row, spot_col, status) VALUES ('b73566d1-78c4-5ddd-b2aa-3928fd9519b2', '4731819f-a806-5c1f-be8c-a478d4276840', 'f-a1-p-1:C9', 'STANDARD', 3, 9, 'free');
INSERT INTO parking_spots (id, parking_lot_id, spot_number, zone, spot_row, spot_col, status) VALUES ('b629ef3f-e392-5515-9348-44e521ce01b5', '4731819f-a806-5c1f-be8c-a478d4276840', 'f-a1-p-1:C10', 'STANDARD', 3, 10, 'free');
INSERT INTO parking_spots (id, parking_lot_id, spot_number, zone, spot_row, spot_col, status) VALUES ('8ecbc968-0c53-5ca5-bf95-78d5097401cf', '4731819f-a806-5c1f-be8c-a478d4276840', 'f-a1-p-1:C11', 'STANDARD', 3, 11, 'free');
INSERT INTO parking_spots (id, parking_lot_id, spot_number, zone, spot_row, spot_col, status) VALUES ('70c8bfb3-23ab-553a-8e6c-1eca6159780d', '4731819f-a806-5c1f-be8c-a478d4276840', 'f-a1-p-1:C12', 'STANDARD', 3, 12, 'free');
INSERT INTO parking_spots (id, parking_lot_id, spot_number, zone, spot_row, spot_col, status) VALUES ('2fbdeed5-37c5-5c93-8fd1-5b86e62fc951', '4731819f-a806-5c1f-be8c-a478d4276840', 'f-a1-p-1:C13', 'STANDARD', 3, 13, 'free');
INSERT INTO parking_spots (id, parking_lot_id, spot_number, zone, spot_row, spot_col, status) VALUES ('aada05a2-c644-5903-8275-8f3f7006bb9b', '4731819f-a806-5c1f-be8c-a478d4276840', 'f-a1-p-1:C14', 'STANDARD', 3, 14, 'free');
INSERT INTO parking_spots (id, parking_lot_id, spot_number, zone, spot_row, spot_col, status) VALUES ('67814a8c-fe50-5ef0-875b-2a25a172ceaa', '4731819f-a806-5c1f-be8c-a478d4276840', 'f-a1-p-1:C15', 'STANDARD', 3, 15, 'free');
INSERT INTO parking_spots (id, parking_lot_id, spot_number, zone, spot_row, spot_col, status) VALUES ('fc33962d-6abe-5582-aad1-e87de8f0d633', '4731819f-a806-5c1f-be8c-a478d4276840', 'f-a1-p-1:C16', 'STANDARD', 3, 16, 'free');
INSERT INTO parking_spots (id, parking_lot_id, spot_number, zone, spot_row, spot_col, status) VALUES ('ab0cba8a-bb04-5374-80ea-fbb48561ad08', '4731819f-a806-5c1f-be8c-a478d4276840', 'f-a1-p-1:C17', 'STANDARD', 3, 17, 'free');
INSERT INTO parking_spots (id, parking_lot_id, spot_number, zone, spot_row, spot_col, status) VALUES ('7f65e5a3-7be2-5b77-8310-2afa54216605', '4731819f-a806-5c1f-be8c-a478d4276840', 'f-a1-p-1:D1', 'STANDARD', 4, 1, 'free');
INSERT INTO parking_spots (id, parking_lot_id, spot_number, zone, spot_row, spot_col, status) VALUES ('9c449553-c439-5772-bbea-072f9d1c80f8', '4731819f-a806-5c1f-be8c-a478d4276840', 'f-a1-p-1:D2', 'STANDARD', 4, 2, 'free');
INSERT INTO parking_spots (id, parking_lot_id, spot_number, zone, spot_row, spot_col, status) VALUES ('c9e95fb9-3573-5183-88af-8c4e5ee6137a', '4731819f-a806-5c1f-be8c-a478d4276840', 'f-a1-p-1:D3', 'STANDARD', 4, 3, 'free');
INSERT INTO parking_spots (id, parking_lot_id, spot_number, zone, spot_row, spot_col, status) VALUES ('bc63f1eb-416a-5ce9-94b9-e8eaf4a16771', '4731819f-a806-5c1f-be8c-a478d4276840', 'f-a1-p-1:D4', 'STANDARD', 4, 4, 'free');
INSERT INTO parking_spots (id, parking_lot_id, spot_number, zone, spot_row, spot_col, status) VALUES ('788f4e80-27a9-59af-ab95-98276a969c2f', '4731819f-a806-5c1f-be8c-a478d4276840', 'f-a1-p-1:D5', 'STANDARD', 4, 5, 'free');
INSERT INTO parking_spots (id, parking_lot_id, spot_number, zone, spot_row, spot_col, status) VALUES ('5094e18a-d94d-5ba0-9106-e71a3afac986', '4731819f-a806-5c1f-be8c-a478d4276840', 'f-a1-p-1:D6', 'STANDARD', 4, 6, 'free');
INSERT INTO parking_spots (id, parking_lot_id, spot_number, zone, spot_row, spot_col, status) VALUES ('148a2bd2-3bef-5650-b04d-78b2df952664', '4731819f-a806-5c1f-be8c-a478d4276840', 'f-a1-p-1:D7', 'STANDARD', 4, 7, 'free');
INSERT INTO parking_spots (id, parking_lot_id, spot_number, zone, spot_row, spot_col, status) VALUES ('085ec97a-d6fb-5c15-8c7c-4767b51c66f9', '4731819f-a806-5c1f-be8c-a478d4276840', 'f-a1-p-1:D8', 'STANDARD', 4, 8, 'free');
INSERT INTO parking_spots (id, parking_lot_id, spot_number, zone, spot_row, spot_col, status) VALUES ('ca9de827-2f37-5033-bec9-2807c513eacf', '4731819f-a806-5c1f-be8c-a478d4276840', 'f-a1-p-1:D9', 'STANDARD', 4, 9, 'free');
INSERT INTO parking_spots (id, parking_lot_id, spot_number, zone, spot_row, spot_col, status) VALUES ('eb38d3a5-217f-519d-a975-3e76cb03f767', '4731819f-a806-5c1f-be8c-a478d4276840', 'f-a1-p-1:D10', 'STANDARD', 4, 10, 'free');
INSERT INTO parking_spots (id, parking_lot_id, spot_number, zone, spot_row, spot_col, status) VALUES ('c68e1d8f-0828-5cc9-bf7d-40dedc748dfb', '4731819f-a806-5c1f-be8c-a478d4276840', 'f-a1-p-1:D11', 'STANDARD', 4, 11, 'free');
INSERT INTO parking_spots (id, parking_lot_id, spot_number, zone, spot_row, spot_col, status) VALUES ('dc7ac550-6db1-59fc-aba8-2d2d8e9a9247', '4731819f-a806-5c1f-be8c-a478d4276840', 'f-a1-p-1:D12', 'STANDARD', 4, 12, 'free');
INSERT INTO parking_spots (id, parking_lot_id, spot_number, zone, spot_row, spot_col, status) VALUES ('ace21c07-c33d-59c2-9c82-65335ae65ebe', '4731819f-a806-5c1f-be8c-a478d4276840', 'f-a1-p-1:D13', 'STANDARD', 4, 13, 'free');
INSERT INTO parking_spots (id, parking_lot_id, spot_number, zone, spot_row, spot_col, status) VALUES ('e27f36c1-63ee-5a31-9384-32b5e70474e1', '4731819f-a806-5c1f-be8c-a478d4276840', 'f-a1-p-1:D14', 'STANDARD', 4, 14, 'free');
INSERT INTO parking_spots (id, parking_lot_id, spot_number, zone, spot_row, spot_col, status) VALUES ('8cfe3d06-dc42-5f93-8ae2-b3298e0a0c86', '4731819f-a806-5c1f-be8c-a478d4276840', 'f-a1-p-1:D15', 'STANDARD', 4, 15, 'free');
INSERT INTO parking_spots (id, parking_lot_id, spot_number, zone, spot_row, spot_col, status) VALUES ('fbc07338-af58-5f88-b7c7-f8b4ed9275da', '4731819f-a806-5c1f-be8c-a478d4276840', 'f-a1-p-1:D16', 'STANDARD', 4, 16, 'free');
INSERT INTO parking_spots (id, parking_lot_id, spot_number, zone, spot_row, spot_col, status) VALUES ('51abb379-ef51-583f-945b-0dd14f22e31c', '4731819f-a806-5c1f-be8c-a478d4276840', 'f-a1-p-1:D17', 'STANDARD', 4, 17, 'free');
INSERT INTO parking_spots (id, parking_lot_id, spot_number, zone, spot_row, spot_col, status) VALUES ('612bb544-65fb-5b4a-8a13-01e685fa0b9b', '4731819f-a806-5c1f-be8c-a478d4276840', 'f-a1-p-1:E1', 'STANDARD', 5, 1, 'free');
INSERT INTO parking_spots (id, parking_lot_id, spot_number, zone, spot_row, spot_col, status) VALUES ('e2bfc1f9-5ae0-5975-8295-00d6924a7b33', '4731819f-a806-5c1f-be8c-a478d4276840', 'f-a1-p-1:E2', 'STANDARD', 5, 2, 'free');
INSERT INTO parking_spots (id, parking_lot_id, spot_number, zone, spot_row, spot_col, status) VALUES ('dc65acef-4c3b-5b89-b6dc-606a12ba42b5', '4731819f-a806-5c1f-be8c-a478d4276840', 'f-a1-p-1:E3', 'STANDARD', 5, 3, 'free');
INSERT INTO parking_spots (id, parking_lot_id, spot_number, zone, spot_row, spot_col, status) VALUES ('6ee40caa-b0b1-58f9-a8a7-b72e421c39af', '4731819f-a806-5c1f-be8c-a478d4276840', 'f-a1-p-1:E4', 'STANDARD', 5, 4, 'free');
INSERT INTO parking_spots (id, parking_lot_id, spot_number, zone, spot_row, spot_col, status) VALUES ('2bafd620-5972-5e6e-9446-42faedceb4c0', '4731819f-a806-5c1f-be8c-a478d4276840', 'f-a1-p-1:E5', 'STANDARD', 5, 5, 'free');
INSERT INTO parking_spots (id, parking_lot_id, spot_number, zone, spot_row, spot_col, status) VALUES ('09483869-09e5-5b60-a1ab-2c1215f8d63b', '4731819f-a806-5c1f-be8c-a478d4276840', 'f-a1-p-1:E6', 'STANDARD', 5, 6, 'free');
INSERT INTO parking_spots (id, parking_lot_id, spot_number, zone, spot_row, spot_col, status) VALUES ('f9c9f33c-9b0c-532d-ba33-6bfd883212ab', '4731819f-a806-5c1f-be8c-a478d4276840', 'f-a1-p-1:E7', 'STANDARD', 5, 7, 'free');
INSERT INTO parking_spots (id, parking_lot_id, spot_number, zone, spot_row, spot_col, status) VALUES ('647c72d7-427d-5cad-bdf2-f3b033949c2d', '4731819f-a806-5c1f-be8c-a478d4276840', 'f-a1-p-1:E8', 'STANDARD', 5, 8, 'free');
INSERT INTO parking_spots (id, parking_lot_id, spot_number, zone, spot_row, spot_col, status) VALUES ('7eacdc45-b581-569b-9356-3b161c4730e8', '4731819f-a806-5c1f-be8c-a478d4276840', 'f-a1-p-1:E9', 'STANDARD', 5, 9, 'free');
INSERT INTO parking_spots (id, parking_lot_id, spot_number, zone, spot_row, spot_col, status) VALUES ('9ff29831-2fe3-5b1f-837e-da1e826931d9', '4731819f-a806-5c1f-be8c-a478d4276840', 'f-a1-p-1:E10', 'STANDARD', 5, 10, 'free');
INSERT INTO parking_spots (id, parking_lot_id, spot_number, zone, spot_row, spot_col, status) VALUES ('63c9ad44-43ba-58fb-9639-df9ff5e27e80', '4731819f-a806-5c1f-be8c-a478d4276840', 'f-a1-p-1:E11', 'STANDARD', 5, 11, 'free');
INSERT INTO parking_spots (id, parking_lot_id, spot_number, zone, spot_row, spot_col, status) VALUES ('e02269b6-eb49-50c8-a404-af7f88e2aa32', '4731819f-a806-5c1f-be8c-a478d4276840', 'f-a1-p-1:E12', 'STANDARD', 5, 12, 'free');
INSERT INTO parking_spots (id, parking_lot_id, spot_number, zone, spot_row, spot_col, status) VALUES ('d7d46806-80c6-56f6-8943-4f6f48a97a6d', '4731819f-a806-5c1f-be8c-a478d4276840', 'f-a1-p-1:E13', 'STANDARD', 5, 13, 'free');
INSERT INTO parking_spots (id, parking_lot_id, spot_number, zone, spot_row, spot_col, status) VALUES ('dc0879da-c17d-5701-b759-70585689b304', '4731819f-a806-5c1f-be8c-a478d4276840', 'f-a1-p-1:E14', 'STANDARD', 5, 14, 'free');
INSERT INTO parking_spots (id, parking_lot_id, spot_number, zone, spot_row, spot_col, status) VALUES ('2aa3c208-2d9a-575a-9ccd-19a582673e18', '4731819f-a806-5c1f-be8c-a478d4276840', 'f-a1-p-1:E15', 'STANDARD', 5, 15, 'free');
INSERT INTO parking_spots (id, parking_lot_id, spot_number, zone, spot_row, spot_col, status) VALUES ('6b6df96f-2a74-5302-b39a-399aa5b2b6be', '4731819f-a806-5c1f-be8c-a478d4276840', 'f-a1-p-1:E16', 'STANDARD', 5, 16, 'free');
INSERT INTO parking_spots (id, parking_lot_id, spot_number, zone, spot_row, spot_col, status) VALUES ('75e40ef6-2d16-5df1-a182-ad4d4019fb20', '4731819f-a806-5c1f-be8c-a478d4276840', 'f-a1-p-1:E17', 'STANDARD', 5, 17, 'free');

INSERT INTO parking_lots (id, name, city, address, latitude, longitude, opening_hours, total_spaces)
VALUES ('d8085d8f-7aaa-5eb4-b47d-2e2fe79bfe43', 'Glicínias Plaza', 'Aveiro', 'R. Eng. Von Haff, Aveiro', 40.625991, -8.644003, 'Aberto 24h', 150)
ON CONFLICT (id) DO UPDATE SET
  name = EXCLUDED.name,
  city = EXCLUDED.city,
  address = EXCLUDED.address,
  latitude = EXCLUDED.latitude,
  longitude = EXCLUDED.longitude,
  opening_hours = EXCLUDED.opening_hours,
  total_spaces = EXCLUDED.total_spaces;
DELETE FROM parking_lot_amenities WHERE parking_lot_id = 'd8085d8f-7aaa-5eb4-b47d-2e2fe79bfe43';
INSERT INTO parking_lot_amenities (parking_lot_id, amenity) VALUES ('d8085d8f-7aaa-5eb4-b47d-2e2fe79bfe43', 'vigilância');
INSERT INTO tariffs (id, parking_lot_id, name, description, price_per_hour, max_daily, monthly, price_per_kwh, status)
VALUES ('b5bdb369-b90b-5bfb-abaa-01893522853f', 'd8085d8f-7aaa-5eb4-b47d-2e2fe79bfe43', 'Standard', 'Tarifa normal de estacionamento', 1.00, 8.00, 80.00, NULL, 'ACTIVE')
ON CONFLICT (id) DO UPDATE SET
  price_per_hour = EXCLUDED.price_per_hour,
  max_daily = EXCLUDED.max_daily,
  monthly = EXCLUDED.monthly,
  status = EXCLUDED.status;
DELETE FROM ev_chargers WHERE parking_lot_id = 'd8085d8f-7aaa-5eb4-b47d-2e2fe79bfe43';
DELETE FROM accessible_spots WHERE parking_lot_id = 'd8085d8f-7aaa-5eb4-b47d-2e2fe79bfe43';
DELETE FROM parking_spots WHERE parking_lot_id = 'd8085d8f-7aaa-5eb4-b47d-2e2fe79bfe43';
INSERT INTO parking_spots (id, parking_lot_id, spot_number, zone, spot_row, spot_col, status) VALUES ('9e564fa2-5ac6-55c3-a102-e591ffa3025c', 'd8085d8f-7aaa-5eb4-b47d-2e2fe79bfe43', 'f-a2-p0:A1', 'ACCESSIBLE', 1, 1, 'accessible');
INSERT INTO parking_spots (id, parking_lot_id, spot_number, zone, spot_row, spot_col, status) VALUES ('96996dee-3882-51ba-8d9d-115594eb832c', 'd8085d8f-7aaa-5eb4-b47d-2e2fe79bfe43', 'f-a2-p0:A2', 'STANDARD', 1, 2, 'free');
INSERT INTO parking_spots (id, parking_lot_id, spot_number, zone, spot_row, spot_col, status) VALUES ('d8d796a2-7ae6-5787-88f7-5e173ea35847', 'd8085d8f-7aaa-5eb4-b47d-2e2fe79bfe43', 'f-a2-p0:A3', 'STANDARD', 1, 3, 'free');
INSERT INTO parking_spots (id, parking_lot_id, spot_number, zone, spot_row, spot_col, status) VALUES ('351bb39c-5b78-5cee-b3e1-f4a3098adecf', 'd8085d8f-7aaa-5eb4-b47d-2e2fe79bfe43', 'f-a2-p0:A4', 'STANDARD', 1, 4, 'free');
INSERT INTO parking_spots (id, parking_lot_id, spot_number, zone, spot_row, spot_col, status) VALUES ('ee714e11-178a-5380-baaf-b57255f06342', 'd8085d8f-7aaa-5eb4-b47d-2e2fe79bfe43', 'f-a2-p0:A5', 'STANDARD', 1, 5, 'free');
INSERT INTO parking_spots (id, parking_lot_id, spot_number, zone, spot_row, spot_col, status) VALUES ('e28ff23b-ac91-5cf0-84a3-f0d3d234f48f', 'd8085d8f-7aaa-5eb4-b47d-2e2fe79bfe43', 'f-a2-p0:A6', 'STANDARD', 1, 6, 'free');
INSERT INTO parking_spots (id, parking_lot_id, spot_number, zone, spot_row, spot_col, status) VALUES ('e092b2f6-caa1-50ba-89f0-e97bcb3daa08', 'd8085d8f-7aaa-5eb4-b47d-2e2fe79bfe43', 'f-a2-p0:A7', 'STANDARD', 1, 7, 'free');
INSERT INTO parking_spots (id, parking_lot_id, spot_number, zone, spot_row, spot_col, status) VALUES ('a1a1505f-fd90-5b01-9a02-0c79ccbc4227', 'd8085d8f-7aaa-5eb4-b47d-2e2fe79bfe43', 'f-a2-p0:A8', 'STANDARD', 1, 8, 'free');
INSERT INTO parking_spots (id, parking_lot_id, spot_number, zone, spot_row, spot_col, status) VALUES ('470e9e8a-84c9-5ca1-bce9-08fb84d5d83c', 'd8085d8f-7aaa-5eb4-b47d-2e2fe79bfe43', 'f-a2-p0:A9', 'STANDARD', 1, 9, 'free');
INSERT INTO parking_spots (id, parking_lot_id, spot_number, zone, spot_row, spot_col, status) VALUES ('7fe17cee-e6d9-5abe-87f3-7d4edd3b1048', 'd8085d8f-7aaa-5eb4-b47d-2e2fe79bfe43', 'f-a2-p0:A10', 'STANDARD', 1, 10, 'free');
INSERT INTO parking_spots (id, parking_lot_id, spot_number, zone, spot_row, spot_col, status) VALUES ('d4a43536-7811-55ba-bdd6-7062a92f73d6', 'd8085d8f-7aaa-5eb4-b47d-2e2fe79bfe43', 'f-a2-p0:A11', 'STANDARD', 1, 11, 'occupied');
INSERT INTO parking_spots (id, parking_lot_id, spot_number, zone, spot_row, spot_col, status) VALUES ('b73dcb7f-facf-58f8-9a24-73cd4a37322e', 'd8085d8f-7aaa-5eb4-b47d-2e2fe79bfe43', 'f-a2-p0:A12', 'STANDARD', 1, 12, 'free');
INSERT INTO parking_spots (id, parking_lot_id, spot_number, zone, spot_row, spot_col, status) VALUES ('da07a402-f09a-5e26-add1-648f3ebb4c23', 'd8085d8f-7aaa-5eb4-b47d-2e2fe79bfe43', 'f-a2-p0:A13', 'STANDARD', 1, 13, 'free');
INSERT INTO parking_spots (id, parking_lot_id, spot_number, zone, spot_row, spot_col, status) VALUES ('16cfd4e2-a3f1-596e-a56c-17df664daa6c', 'd8085d8f-7aaa-5eb4-b47d-2e2fe79bfe43', 'f-a2-p0:A14', 'STANDARD', 1, 14, 'free');
INSERT INTO parking_spots (id, parking_lot_id, spot_number, zone, spot_row, spot_col, status) VALUES ('73dc2772-973c-5674-a72c-cea8c65d4a5b', 'd8085d8f-7aaa-5eb4-b47d-2e2fe79bfe43', 'f-a2-p0:A15', 'STANDARD', 1, 15, 'free');
INSERT INTO parking_spots (id, parking_lot_id, spot_number, zone, spot_row, spot_col, status) VALUES ('ea23361f-cc39-5814-b03f-a2e538e40c3c', 'd8085d8f-7aaa-5eb4-b47d-2e2fe79bfe43', 'f-a2-p0:B1', 'STANDARD', 2, 1, 'free');
INSERT INTO parking_spots (id, parking_lot_id, spot_number, zone, spot_row, spot_col, status) VALUES ('4d003ded-b59e-5a53-a083-37091da802a4', 'd8085d8f-7aaa-5eb4-b47d-2e2fe79bfe43', 'f-a2-p0:B2', 'STANDARD', 2, 2, 'free');
INSERT INTO parking_spots (id, parking_lot_id, spot_number, zone, spot_row, spot_col, status) VALUES ('d9448408-271a-5812-8f3a-5aa66f3abbe3', 'd8085d8f-7aaa-5eb4-b47d-2e2fe79bfe43', 'f-a2-p0:B3', 'STANDARD', 2, 3, 'free');
INSERT INTO parking_spots (id, parking_lot_id, spot_number, zone, spot_row, spot_col, status) VALUES ('d3f85741-c254-550e-9f22-9d995d6e62d7', 'd8085d8f-7aaa-5eb4-b47d-2e2fe79bfe43', 'f-a2-p0:B4', 'STANDARD', 2, 4, 'free');
INSERT INTO parking_spots (id, parking_lot_id, spot_number, zone, spot_row, spot_col, status) VALUES ('7218dec3-e44a-5562-aa6c-383939edf57a', 'd8085d8f-7aaa-5eb4-b47d-2e2fe79bfe43', 'f-a2-p0:B5', 'STANDARD', 2, 5, 'free');
INSERT INTO parking_spots (id, parking_lot_id, spot_number, zone, spot_row, spot_col, status) VALUES ('a94ab194-408b-50cc-92c5-fc71bd9dc3d0', 'd8085d8f-7aaa-5eb4-b47d-2e2fe79bfe43', 'f-a2-p0:B6', 'STANDARD', 2, 6, 'occupied');
INSERT INTO parking_spots (id, parking_lot_id, spot_number, zone, spot_row, spot_col, status) VALUES ('1231db0b-e9af-5766-9921-caaf35d30e10', 'd8085d8f-7aaa-5eb4-b47d-2e2fe79bfe43', 'f-a2-p0:B7', 'STANDARD', 2, 7, 'free');
INSERT INTO parking_spots (id, parking_lot_id, spot_number, zone, spot_row, spot_col, status) VALUES ('e36e290a-53b7-5fd1-b17a-0a0422fcd02b', 'd8085d8f-7aaa-5eb4-b47d-2e2fe79bfe43', 'f-a2-p0:B8', 'STANDARD', 2, 8, 'free');
INSERT INTO parking_spots (id, parking_lot_id, spot_number, zone, spot_row, spot_col, status) VALUES ('6fa268be-0582-5935-aaeb-fe3a9c700a8c', 'd8085d8f-7aaa-5eb4-b47d-2e2fe79bfe43', 'f-a2-p0:B9', 'STANDARD', 2, 9, 'free');
INSERT INTO parking_spots (id, parking_lot_id, spot_number, zone, spot_row, spot_col, status) VALUES ('92ce7700-484b-574c-b802-b4bea08b284a', 'd8085d8f-7aaa-5eb4-b47d-2e2fe79bfe43', 'f-a2-p0:B10', 'STANDARD', 2, 10, 'free');
INSERT INTO parking_spots (id, parking_lot_id, spot_number, zone, spot_row, spot_col, status) VALUES ('a4a0b5b0-d533-5cf0-8e08-e783d9a597cd', 'd8085d8f-7aaa-5eb4-b47d-2e2fe79bfe43', 'f-a2-p0:B11', 'STANDARD', 2, 11, 'free');
INSERT INTO parking_spots (id, parking_lot_id, spot_number, zone, spot_row, spot_col, status) VALUES ('47195442-4c91-5569-a5ad-e0253dd30d3b', 'd8085d8f-7aaa-5eb4-b47d-2e2fe79bfe43', 'f-a2-p0:B12', 'STANDARD', 2, 12, 'free');
INSERT INTO parking_spots (id, parking_lot_id, spot_number, zone, spot_row, spot_col, status) VALUES ('73a93b52-58b3-549e-ba45-057293f03116', 'd8085d8f-7aaa-5eb4-b47d-2e2fe79bfe43', 'f-a2-p0:B13', 'STANDARD', 2, 13, 'free');
INSERT INTO parking_spots (id, parking_lot_id, spot_number, zone, spot_row, spot_col, status) VALUES ('eaeccf6b-fadc-5efc-b799-72bf02bbed68', 'd8085d8f-7aaa-5eb4-b47d-2e2fe79bfe43', 'f-a2-p0:B14', 'STANDARD', 2, 14, 'free');
INSERT INTO parking_spots (id, parking_lot_id, spot_number, zone, spot_row, spot_col, status) VALUES ('33c9677b-47fe-5a1d-962f-62d04968e9c6', 'd8085d8f-7aaa-5eb4-b47d-2e2fe79bfe43', 'f-a2-p0:B15', 'STANDARD', 2, 15, 'free');
INSERT INTO parking_spots (id, parking_lot_id, spot_number, zone, spot_row, spot_col, status) VALUES ('317e4eec-ffdb-5411-8356-ca8e9d42bf82', 'd8085d8f-7aaa-5eb4-b47d-2e2fe79bfe43', 'f-a2-p0:C1', 'STANDARD', 3, 1, 'occupied');
INSERT INTO parking_spots (id, parking_lot_id, spot_number, zone, spot_row, spot_col, status) VALUES ('207231f6-6543-5daa-90ca-e0dd8da7fceb', 'd8085d8f-7aaa-5eb4-b47d-2e2fe79bfe43', 'f-a2-p0:C2', 'STANDARD', 3, 2, 'free');
INSERT INTO parking_spots (id, parking_lot_id, spot_number, zone, spot_row, spot_col, status) VALUES ('409dab8e-29df-5719-be8d-8b3347af00ed', 'd8085d8f-7aaa-5eb4-b47d-2e2fe79bfe43', 'f-a2-p0:C3', 'STANDARD', 3, 3, 'free');
INSERT INTO parking_spots (id, parking_lot_id, spot_number, zone, spot_row, spot_col, status) VALUES ('6c3210c5-8450-56a9-9a1c-fe3452985f22', 'd8085d8f-7aaa-5eb4-b47d-2e2fe79bfe43', 'f-a2-p0:C4', 'STANDARD', 3, 4, 'free');
INSERT INTO parking_spots (id, parking_lot_id, spot_number, zone, spot_row, spot_col, status) VALUES ('ec3dd243-2ce2-5aa4-9b1d-7a97944a88e9', 'd8085d8f-7aaa-5eb4-b47d-2e2fe79bfe43', 'f-a2-p0:C5', 'STANDARD', 3, 5, 'free');
INSERT INTO parking_spots (id, parking_lot_id, spot_number, zone, spot_row, spot_col, status) VALUES ('fc1f9e26-c283-5ce0-8c32-5f491a2b507c', 'd8085d8f-7aaa-5eb4-b47d-2e2fe79bfe43', 'f-a2-p0:C6', 'STANDARD', 3, 6, 'free');
INSERT INTO parking_spots (id, parking_lot_id, spot_number, zone, spot_row, spot_col, status) VALUES ('bc0b636a-0ce3-5c13-8906-13713247f76b', 'd8085d8f-7aaa-5eb4-b47d-2e2fe79bfe43', 'f-a2-p0:C7', 'STANDARD', 3, 7, 'free');
INSERT INTO parking_spots (id, parking_lot_id, spot_number, zone, spot_row, spot_col, status) VALUES ('62b2a0fd-cdbd-56b4-acb5-a6cf8dcaa4c1', 'd8085d8f-7aaa-5eb4-b47d-2e2fe79bfe43', 'f-a2-p0:C8', 'STANDARD', 3, 8, 'free');
INSERT INTO parking_spots (id, parking_lot_id, spot_number, zone, spot_row, spot_col, status) VALUES ('fb17c435-91c1-5ad8-a128-8a3520ee0e03', 'd8085d8f-7aaa-5eb4-b47d-2e2fe79bfe43', 'f-a2-p0:C9', 'STANDARD', 3, 9, 'free');
INSERT INTO parking_spots (id, parking_lot_id, spot_number, zone, spot_row, spot_col, status) VALUES ('3df0c333-4e91-5a6c-a6b5-ca68e7b46869', 'd8085d8f-7aaa-5eb4-b47d-2e2fe79bfe43', 'f-a2-p0:C10', 'STANDARD', 3, 10, 'free');
INSERT INTO parking_spots (id, parking_lot_id, spot_number, zone, spot_row, spot_col, status) VALUES ('280fabd1-98b7-5391-be2a-d7eddca451ce', 'd8085d8f-7aaa-5eb4-b47d-2e2fe79bfe43', 'f-a2-p0:C11', 'STANDARD', 3, 11, 'occupied');
INSERT INTO parking_spots (id, parking_lot_id, spot_number, zone, spot_row, spot_col, status) VALUES ('056c17c9-6ccb-592f-a41f-720da254da17', 'd8085d8f-7aaa-5eb4-b47d-2e2fe79bfe43', 'f-a2-p0:C12', 'STANDARD', 3, 12, 'free');
INSERT INTO parking_spots (id, parking_lot_id, spot_number, zone, spot_row, spot_col, status) VALUES ('6a34ba30-1365-5542-b9a0-830c62ac2757', 'd8085d8f-7aaa-5eb4-b47d-2e2fe79bfe43', 'f-a2-p0:C13', 'STANDARD', 3, 13, 'free');
INSERT INTO parking_spots (id, parking_lot_id, spot_number, zone, spot_row, spot_col, status) VALUES ('0aa8b306-0cb8-5e19-898d-27a8ea321fb3', 'd8085d8f-7aaa-5eb4-b47d-2e2fe79bfe43', 'f-a2-p0:C14', 'STANDARD', 3, 14, 'free');
INSERT INTO parking_spots (id, parking_lot_id, spot_number, zone, spot_row, spot_col, status) VALUES ('9865c76f-6fae-5fd3-bd61-52736b2465f1', 'd8085d8f-7aaa-5eb4-b47d-2e2fe79bfe43', 'f-a2-p0:C15', 'STANDARD', 3, 15, 'free');
INSERT INTO parking_spots (id, parking_lot_id, spot_number, zone, spot_row, spot_col, status) VALUES ('832987a7-f2de-57e0-a9f0-298e67bd3d14', 'd8085d8f-7aaa-5eb4-b47d-2e2fe79bfe43', 'f-a2-p0:D1', 'STANDARD', 4, 1, 'free');
INSERT INTO parking_spots (id, parking_lot_id, spot_number, zone, spot_row, spot_col, status) VALUES ('a57dde54-069c-5072-8684-ada4550235c5', 'd8085d8f-7aaa-5eb4-b47d-2e2fe79bfe43', 'f-a2-p0:D2', 'STANDARD', 4, 2, 'free');
INSERT INTO parking_spots (id, parking_lot_id, spot_number, zone, spot_row, spot_col, status) VALUES ('572f93dc-567a-5d28-9e10-d49e2b30c059', 'd8085d8f-7aaa-5eb4-b47d-2e2fe79bfe43', 'f-a2-p0:D3', 'STANDARD', 4, 3, 'free');
INSERT INTO parking_spots (id, parking_lot_id, spot_number, zone, spot_row, spot_col, status) VALUES ('8b9437a4-ec54-5edd-bdfe-8aeba807fce8', 'd8085d8f-7aaa-5eb4-b47d-2e2fe79bfe43', 'f-a2-p0:D4', 'STANDARD', 4, 4, 'free');
INSERT INTO parking_spots (id, parking_lot_id, spot_number, zone, spot_row, spot_col, status) VALUES ('17e4b025-57a9-563d-a779-e8e44be548a2', 'd8085d8f-7aaa-5eb4-b47d-2e2fe79bfe43', 'f-a2-p0:D5', 'STANDARD', 4, 5, 'free');
INSERT INTO parking_spots (id, parking_lot_id, spot_number, zone, spot_row, spot_col, status) VALUES ('b762cf93-ab6b-5e0e-bf30-f1ca4aa19559', 'd8085d8f-7aaa-5eb4-b47d-2e2fe79bfe43', 'f-a2-p0:D6', 'STANDARD', 4, 6, 'occupied');
INSERT INTO parking_spots (id, parking_lot_id, spot_number, zone, spot_row, spot_col, status) VALUES ('6299e386-2d72-51eb-820a-b93fc8b9e844', 'd8085d8f-7aaa-5eb4-b47d-2e2fe79bfe43', 'f-a2-p0:D7', 'STANDARD', 4, 7, 'free');
INSERT INTO parking_spots (id, parking_lot_id, spot_number, zone, spot_row, spot_col, status) VALUES ('b7d26e8f-3c70-53a0-90da-b5498c931942', 'd8085d8f-7aaa-5eb4-b47d-2e2fe79bfe43', 'f-a2-p0:D8', 'STANDARD', 4, 8, 'free');
INSERT INTO parking_spots (id, parking_lot_id, spot_number, zone, spot_row, spot_col, status) VALUES ('f8f46bef-1e6d-57ab-94b0-74d00a982031', 'd8085d8f-7aaa-5eb4-b47d-2e2fe79bfe43', 'f-a2-p0:D9', 'STANDARD', 4, 9, 'free');
INSERT INTO parking_spots (id, parking_lot_id, spot_number, zone, spot_row, spot_col, status) VALUES ('83103eab-ecbc-5129-823a-b8885cbbbaf1', 'd8085d8f-7aaa-5eb4-b47d-2e2fe79bfe43', 'f-a2-p0:D10', 'STANDARD', 4, 10, 'free');
INSERT INTO parking_spots (id, parking_lot_id, spot_number, zone, spot_row, spot_col, status) VALUES ('eb40976f-63fb-5956-a147-12e6c011c08d', 'd8085d8f-7aaa-5eb4-b47d-2e2fe79bfe43', 'f-a2-p0:D11', 'STANDARD', 4, 11, 'free');
INSERT INTO parking_spots (id, parking_lot_id, spot_number, zone, spot_row, spot_col, status) VALUES ('ff4575f8-f8dc-5c50-aef9-533ca867ac10', 'd8085d8f-7aaa-5eb4-b47d-2e2fe79bfe43', 'f-a2-p0:D12', 'STANDARD', 4, 12, 'free');
INSERT INTO parking_spots (id, parking_lot_id, spot_number, zone, spot_row, spot_col, status) VALUES ('cc364e87-0a2a-568e-81a3-6b2cd630fa0f', 'd8085d8f-7aaa-5eb4-b47d-2e2fe79bfe43', 'f-a2-p0:D13', 'STANDARD', 4, 13, 'free');
INSERT INTO parking_spots (id, parking_lot_id, spot_number, zone, spot_row, spot_col, status) VALUES ('92bf6417-a1f4-596d-8200-98af7cab4349', 'd8085d8f-7aaa-5eb4-b47d-2e2fe79bfe43', 'f-a2-p0:D14', 'STANDARD', 4, 14, 'free');
INSERT INTO parking_spots (id, parking_lot_id, spot_number, zone, spot_row, spot_col, status) VALUES ('743f115a-b6d3-52e3-a2cb-6d0082ed87df', 'd8085d8f-7aaa-5eb4-b47d-2e2fe79bfe43', 'f-a2-p0:D15', 'STANDARD', 4, 15, 'free');
INSERT INTO parking_spots (id, parking_lot_id, spot_number, zone, spot_row, spot_col, status) VALUES ('26ead336-6608-54ae-8b44-a15285361bb7', 'd8085d8f-7aaa-5eb4-b47d-2e2fe79bfe43', 'f-a2-p0:E1', 'STANDARD', 5, 1, 'free');
INSERT INTO parking_spots (id, parking_lot_id, spot_number, zone, spot_row, spot_col, status) VALUES ('589600b2-10ad-519f-9c42-3be586802081', 'd8085d8f-7aaa-5eb4-b47d-2e2fe79bfe43', 'f-a2-p0:E2', 'STANDARD', 5, 2, 'free');
INSERT INTO parking_spots (id, parking_lot_id, spot_number, zone, spot_row, spot_col, status) VALUES ('31b69d6a-2802-5ad6-b11e-061440ac9905', 'd8085d8f-7aaa-5eb4-b47d-2e2fe79bfe43', 'f-a2-p0:E3', 'STANDARD', 5, 3, 'free');
INSERT INTO parking_spots (id, parking_lot_id, spot_number, zone, spot_row, spot_col, status) VALUES ('c18693c0-b94f-51e2-81dc-a8aa8e43ab89', 'd8085d8f-7aaa-5eb4-b47d-2e2fe79bfe43', 'f-a2-p0:E4', 'STANDARD', 5, 4, 'free');
INSERT INTO parking_spots (id, parking_lot_id, spot_number, zone, spot_row, spot_col, status) VALUES ('23abb063-75eb-5b08-bc7c-576876e00012', 'd8085d8f-7aaa-5eb4-b47d-2e2fe79bfe43', 'f-a2-p0:E5', 'STANDARD', 5, 5, 'free');
INSERT INTO parking_spots (id, parking_lot_id, spot_number, zone, spot_row, spot_col, status) VALUES ('0bd0cfcb-57df-5770-bbb3-51821d42667a', 'd8085d8f-7aaa-5eb4-b47d-2e2fe79bfe43', 'f-a2-p0:E6', 'STANDARD', 5, 6, 'free');
INSERT INTO parking_spots (id, parking_lot_id, spot_number, zone, spot_row, spot_col, status) VALUES ('2e5f4fec-ecbf-59de-a88d-f0a02f11c11f', 'd8085d8f-7aaa-5eb4-b47d-2e2fe79bfe43', 'f-a2-p0:E7', 'STANDARD', 5, 7, 'free');
INSERT INTO parking_spots (id, parking_lot_id, spot_number, zone, spot_row, spot_col, status) VALUES ('9c67fe35-2361-5183-b338-50364a5e2c90', 'd8085d8f-7aaa-5eb4-b47d-2e2fe79bfe43', 'f-a2-p0:E8', 'STANDARD', 5, 8, 'free');
INSERT INTO parking_spots (id, parking_lot_id, spot_number, zone, spot_row, spot_col, status) VALUES ('dd582ffd-1006-538a-a309-3225f1b65cd3', 'd8085d8f-7aaa-5eb4-b47d-2e2fe79bfe43', 'f-a2-p0:E9', 'STANDARD', 5, 9, 'free');
INSERT INTO parking_spots (id, parking_lot_id, spot_number, zone, spot_row, spot_col, status) VALUES ('a974b2a4-f43c-50b6-bc72-a86b133d47af', 'd8085d8f-7aaa-5eb4-b47d-2e2fe79bfe43', 'f-a2-p0:E10', 'STANDARD', 5, 10, 'free');
INSERT INTO parking_spots (id, parking_lot_id, spot_number, zone, spot_row, spot_col, status) VALUES ('559a461c-4e18-5b12-bdc7-06fffa847e08', 'd8085d8f-7aaa-5eb4-b47d-2e2fe79bfe43', 'f-a2-p0:E11', 'STANDARD', 5, 11, 'free');
INSERT INTO parking_spots (id, parking_lot_id, spot_number, zone, spot_row, spot_col, status) VALUES ('176259bf-b0a7-5087-8274-f8b0dcf6a99f', 'd8085d8f-7aaa-5eb4-b47d-2e2fe79bfe43', 'f-a2-p0:E12', 'STANDARD', 5, 12, 'free');
INSERT INTO parking_spots (id, parking_lot_id, spot_number, zone, spot_row, spot_col, status) VALUES ('b956d2d8-ab96-5894-a27e-89d2c331d566', 'd8085d8f-7aaa-5eb4-b47d-2e2fe79bfe43', 'f-a2-p0:E13', 'STANDARD', 5, 13, 'free');
INSERT INTO parking_spots (id, parking_lot_id, spot_number, zone, spot_row, spot_col, status) VALUES ('f2c56645-b132-54fc-a336-b41a04efb0db', 'd8085d8f-7aaa-5eb4-b47d-2e2fe79bfe43', 'f-a2-p0:E14', 'STANDARD', 5, 14, 'free');
INSERT INTO parking_spots (id, parking_lot_id, spot_number, zone, spot_row, spot_col, status) VALUES ('f5bf5f59-0f58-5367-b072-7f9a60b8b260', 'd8085d8f-7aaa-5eb4-b47d-2e2fe79bfe43', 'f-a2-p0:E15', 'STANDARD', 5, 15, 'free');
INSERT INTO parking_spots (id, parking_lot_id, spot_number, zone, spot_row, spot_col, status) VALUES ('0a6c01c3-e9fa-5c18-9182-03a589dc79ac', 'd8085d8f-7aaa-5eb4-b47d-2e2fe79bfe43', 'f-a2-p0:F1', 'STANDARD', 6, 1, 'free');
INSERT INTO parking_spots (id, parking_lot_id, spot_number, zone, spot_row, spot_col, status) VALUES ('771bc192-6a33-51c1-afd7-c15467b65348', 'd8085d8f-7aaa-5eb4-b47d-2e2fe79bfe43', 'f-a2-p0:F2', 'STANDARD', 6, 2, 'free');
INSERT INTO parking_spots (id, parking_lot_id, spot_number, zone, spot_row, spot_col, status) VALUES ('a4913529-1360-5ae6-888c-e1c32596b2a6', 'd8085d8f-7aaa-5eb4-b47d-2e2fe79bfe43', 'f-a2-p0:F3', 'STANDARD', 6, 3, 'free');
INSERT INTO parking_spots (id, parking_lot_id, spot_number, zone, spot_row, spot_col, status) VALUES ('fff8f311-2051-5a8d-a090-91492a55c8e7', 'd8085d8f-7aaa-5eb4-b47d-2e2fe79bfe43', 'f-a2-p0:F4', 'STANDARD', 6, 4, 'free');
INSERT INTO parking_spots (id, parking_lot_id, spot_number, zone, spot_row, spot_col, status) VALUES ('9c87b64f-fe11-576f-81f0-5b9c4cc7d7c7', 'd8085d8f-7aaa-5eb4-b47d-2e2fe79bfe43', 'f-a2-p0:F5', 'STANDARD', 6, 5, 'free');
INSERT INTO parking_spots (id, parking_lot_id, spot_number, zone, spot_row, spot_col, status) VALUES ('3b561c15-6ddf-50f5-9816-c5bb1d8bae57', 'd8085d8f-7aaa-5eb4-b47d-2e2fe79bfe43', 'f-a2-p0:F6', 'STANDARD', 6, 6, 'free');
INSERT INTO parking_spots (id, parking_lot_id, spot_number, zone, spot_row, spot_col, status) VALUES ('e6d49a7c-894d-58b3-8943-428026407042', 'd8085d8f-7aaa-5eb4-b47d-2e2fe79bfe43', 'f-a2-p0:F7', 'STANDARD', 6, 7, 'free');
INSERT INTO parking_spots (id, parking_lot_id, spot_number, zone, spot_row, spot_col, status) VALUES ('9690d758-b211-571d-8230-577b6f93f24e', 'd8085d8f-7aaa-5eb4-b47d-2e2fe79bfe43', 'f-a2-p0:F8', 'STANDARD', 6, 8, 'free');
INSERT INTO parking_spots (id, parking_lot_id, spot_number, zone, spot_row, spot_col, status) VALUES ('d1cd4370-b150-542c-9ad3-b23cbc047916', 'd8085d8f-7aaa-5eb4-b47d-2e2fe79bfe43', 'f-a2-p0:F9', 'STANDARD', 6, 9, 'free');
INSERT INTO parking_spots (id, parking_lot_id, spot_number, zone, spot_row, spot_col, status) VALUES ('9ce3b730-a0bc-5b7d-9370-dcfedae87713', 'd8085d8f-7aaa-5eb4-b47d-2e2fe79bfe43', 'f-a2-p0:F10', 'STANDARD', 6, 10, 'free');
INSERT INTO parking_spots (id, parking_lot_id, spot_number, zone, spot_row, spot_col, status) VALUES ('acc39981-baad-56f6-a376-4498b20bacbf', 'd8085d8f-7aaa-5eb4-b47d-2e2fe79bfe43', 'f-a2-p0:F11', 'STANDARD', 6, 11, 'free');
INSERT INTO parking_spots (id, parking_lot_id, spot_number, zone, spot_row, spot_col, status) VALUES ('4f18f35b-f373-5c70-aca5-d34ced9e344d', 'd8085d8f-7aaa-5eb4-b47d-2e2fe79bfe43', 'f-a2-p0:F12', 'STANDARD', 6, 12, 'free');
INSERT INTO parking_spots (id, parking_lot_id, spot_number, zone, spot_row, spot_col, status) VALUES ('d8069d63-0911-574a-84c2-b9471bd1789c', 'd8085d8f-7aaa-5eb4-b47d-2e2fe79bfe43', 'f-a2-p0:F13', 'STANDARD', 6, 13, 'free');
INSERT INTO parking_spots (id, parking_lot_id, spot_number, zone, spot_row, spot_col, status) VALUES ('e1d7986d-c923-5688-bc87-f7e52dd0ab61', 'd8085d8f-7aaa-5eb4-b47d-2e2fe79bfe43', 'f-a2-p0:F14', 'STANDARD', 6, 14, 'free');
INSERT INTO parking_spots (id, parking_lot_id, spot_number, zone, spot_row, spot_col, status) VALUES ('d03a9f57-f3c8-5d3d-b9c8-e009b5da6c29', 'd8085d8f-7aaa-5eb4-b47d-2e2fe79bfe43', 'f-a2-p0:F15', 'STANDARD', 6, 15, 'free');
INSERT INTO parking_spots (id, parking_lot_id, spot_number, zone, spot_row, spot_col, status) VALUES ('b58c7132-4815-52e0-98b8-ff2b24a0c718', 'd8085d8f-7aaa-5eb4-b47d-2e2fe79bfe43', 'f-a2-p0:G1', 'STANDARD', 7, 1, 'free');
INSERT INTO parking_spots (id, parking_lot_id, spot_number, zone, spot_row, spot_col, status) VALUES ('61fc42d8-2bac-5c54-9ff9-a59bf0c3b1a2', 'd8085d8f-7aaa-5eb4-b47d-2e2fe79bfe43', 'f-a2-p0:G2', 'STANDARD', 7, 2, 'free');
INSERT INTO parking_spots (id, parking_lot_id, spot_number, zone, spot_row, spot_col, status) VALUES ('7a1042d6-2544-5c9e-ae7f-27ce88615828', 'd8085d8f-7aaa-5eb4-b47d-2e2fe79bfe43', 'f-a2-p0:G3', 'STANDARD', 7, 3, 'free');
INSERT INTO parking_spots (id, parking_lot_id, spot_number, zone, spot_row, spot_col, status) VALUES ('431dc230-ad66-5b16-a33b-152debd2aae7', 'd8085d8f-7aaa-5eb4-b47d-2e2fe79bfe43', 'f-a2-p0:G4', 'STANDARD', 7, 4, 'free');
INSERT INTO parking_spots (id, parking_lot_id, spot_number, zone, spot_row, spot_col, status) VALUES ('85076748-4025-537b-865f-1207dce7b74e', 'd8085d8f-7aaa-5eb4-b47d-2e2fe79bfe43', 'f-a2-p0:G5', 'STANDARD', 7, 5, 'free');
INSERT INTO parking_spots (id, parking_lot_id, spot_number, zone, spot_row, spot_col, status) VALUES ('44ed33fa-71ad-53c2-a34f-688dc37685af', 'd8085d8f-7aaa-5eb4-b47d-2e2fe79bfe43', 'f-a2-p0:G6', 'STANDARD', 7, 6, 'free');
INSERT INTO parking_spots (id, parking_lot_id, spot_number, zone, spot_row, spot_col, status) VALUES ('bce47502-1564-5c4b-a2eb-231cbbbcc6a0', 'd8085d8f-7aaa-5eb4-b47d-2e2fe79bfe43', 'f-a2-p0:G7', 'STANDARD', 7, 7, 'free');
INSERT INTO parking_spots (id, parking_lot_id, spot_number, zone, spot_row, spot_col, status) VALUES ('fb7f9cf3-210a-5bc2-9463-08be2c47a2ea', 'd8085d8f-7aaa-5eb4-b47d-2e2fe79bfe43', 'f-a2-p0:G8', 'STANDARD', 7, 8, 'free');
INSERT INTO parking_spots (id, parking_lot_id, spot_number, zone, spot_row, spot_col, status) VALUES ('06ce3229-957f-5330-8e9a-71f8d3a990a1', 'd8085d8f-7aaa-5eb4-b47d-2e2fe79bfe43', 'f-a2-p0:G9', 'STANDARD', 7, 9, 'free');
INSERT INTO parking_spots (id, parking_lot_id, spot_number, zone, spot_row, spot_col, status) VALUES ('08e36391-60e1-5eac-8110-c1b330877873', 'd8085d8f-7aaa-5eb4-b47d-2e2fe79bfe43', 'f-a2-p0:G10', 'STANDARD', 7, 10, 'free');
INSERT INTO parking_spots (id, parking_lot_id, spot_number, zone, spot_row, spot_col, status) VALUES ('084193d9-a038-53b2-8e75-2e896284cd2f', 'd8085d8f-7aaa-5eb4-b47d-2e2fe79bfe43', 'f-a2-p0:G11', 'STANDARD', 7, 11, 'free');
INSERT INTO parking_spots (id, parking_lot_id, spot_number, zone, spot_row, spot_col, status) VALUES ('87e74a39-4ec1-5a76-a19b-bf19cc8f98fa', 'd8085d8f-7aaa-5eb4-b47d-2e2fe79bfe43', 'f-a2-p0:G12', 'STANDARD', 7, 12, 'free');
INSERT INTO parking_spots (id, parking_lot_id, spot_number, zone, spot_row, spot_col, status) VALUES ('c669700d-fc26-545a-9c78-554b756e3fb0', 'd8085d8f-7aaa-5eb4-b47d-2e2fe79bfe43', 'f-a2-p0:G13', 'STANDARD', 7, 13, 'free');
INSERT INTO parking_spots (id, parking_lot_id, spot_number, zone, spot_row, spot_col, status) VALUES ('7f0df437-9552-52b8-aa7a-6a318272c330', 'd8085d8f-7aaa-5eb4-b47d-2e2fe79bfe43', 'f-a2-p0:G14', 'STANDARD', 7, 14, 'free');
INSERT INTO parking_spots (id, parking_lot_id, spot_number, zone, spot_row, spot_col, status) VALUES ('333a57a3-4d7b-5b65-ab41-a7e1234c24ea', 'd8085d8f-7aaa-5eb4-b47d-2e2fe79bfe43', 'f-a2-p0:G15', 'STANDARD', 7, 15, 'free');
INSERT INTO parking_spots (id, parking_lot_id, spot_number, zone, spot_row, spot_col, status) VALUES ('168e43a3-deb0-5714-be60-e583d8b46aad', 'd8085d8f-7aaa-5eb4-b47d-2e2fe79bfe43', 'f-a2-p0:H1', 'STANDARD', 8, 1, 'free');
INSERT INTO parking_spots (id, parking_lot_id, spot_number, zone, spot_row, spot_col, status) VALUES ('4e704454-5857-53ab-ae57-4f4038110b00', 'd8085d8f-7aaa-5eb4-b47d-2e2fe79bfe43', 'f-a2-p0:H2', 'STANDARD', 8, 2, 'free');
INSERT INTO parking_spots (id, parking_lot_id, spot_number, zone, spot_row, spot_col, status) VALUES ('6025c4eb-ac2f-5572-8bbb-ac30394c05a2', 'd8085d8f-7aaa-5eb4-b47d-2e2fe79bfe43', 'f-a2-p0:H3', 'STANDARD', 8, 3, 'free');
INSERT INTO parking_spots (id, parking_lot_id, spot_number, zone, spot_row, spot_col, status) VALUES ('02f3e08c-a28d-5c2e-9236-602d5539ca6f', 'd8085d8f-7aaa-5eb4-b47d-2e2fe79bfe43', 'f-a2-p0:H4', 'STANDARD', 8, 4, 'free');
INSERT INTO parking_spots (id, parking_lot_id, spot_number, zone, spot_row, spot_col, status) VALUES ('3fb887a4-662f-5131-9b94-41a4d96f6bc0', 'd8085d8f-7aaa-5eb4-b47d-2e2fe79bfe43', 'f-a2-p0:H5', 'STANDARD', 8, 5, 'free');
INSERT INTO parking_spots (id, parking_lot_id, spot_number, zone, spot_row, spot_col, status) VALUES ('4d3e45d6-88da-500d-8f6f-1e5c6e173121', 'd8085d8f-7aaa-5eb4-b47d-2e2fe79bfe43', 'f-a2-p0:H6', 'STANDARD', 8, 6, 'free');
INSERT INTO parking_spots (id, parking_lot_id, spot_number, zone, spot_row, spot_col, status) VALUES ('6ec6e0d4-f4c0-5a1d-9fc7-335aa72e4fec', 'd8085d8f-7aaa-5eb4-b47d-2e2fe79bfe43', 'f-a2-p0:H7', 'STANDARD', 8, 7, 'free');
INSERT INTO parking_spots (id, parking_lot_id, spot_number, zone, spot_row, spot_col, status) VALUES ('1f9dec96-a9b2-5f64-b18b-ac99c48ad748', 'd8085d8f-7aaa-5eb4-b47d-2e2fe79bfe43', 'f-a2-p0:H8', 'STANDARD', 8, 8, 'free');
INSERT INTO parking_spots (id, parking_lot_id, spot_number, zone, spot_row, spot_col, status) VALUES ('5376c5d9-752b-531c-95dc-e27ecf25e70d', 'd8085d8f-7aaa-5eb4-b47d-2e2fe79bfe43', 'f-a2-p0:H9', 'STANDARD', 8, 9, 'free');
INSERT INTO parking_spots (id, parking_lot_id, spot_number, zone, spot_row, spot_col, status) VALUES ('d912f26c-c58c-5e86-9f4f-262a283585b0', 'd8085d8f-7aaa-5eb4-b47d-2e2fe79bfe43', 'f-a2-p0:H10', 'STANDARD', 8, 10, 'free');
INSERT INTO parking_spots (id, parking_lot_id, spot_number, zone, spot_row, spot_col, status) VALUES ('c84051a7-0603-5ad4-8cff-1587b8b7a20f', 'd8085d8f-7aaa-5eb4-b47d-2e2fe79bfe43', 'f-a2-p0:H11', 'STANDARD', 8, 11, 'free');
INSERT INTO parking_spots (id, parking_lot_id, spot_number, zone, spot_row, spot_col, status) VALUES ('305fccb8-4abe-5be3-89a2-6c9b219447fd', 'd8085d8f-7aaa-5eb4-b47d-2e2fe79bfe43', 'f-a2-p0:H12', 'STANDARD', 8, 12, 'free');
INSERT INTO parking_spots (id, parking_lot_id, spot_number, zone, spot_row, spot_col, status) VALUES ('60d8cca7-84c3-52c3-b2f4-25e11c32942d', 'd8085d8f-7aaa-5eb4-b47d-2e2fe79bfe43', 'f-a2-p0:H13', 'STANDARD', 8, 13, 'free');
INSERT INTO parking_spots (id, parking_lot_id, spot_number, zone, spot_row, spot_col, status) VALUES ('35b5cd4d-5eaf-51b7-90c9-fe962ddb4c1f', 'd8085d8f-7aaa-5eb4-b47d-2e2fe79bfe43', 'f-a2-p0:H14', 'STANDARD', 8, 14, 'free');
INSERT INTO parking_spots (id, parking_lot_id, spot_number, zone, spot_row, spot_col, status) VALUES ('b5e13755-5779-521f-8aac-f0d79d71b34a', 'd8085d8f-7aaa-5eb4-b47d-2e2fe79bfe43', 'f-a2-p0:H15', 'STANDARD', 8, 15, 'free');
INSERT INTO parking_spots (id, parking_lot_id, spot_number, zone, spot_row, spot_col, status) VALUES ('98898198-d7f4-5b90-bb75-867fd75387eb', 'd8085d8f-7aaa-5eb4-b47d-2e2fe79bfe43', 'f-a2-p0:I1', 'STANDARD', 9, 1, 'free');
INSERT INTO parking_spots (id, parking_lot_id, spot_number, zone, spot_row, spot_col, status) VALUES ('d6c9936a-0673-544b-8df3-ecb142eecb16', 'd8085d8f-7aaa-5eb4-b47d-2e2fe79bfe43', 'f-a2-p0:I2', 'STANDARD', 9, 2, 'free');
INSERT INTO parking_spots (id, parking_lot_id, spot_number, zone, spot_row, spot_col, status) VALUES ('77070f81-fe13-5514-9479-d9c495ca922a', 'd8085d8f-7aaa-5eb4-b47d-2e2fe79bfe43', 'f-a2-p0:I3', 'STANDARD', 9, 3, 'free');
INSERT INTO parking_spots (id, parking_lot_id, spot_number, zone, spot_row, spot_col, status) VALUES ('9a378a9c-f37a-544f-bf80-fdfd39bd2860', 'd8085d8f-7aaa-5eb4-b47d-2e2fe79bfe43', 'f-a2-p0:I4', 'STANDARD', 9, 4, 'free');
INSERT INTO parking_spots (id, parking_lot_id, spot_number, zone, spot_row, spot_col, status) VALUES ('919b73e8-9b50-5ca7-9e88-1f16776a2e23', 'd8085d8f-7aaa-5eb4-b47d-2e2fe79bfe43', 'f-a2-p0:I5', 'STANDARD', 9, 5, 'free');
INSERT INTO parking_spots (id, parking_lot_id, spot_number, zone, spot_row, spot_col, status) VALUES ('1e0b505d-248d-5370-a327-c716e2605821', 'd8085d8f-7aaa-5eb4-b47d-2e2fe79bfe43', 'f-a2-p0:I6', 'STANDARD', 9, 6, 'free');
INSERT INTO parking_spots (id, parking_lot_id, spot_number, zone, spot_row, spot_col, status) VALUES ('6ede79b3-d2ec-5b4b-a06c-8a44073d976b', 'd8085d8f-7aaa-5eb4-b47d-2e2fe79bfe43', 'f-a2-p0:I7', 'STANDARD', 9, 7, 'free');
INSERT INTO parking_spots (id, parking_lot_id, spot_number, zone, spot_row, spot_col, status) VALUES ('9b2b17ba-e07c-5681-ab73-83c126a5042a', 'd8085d8f-7aaa-5eb4-b47d-2e2fe79bfe43', 'f-a2-p0:I8', 'STANDARD', 9, 8, 'free');
INSERT INTO parking_spots (id, parking_lot_id, spot_number, zone, spot_row, spot_col, status) VALUES ('a53c473f-33d7-5d6f-b817-7f80fdb83c39', 'd8085d8f-7aaa-5eb4-b47d-2e2fe79bfe43', 'f-a2-p0:I9', 'STANDARD', 9, 9, 'free');
INSERT INTO parking_spots (id, parking_lot_id, spot_number, zone, spot_row, spot_col, status) VALUES ('fea5ffc7-b199-53bd-a374-6f30184c4fb9', 'd8085d8f-7aaa-5eb4-b47d-2e2fe79bfe43', 'f-a2-p0:I10', 'STANDARD', 9, 10, 'free');
INSERT INTO parking_spots (id, parking_lot_id, spot_number, zone, spot_row, spot_col, status) VALUES ('2e44582d-1443-505b-bf8c-a512976a0a2b', 'd8085d8f-7aaa-5eb4-b47d-2e2fe79bfe43', 'f-a2-p0:I11', 'STANDARD', 9, 11, 'free');
INSERT INTO parking_spots (id, parking_lot_id, spot_number, zone, spot_row, spot_col, status) VALUES ('6d793904-ff73-5062-b0e5-1f1d9de638d4', 'd8085d8f-7aaa-5eb4-b47d-2e2fe79bfe43', 'f-a2-p0:I12', 'STANDARD', 9, 12, 'free');
INSERT INTO parking_spots (id, parking_lot_id, spot_number, zone, spot_row, spot_col, status) VALUES ('4060af61-8cc1-5e41-9c73-2d0bde81d8f4', 'd8085d8f-7aaa-5eb4-b47d-2e2fe79bfe43', 'f-a2-p0:I13', 'STANDARD', 9, 13, 'free');
INSERT INTO parking_spots (id, parking_lot_id, spot_number, zone, spot_row, spot_col, status) VALUES ('1edcc271-fe4e-525d-ab4a-d5854f5d55cb', 'd8085d8f-7aaa-5eb4-b47d-2e2fe79bfe43', 'f-a2-p0:I14', 'STANDARD', 9, 14, 'free');
INSERT INTO parking_spots (id, parking_lot_id, spot_number, zone, spot_row, spot_col, status) VALUES ('7a0c8396-bea5-5b86-828e-885f573c3324', 'd8085d8f-7aaa-5eb4-b47d-2e2fe79bfe43', 'f-a2-p0:I15', 'STANDARD', 9, 15, 'free');
INSERT INTO parking_spots (id, parking_lot_id, spot_number, zone, spot_row, spot_col, status) VALUES ('9e01d429-505d-5f9e-8dae-5d7bcd017dac', 'd8085d8f-7aaa-5eb4-b47d-2e2fe79bfe43', 'f-a2-p0:J1', 'STANDARD', 10, 1, 'free');
INSERT INTO parking_spots (id, parking_lot_id, spot_number, zone, spot_row, spot_col, status) VALUES ('7207deb9-c183-54c0-9e6d-a897aeddf556', 'd8085d8f-7aaa-5eb4-b47d-2e2fe79bfe43', 'f-a2-p0:J2', 'STANDARD', 10, 2, 'free');
INSERT INTO parking_spots (id, parking_lot_id, spot_number, zone, spot_row, spot_col, status) VALUES ('8c99ee05-daf4-58d1-897e-a822e02ab33c', 'd8085d8f-7aaa-5eb4-b47d-2e2fe79bfe43', 'f-a2-p0:J3', 'STANDARD', 10, 3, 'free');
INSERT INTO parking_spots (id, parking_lot_id, spot_number, zone, spot_row, spot_col, status) VALUES ('a66fea94-0076-52e7-8011-2ff622d09d49', 'd8085d8f-7aaa-5eb4-b47d-2e2fe79bfe43', 'f-a2-p0:J4', 'STANDARD', 10, 4, 'free');
INSERT INTO parking_spots (id, parking_lot_id, spot_number, zone, spot_row, spot_col, status) VALUES ('b4662d79-0d9a-5a74-ae36-4bb6a06559f1', 'd8085d8f-7aaa-5eb4-b47d-2e2fe79bfe43', 'f-a2-p0:J5', 'STANDARD', 10, 5, 'free');
INSERT INTO parking_spots (id, parking_lot_id, spot_number, zone, spot_row, spot_col, status) VALUES ('31509d10-64a7-5cb9-93a9-4a43096a0bc8', 'd8085d8f-7aaa-5eb4-b47d-2e2fe79bfe43', 'f-a2-p0:J6', 'EV', 10, 6, 'ev');
INSERT INTO parking_spots (id, parking_lot_id, spot_number, zone, spot_row, spot_col, status) VALUES ('1cbbe69d-9de8-5f02-9789-1cbab4df0d79', 'd8085d8f-7aaa-5eb4-b47d-2e2fe79bfe43', 'f-a2-p0:J7', 'STANDARD', 10, 7, 'free');
INSERT INTO parking_spots (id, parking_lot_id, spot_number, zone, spot_row, spot_col, status) VALUES ('480c726c-2812-5bed-aee3-511bdd25a650', 'd8085d8f-7aaa-5eb4-b47d-2e2fe79bfe43', 'f-a2-p0:J8', 'STANDARD', 10, 8, 'free');
INSERT INTO parking_spots (id, parking_lot_id, spot_number, zone, spot_row, spot_col, status) VALUES ('8e9e5715-7f32-5c78-b638-e2ad53932f9a', 'd8085d8f-7aaa-5eb4-b47d-2e2fe79bfe43', 'f-a2-p0:J9', 'STANDARD', 10, 9, 'free');
INSERT INTO parking_spots (id, parking_lot_id, spot_number, zone, spot_row, spot_col, status) VALUES ('8ffeeb11-5804-5852-b20d-ef0b9c450851', 'd8085d8f-7aaa-5eb4-b47d-2e2fe79bfe43', 'f-a2-p0:J10', 'STANDARD', 10, 10, 'free');
INSERT INTO parking_spots (id, parking_lot_id, spot_number, zone, spot_row, spot_col, status) VALUES ('cadabf1a-de27-5f62-94fd-3ebf6200ebe3', 'd8085d8f-7aaa-5eb4-b47d-2e2fe79bfe43', 'f-a2-p0:J11', 'STANDARD', 10, 11, 'free');
INSERT INTO parking_spots (id, parking_lot_id, spot_number, zone, spot_row, spot_col, status) VALUES ('c211a648-982d-544d-8e8e-697ff074dff3', 'd8085d8f-7aaa-5eb4-b47d-2e2fe79bfe43', 'f-a2-p0:J12', 'STANDARD', 10, 12, 'free');
INSERT INTO parking_spots (id, parking_lot_id, spot_number, zone, spot_row, spot_col, status) VALUES ('45045123-58c8-53ba-88cd-0a0eb13292a4', 'd8085d8f-7aaa-5eb4-b47d-2e2fe79bfe43', 'f-a2-p0:J13', 'STANDARD', 10, 13, 'free');
INSERT INTO parking_spots (id, parking_lot_id, spot_number, zone, spot_row, spot_col, status) VALUES ('83f11261-7c07-5fb5-874d-45bc2377475c', 'd8085d8f-7aaa-5eb4-b47d-2e2fe79bfe43', 'f-a2-p0:J14', 'STANDARD', 10, 14, 'free');
INSERT INTO parking_spots (id, parking_lot_id, spot_number, zone, spot_row, spot_col, status) VALUES ('a2b6fe23-22ea-5317-9cf3-7a1887a84f6d', 'd8085d8f-7aaa-5eb4-b47d-2e2fe79bfe43', 'f-a2-p0:J15', 'STANDARD', 10, 15, 'free');
INSERT INTO parking_spots (id, parking_lot_id, spot_number, zone, spot_row, spot_col, status) VALUES ('aac303cb-60be-5e8c-a309-c3f5fd001521', 'd8085d8f-7aaa-5eb4-b47d-2e2fe79bfe43', 'f-a2-p-1:A1', 'STANDARD', 1, 1, 'free');
INSERT INTO parking_spots (id, parking_lot_id, spot_number, zone, spot_row, spot_col, status) VALUES ('50ebbd9e-38d6-5fe8-bc89-828d91cc12d2', 'd8085d8f-7aaa-5eb4-b47d-2e2fe79bfe43', 'f-a2-p-1:A2', 'STANDARD', 1, 2, 'free');
INSERT INTO parking_spots (id, parking_lot_id, spot_number, zone, spot_row, spot_col, status) VALUES ('08ea34c7-2fcc-5756-9147-3fb88f07db98', 'd8085d8f-7aaa-5eb4-b47d-2e2fe79bfe43', 'f-a2-p-1:A3', 'STANDARD', 1, 3, 'free');
INSERT INTO parking_spots (id, parking_lot_id, spot_number, zone, spot_row, spot_col, status) VALUES ('20bf0ec1-c413-5a50-98f3-b26f9589ab41', 'd8085d8f-7aaa-5eb4-b47d-2e2fe79bfe43', 'f-a2-p-1:A4', 'STANDARD', 1, 4, 'free');
INSERT INTO parking_spots (id, parking_lot_id, spot_number, zone, spot_row, spot_col, status) VALUES ('f24898e9-3ff2-555e-936b-173c3e67e151', 'd8085d8f-7aaa-5eb4-b47d-2e2fe79bfe43', 'f-a2-p-1:A5', 'STANDARD', 1, 5, 'free');
INSERT INTO parking_spots (id, parking_lot_id, spot_number, zone, spot_row, spot_col, status) VALUES ('55273941-33bc-5bce-bc21-4d627dd057c2', 'd8085d8f-7aaa-5eb4-b47d-2e2fe79bfe43', 'f-a2-p-1:A6', 'STANDARD', 1, 6, 'occupied');
INSERT INTO parking_spots (id, parking_lot_id, spot_number, zone, spot_row, spot_col, status) VALUES ('4d20148f-9eee-58b8-8bfe-524a6c0b2ce6', 'd8085d8f-7aaa-5eb4-b47d-2e2fe79bfe43', 'f-a2-p-1:A7', 'STANDARD', 1, 7, 'free');
INSERT INTO parking_spots (id, parking_lot_id, spot_number, zone, spot_row, spot_col, status) VALUES ('1b5af1a7-3cfe-535a-865c-566e7c8ab758', 'd8085d8f-7aaa-5eb4-b47d-2e2fe79bfe43', 'f-a2-p-1:A8', 'STANDARD', 1, 8, 'free');
INSERT INTO parking_spots (id, parking_lot_id, spot_number, zone, spot_row, spot_col, status) VALUES ('c3b1cedd-c3fd-5c82-bbab-f587271cf8ad', 'd8085d8f-7aaa-5eb4-b47d-2e2fe79bfe43', 'f-a2-p-1:A9', 'STANDARD', 1, 9, 'free');
INSERT INTO parking_spots (id, parking_lot_id, spot_number, zone, spot_row, spot_col, status) VALUES ('02ec3e09-d8f4-5a61-8cad-de716421a1ae', 'd8085d8f-7aaa-5eb4-b47d-2e2fe79bfe43', 'f-a2-p-1:A10', 'STANDARD', 1, 10, 'free');
INSERT INTO parking_spots (id, parking_lot_id, spot_number, zone, spot_row, spot_col, status) VALUES ('c5c46e68-32d3-510b-8cce-850cb8353d7f', 'd8085d8f-7aaa-5eb4-b47d-2e2fe79bfe43', 'f-a2-p-1:A11', 'STANDARD', 1, 11, 'free');
INSERT INTO parking_spots (id, parking_lot_id, spot_number, zone, spot_row, spot_col, status) VALUES ('2f5d94c4-a617-57ed-be79-f41b0dbf6b23', 'd8085d8f-7aaa-5eb4-b47d-2e2fe79bfe43', 'f-a2-p-1:A12', 'STANDARD', 1, 12, 'free');
INSERT INTO parking_spots (id, parking_lot_id, spot_number, zone, spot_row, spot_col, status) VALUES ('aa701e64-1c51-5dfc-8496-42616089e9d4', 'd8085d8f-7aaa-5eb4-b47d-2e2fe79bfe43', 'f-a2-p-1:A13', 'STANDARD', 1, 13, 'free');
INSERT INTO parking_spots (id, parking_lot_id, spot_number, zone, spot_row, spot_col, status) VALUES ('75fe998e-7637-5247-b062-41be50238e44', 'd8085d8f-7aaa-5eb4-b47d-2e2fe79bfe43', 'f-a2-p-1:A14', 'STANDARD', 1, 14, 'free');
INSERT INTO parking_spots (id, parking_lot_id, spot_number, zone, spot_row, spot_col, status) VALUES ('4b3695d7-cda5-5779-8687-3c61e398898c', 'd8085d8f-7aaa-5eb4-b47d-2e2fe79bfe43', 'f-a2-p-1:A15', 'STANDARD', 1, 15, 'free');
INSERT INTO parking_spots (id, parking_lot_id, spot_number, zone, spot_row, spot_col, status) VALUES ('eb87e16e-aa2c-5322-873d-118d8cf3d1ff', 'd8085d8f-7aaa-5eb4-b47d-2e2fe79bfe43', 'f-a2-p-1:B1', 'STANDARD', 2, 1, 'occupied');
INSERT INTO parking_spots (id, parking_lot_id, spot_number, zone, spot_row, spot_col, status) VALUES ('0fe31071-369d-5601-a8b4-10d689cb70b8', 'd8085d8f-7aaa-5eb4-b47d-2e2fe79bfe43', 'f-a2-p-1:B2', 'STANDARD', 2, 2, 'free');
INSERT INTO parking_spots (id, parking_lot_id, spot_number, zone, spot_row, spot_col, status) VALUES ('3096eb14-298b-5214-822d-255aa923804f', 'd8085d8f-7aaa-5eb4-b47d-2e2fe79bfe43', 'f-a2-p-1:B3', 'STANDARD', 2, 3, 'free');
INSERT INTO parking_spots (id, parking_lot_id, spot_number, zone, spot_row, spot_col, status) VALUES ('67630d41-eb62-5b90-91e9-b5ab3bd79b3d', 'd8085d8f-7aaa-5eb4-b47d-2e2fe79bfe43', 'f-a2-p-1:B4', 'STANDARD', 2, 4, 'free');
INSERT INTO parking_spots (id, parking_lot_id, spot_number, zone, spot_row, spot_col, status) VALUES ('aec2fa1c-30b4-5635-882c-a7b7ff0b31af', 'd8085d8f-7aaa-5eb4-b47d-2e2fe79bfe43', 'f-a2-p-1:B5', 'STANDARD', 2, 5, 'free');
INSERT INTO parking_spots (id, parking_lot_id, spot_number, zone, spot_row, spot_col, status) VALUES ('d240e693-c4d6-5d41-a4b7-dadeb1be6fd6', 'd8085d8f-7aaa-5eb4-b47d-2e2fe79bfe43', 'f-a2-p-1:B6', 'STANDARD', 2, 6, 'free');
INSERT INTO parking_spots (id, parking_lot_id, spot_number, zone, spot_row, spot_col, status) VALUES ('a8eeff0e-68dc-560f-8553-9a059e20aa49', 'd8085d8f-7aaa-5eb4-b47d-2e2fe79bfe43', 'f-a2-p-1:B7', 'STANDARD', 2, 7, 'free');
INSERT INTO parking_spots (id, parking_lot_id, spot_number, zone, spot_row, spot_col, status) VALUES ('f4d03ecc-77cb-5c91-8e82-2b051d6c560f', 'd8085d8f-7aaa-5eb4-b47d-2e2fe79bfe43', 'f-a2-p-1:B8', 'STANDARD', 2, 8, 'free');
INSERT INTO parking_spots (id, parking_lot_id, spot_number, zone, spot_row, spot_col, status) VALUES ('af2b6882-1463-5ead-b241-1a8754455245', 'd8085d8f-7aaa-5eb4-b47d-2e2fe79bfe43', 'f-a2-p-1:B9', 'STANDARD', 2, 9, 'free');
INSERT INTO parking_spots (id, parking_lot_id, spot_number, zone, spot_row, spot_col, status) VALUES ('e4b10bc8-ec03-50d0-a348-9bda50c002e8', 'd8085d8f-7aaa-5eb4-b47d-2e2fe79bfe43', 'f-a2-p-1:B10', 'STANDARD', 2, 10, 'free');
INSERT INTO parking_spots (id, parking_lot_id, spot_number, zone, spot_row, spot_col, status) VALUES ('f30880b7-e39f-5bcf-b0a9-75b4eea6e9a0', 'd8085d8f-7aaa-5eb4-b47d-2e2fe79bfe43', 'f-a2-p-1:B11', 'STANDARD', 2, 11, 'occupied');
INSERT INTO parking_spots (id, parking_lot_id, spot_number, zone, spot_row, spot_col, status) VALUES ('08d81584-a7fd-5203-aeb2-b7242c99852f', 'd8085d8f-7aaa-5eb4-b47d-2e2fe79bfe43', 'f-a2-p-1:B12', 'STANDARD', 2, 12, 'free');
INSERT INTO parking_spots (id, parking_lot_id, spot_number, zone, spot_row, spot_col, status) VALUES ('9c8b6edd-8ab7-512c-8a70-a58db8dc5d44', 'd8085d8f-7aaa-5eb4-b47d-2e2fe79bfe43', 'f-a2-p-1:B13', 'STANDARD', 2, 13, 'free');
INSERT INTO parking_spots (id, parking_lot_id, spot_number, zone, spot_row, spot_col, status) VALUES ('e250f637-e415-54e4-84eb-86aa174aa522', 'd8085d8f-7aaa-5eb4-b47d-2e2fe79bfe43', 'f-a2-p-1:B14', 'STANDARD', 2, 14, 'free');
INSERT INTO parking_spots (id, parking_lot_id, spot_number, zone, spot_row, spot_col, status) VALUES ('f9be67b2-01ad-53f4-b18e-69b22f5447c0', 'd8085d8f-7aaa-5eb4-b47d-2e2fe79bfe43', 'f-a2-p-1:B15', 'STANDARD', 2, 15, 'free');
INSERT INTO parking_spots (id, parking_lot_id, spot_number, zone, spot_row, spot_col, status) VALUES ('e20d16d8-5693-524b-94d7-194a2c551ea0', 'd8085d8f-7aaa-5eb4-b47d-2e2fe79bfe43', 'f-a2-p-1:C1', 'STANDARD', 3, 1, 'free');
INSERT INTO parking_spots (id, parking_lot_id, spot_number, zone, spot_row, spot_col, status) VALUES ('f9a368be-d7f2-5945-9185-d30a182e2f78', 'd8085d8f-7aaa-5eb4-b47d-2e2fe79bfe43', 'f-a2-p-1:C2', 'STANDARD', 3, 2, 'free');
INSERT INTO parking_spots (id, parking_lot_id, spot_number, zone, spot_row, spot_col, status) VALUES ('d31e14ee-6a28-5075-9edb-b13c99120939', 'd8085d8f-7aaa-5eb4-b47d-2e2fe79bfe43', 'f-a2-p-1:C3', 'STANDARD', 3, 3, 'free');
INSERT INTO parking_spots (id, parking_lot_id, spot_number, zone, spot_row, spot_col, status) VALUES ('4d5e601f-e97d-5323-a815-1b2b0ffa9677', 'd8085d8f-7aaa-5eb4-b47d-2e2fe79bfe43', 'f-a2-p-1:C4', 'STANDARD', 3, 4, 'free');
INSERT INTO parking_spots (id, parking_lot_id, spot_number, zone, spot_row, spot_col, status) VALUES ('172a5481-fe7d-5a56-a232-35fa914d6d47', 'd8085d8f-7aaa-5eb4-b47d-2e2fe79bfe43', 'f-a2-p-1:C5', 'STANDARD', 3, 5, 'free');
INSERT INTO parking_spots (id, parking_lot_id, spot_number, zone, spot_row, spot_col, status) VALUES ('420403d0-309b-5699-b277-0a9a5b442257', 'd8085d8f-7aaa-5eb4-b47d-2e2fe79bfe43', 'f-a2-p-1:C6', 'STANDARD', 3, 6, 'free');
INSERT INTO parking_spots (id, parking_lot_id, spot_number, zone, spot_row, spot_col, status) VALUES ('0f09103b-1e81-5ba3-87cc-3ecd48e75278', 'd8085d8f-7aaa-5eb4-b47d-2e2fe79bfe43', 'f-a2-p-1:C7', 'STANDARD', 3, 7, 'free');
INSERT INTO parking_spots (id, parking_lot_id, spot_number, zone, spot_row, spot_col, status) VALUES ('1ba16fa9-4920-5d83-a9ff-88e8f6687a29', 'd8085d8f-7aaa-5eb4-b47d-2e2fe79bfe43', 'f-a2-p-1:C8', 'STANDARD', 3, 8, 'free');
INSERT INTO parking_spots (id, parking_lot_id, spot_number, zone, spot_row, spot_col, status) VALUES ('3972e4f2-5296-5021-aae8-5b936ad7bc99', 'd8085d8f-7aaa-5eb4-b47d-2e2fe79bfe43', 'f-a2-p-1:C9', 'STANDARD', 3, 9, 'free');
INSERT INTO parking_spots (id, parking_lot_id, spot_number, zone, spot_row, spot_col, status) VALUES ('ecd34943-81eb-5787-8fe3-74d59ed2efd1', 'd8085d8f-7aaa-5eb4-b47d-2e2fe79bfe43', 'f-a2-p-1:C10', 'STANDARD', 3, 10, 'free');
INSERT INTO parking_spots (id, parking_lot_id, spot_number, zone, spot_row, spot_col, status) VALUES ('d7d5e1b9-a6db-582c-837d-499125c3697d', 'd8085d8f-7aaa-5eb4-b47d-2e2fe79bfe43', 'f-a2-p-1:C11', 'STANDARD', 3, 11, 'free');
INSERT INTO parking_spots (id, parking_lot_id, spot_number, zone, spot_row, spot_col, status) VALUES ('05eec9c7-53bb-5359-92e9-26e553d42a54', 'd8085d8f-7aaa-5eb4-b47d-2e2fe79bfe43', 'f-a2-p-1:C12', 'STANDARD', 3, 12, 'free');
INSERT INTO parking_spots (id, parking_lot_id, spot_number, zone, spot_row, spot_col, status) VALUES ('69288684-70b6-5721-8b8e-8df22d05c80d', 'd8085d8f-7aaa-5eb4-b47d-2e2fe79bfe43', 'f-a2-p-1:C13', 'STANDARD', 3, 13, 'free');
INSERT INTO parking_spots (id, parking_lot_id, spot_number, zone, spot_row, spot_col, status) VALUES ('e7779491-5ec5-57df-91ff-df3d74fe2c0f', 'd8085d8f-7aaa-5eb4-b47d-2e2fe79bfe43', 'f-a2-p-1:C14', 'STANDARD', 3, 14, 'free');
INSERT INTO parking_spots (id, parking_lot_id, spot_number, zone, spot_row, spot_col, status) VALUES ('81507cab-8107-5e82-b971-ea038416eb92', 'd8085d8f-7aaa-5eb4-b47d-2e2fe79bfe43', 'f-a2-p-1:C15', 'STANDARD', 3, 15, 'free');
INSERT INTO parking_spots (id, parking_lot_id, spot_number, zone, spot_row, spot_col, status) VALUES ('d1267ab4-36cf-513d-a6b2-957698e06569', 'd8085d8f-7aaa-5eb4-b47d-2e2fe79bfe43', 'f-a2-p-1:D1', 'STANDARD', 4, 1, 'free');
INSERT INTO parking_spots (id, parking_lot_id, spot_number, zone, spot_row, spot_col, status) VALUES ('bbecbc78-a92a-5bc4-8a1b-b776be4fa6b8', 'd8085d8f-7aaa-5eb4-b47d-2e2fe79bfe43', 'f-a2-p-1:D2', 'STANDARD', 4, 2, 'free');
INSERT INTO parking_spots (id, parking_lot_id, spot_number, zone, spot_row, spot_col, status) VALUES ('83143b88-dd93-5967-8360-94e47890541f', 'd8085d8f-7aaa-5eb4-b47d-2e2fe79bfe43', 'f-a2-p-1:D3', 'STANDARD', 4, 3, 'free');
INSERT INTO parking_spots (id, parking_lot_id, spot_number, zone, spot_row, spot_col, status) VALUES ('4adcaf69-e337-5a1f-8bc9-52902f6d9f43', 'd8085d8f-7aaa-5eb4-b47d-2e2fe79bfe43', 'f-a2-p-1:D4', 'STANDARD', 4, 4, 'free');
INSERT INTO parking_spots (id, parking_lot_id, spot_number, zone, spot_row, spot_col, status) VALUES ('b19edf00-9d2a-596b-8cfb-a3a43afbd12e', 'd8085d8f-7aaa-5eb4-b47d-2e2fe79bfe43', 'f-a2-p-1:D5', 'STANDARD', 4, 5, 'free');
INSERT INTO parking_spots (id, parking_lot_id, spot_number, zone, spot_row, spot_col, status) VALUES ('58f2119b-bb98-5038-b9a2-1e5508d0f494', 'd8085d8f-7aaa-5eb4-b47d-2e2fe79bfe43', 'f-a2-p-1:D6', 'STANDARD', 4, 6, 'free');
INSERT INTO parking_spots (id, parking_lot_id, spot_number, zone, spot_row, spot_col, status) VALUES ('c2c7a304-3710-52c7-8f70-48e39fc4794f', 'd8085d8f-7aaa-5eb4-b47d-2e2fe79bfe43', 'f-a2-p-1:D7', 'STANDARD', 4, 7, 'free');
INSERT INTO parking_spots (id, parking_lot_id, spot_number, zone, spot_row, spot_col, status) VALUES ('c3c5e07d-6e29-53bc-bcb7-363fcc863ab3', 'd8085d8f-7aaa-5eb4-b47d-2e2fe79bfe43', 'f-a2-p-1:D8', 'STANDARD', 4, 8, 'free');
INSERT INTO parking_spots (id, parking_lot_id, spot_number, zone, spot_row, spot_col, status) VALUES ('943100df-db62-5978-9541-7e52dbc53f29', 'd8085d8f-7aaa-5eb4-b47d-2e2fe79bfe43', 'f-a2-p-1:D9', 'STANDARD', 4, 9, 'free');
INSERT INTO parking_spots (id, parking_lot_id, spot_number, zone, spot_row, spot_col, status) VALUES ('9fa8d3be-ea54-5a81-a2a2-3603e0a8b819', 'd8085d8f-7aaa-5eb4-b47d-2e2fe79bfe43', 'f-a2-p-1:D10', 'STANDARD', 4, 10, 'free');
INSERT INTO parking_spots (id, parking_lot_id, spot_number, zone, spot_row, spot_col, status) VALUES ('f3f7404d-148c-5daf-918e-4f09bec9535b', 'd8085d8f-7aaa-5eb4-b47d-2e2fe79bfe43', 'f-a2-p-1:D11', 'STANDARD', 4, 11, 'free');
INSERT INTO parking_spots (id, parking_lot_id, spot_number, zone, spot_row, spot_col, status) VALUES ('da220731-f109-5fd1-870b-afff6c8f6d89', 'd8085d8f-7aaa-5eb4-b47d-2e2fe79bfe43', 'f-a2-p-1:D12', 'STANDARD', 4, 12, 'free');
INSERT INTO parking_spots (id, parking_lot_id, spot_number, zone, spot_row, spot_col, status) VALUES ('d691357f-7288-5148-bb10-ea1ec974c36d', 'd8085d8f-7aaa-5eb4-b47d-2e2fe79bfe43', 'f-a2-p-1:D13', 'STANDARD', 4, 13, 'free');
INSERT INTO parking_spots (id, parking_lot_id, spot_number, zone, spot_row, spot_col, status) VALUES ('d3a61b4b-350d-51fb-950e-b34d5b05e195', 'd8085d8f-7aaa-5eb4-b47d-2e2fe79bfe43', 'f-a2-p-1:D14', 'STANDARD', 4, 14, 'free');
INSERT INTO parking_spots (id, parking_lot_id, spot_number, zone, spot_row, spot_col, status) VALUES ('91ff2c27-e49d-5cc1-99df-d212ee1717ae', 'd8085d8f-7aaa-5eb4-b47d-2e2fe79bfe43', 'f-a2-p-1:D15', 'STANDARD', 4, 15, 'free');
INSERT INTO parking_spots (id, parking_lot_id, spot_number, zone, spot_row, spot_col, status) VALUES ('ba0ea8ce-d517-51cb-9921-97f33dbdf29c', 'd8085d8f-7aaa-5eb4-b47d-2e2fe79bfe43', 'f-a2-p-1:E1', 'STANDARD', 5, 1, 'free');
INSERT INTO parking_spots (id, parking_lot_id, spot_number, zone, spot_row, spot_col, status) VALUES ('aba4406d-da6a-52bb-89ed-f7889eece313', 'd8085d8f-7aaa-5eb4-b47d-2e2fe79bfe43', 'f-a2-p-1:E2', 'STANDARD', 5, 2, 'free');
INSERT INTO parking_spots (id, parking_lot_id, spot_number, zone, spot_row, spot_col, status) VALUES ('822ec451-c738-5e6c-ab4d-e98dd9bae03e', 'd8085d8f-7aaa-5eb4-b47d-2e2fe79bfe43', 'f-a2-p-1:E3', 'STANDARD', 5, 3, 'free');
INSERT INTO parking_spots (id, parking_lot_id, spot_number, zone, spot_row, spot_col, status) VALUES ('1c6379b0-ee22-57cb-8b30-fcb2575953c6', 'd8085d8f-7aaa-5eb4-b47d-2e2fe79bfe43', 'f-a2-p-1:E4', 'STANDARD', 5, 4, 'free');
INSERT INTO parking_spots (id, parking_lot_id, spot_number, zone, spot_row, spot_col, status) VALUES ('1d376556-1123-5b0c-8fd6-08200a08d884', 'd8085d8f-7aaa-5eb4-b47d-2e2fe79bfe43', 'f-a2-p-1:E5', 'STANDARD', 5, 5, 'free');
INSERT INTO parking_spots (id, parking_lot_id, spot_number, zone, spot_row, spot_col, status) VALUES ('472a2f28-59e7-5e24-8adc-14f31961669b', 'd8085d8f-7aaa-5eb4-b47d-2e2fe79bfe43', 'f-a2-p-1:E6', 'STANDARD', 5, 6, 'free');
INSERT INTO parking_spots (id, parking_lot_id, spot_number, zone, spot_row, spot_col, status) VALUES ('4a7fd9c6-86ec-5a1a-b8d4-57edd0e3a98d', 'd8085d8f-7aaa-5eb4-b47d-2e2fe79bfe43', 'f-a2-p-1:E7', 'STANDARD', 5, 7, 'free');
INSERT INTO parking_spots (id, parking_lot_id, spot_number, zone, spot_row, spot_col, status) VALUES ('9606f838-5c10-5197-b3bf-9ae6bf96e0a6', 'd8085d8f-7aaa-5eb4-b47d-2e2fe79bfe43', 'f-a2-p-1:E8', 'STANDARD', 5, 8, 'free');
INSERT INTO parking_spots (id, parking_lot_id, spot_number, zone, spot_row, spot_col, status) VALUES ('40cc64fa-b1ee-5ae0-9dc3-2aa713a0cbc4', 'd8085d8f-7aaa-5eb4-b47d-2e2fe79bfe43', 'f-a2-p-1:E9', 'STANDARD', 5, 9, 'free');
INSERT INTO parking_spots (id, parking_lot_id, spot_number, zone, spot_row, spot_col, status) VALUES ('dddc6b48-fbca-5c0f-a001-86fe8d08b0d5', 'd8085d8f-7aaa-5eb4-b47d-2e2fe79bfe43', 'f-a2-p-1:E10', 'STANDARD', 5, 10, 'free');
INSERT INTO parking_spots (id, parking_lot_id, spot_number, zone, spot_row, spot_col, status) VALUES ('d5a537b3-bf9b-56e6-9499-8f7839164aff', 'd8085d8f-7aaa-5eb4-b47d-2e2fe79bfe43', 'f-a2-p-1:E11', 'STANDARD', 5, 11, 'free');
INSERT INTO parking_spots (id, parking_lot_id, spot_number, zone, spot_row, spot_col, status) VALUES ('064805d2-be5d-5352-956e-efb85b7a1328', 'd8085d8f-7aaa-5eb4-b47d-2e2fe79bfe43', 'f-a2-p-1:E12', 'STANDARD', 5, 12, 'free');
INSERT INTO parking_spots (id, parking_lot_id, spot_number, zone, spot_row, spot_col, status) VALUES ('51d26af2-b4b0-5c4f-8090-70879f909781', 'd8085d8f-7aaa-5eb4-b47d-2e2fe79bfe43', 'f-a2-p-1:E13', 'STANDARD', 5, 13, 'free');
INSERT INTO parking_spots (id, parking_lot_id, spot_number, zone, spot_row, spot_col, status) VALUES ('80d88250-dc6b-5195-8066-48a4bff1c083', 'd8085d8f-7aaa-5eb4-b47d-2e2fe79bfe43', 'f-a2-p-1:E14', 'STANDARD', 5, 14, 'free');
INSERT INTO parking_spots (id, parking_lot_id, spot_number, zone, spot_row, spot_col, status) VALUES ('35603ec8-c5e5-59d9-bba5-b54bc6a71362', 'd8085d8f-7aaa-5eb4-b47d-2e2fe79bfe43', 'f-a2-p-1:E15', 'STANDARD', 5, 15, 'free');
INSERT INTO parking_spots (id, parking_lot_id, spot_number, zone, spot_row, spot_col, status) VALUES ('ac6914f1-7ae2-5e5b-9e63-5708059d86d4', 'd8085d8f-7aaa-5eb4-b47d-2e2fe79bfe43', 'f-a2-p-1:F1', 'STANDARD', 6, 1, 'free');
INSERT INTO parking_spots (id, parking_lot_id, spot_number, zone, spot_row, spot_col, status) VALUES ('860a77de-4d2a-5d36-a371-615e91393807', 'd8085d8f-7aaa-5eb4-b47d-2e2fe79bfe43', 'f-a2-p-1:F2', 'STANDARD', 6, 2, 'free');
INSERT INTO parking_spots (id, parking_lot_id, spot_number, zone, spot_row, spot_col, status) VALUES ('b6500b0e-e1fb-55fb-8e66-aa73adf4ded8', 'd8085d8f-7aaa-5eb4-b47d-2e2fe79bfe43', 'f-a2-p-1:F3', 'STANDARD', 6, 3, 'free');
INSERT INTO parking_spots (id, parking_lot_id, spot_number, zone, spot_row, spot_col, status) VALUES ('82585454-d697-5806-bb08-5ed6261eca0a', 'd8085d8f-7aaa-5eb4-b47d-2e2fe79bfe43', 'f-a2-p-1:F4', 'STANDARD', 6, 4, 'free');
INSERT INTO parking_spots (id, parking_lot_id, spot_number, zone, spot_row, spot_col, status) VALUES ('6cedd808-b07b-5245-b38c-a1276d261555', 'd8085d8f-7aaa-5eb4-b47d-2e2fe79bfe43', 'f-a2-p-1:F5', 'STANDARD', 6, 5, 'free');
INSERT INTO parking_spots (id, parking_lot_id, spot_number, zone, spot_row, spot_col, status) VALUES ('c0877722-45de-5f10-ab8f-2aa82b051fb4', 'd8085d8f-7aaa-5eb4-b47d-2e2fe79bfe43', 'f-a2-p-1:F6', 'STANDARD', 6, 6, 'free');
INSERT INTO parking_spots (id, parking_lot_id, spot_number, zone, spot_row, spot_col, status) VALUES ('a29b747a-9155-5bfc-a719-a2207605b50d', 'd8085d8f-7aaa-5eb4-b47d-2e2fe79bfe43', 'f-a2-p-1:F7', 'STANDARD', 6, 7, 'free');
INSERT INTO parking_spots (id, parking_lot_id, spot_number, zone, spot_row, spot_col, status) VALUES ('0a8dce73-6d02-5ca7-bf87-1b0b980260d7', 'd8085d8f-7aaa-5eb4-b47d-2e2fe79bfe43', 'f-a2-p-1:F8', 'STANDARD', 6, 8, 'free');
INSERT INTO parking_spots (id, parking_lot_id, spot_number, zone, spot_row, spot_col, status) VALUES ('dc613292-ff1a-56b1-b52c-1efaccca9799', 'd8085d8f-7aaa-5eb4-b47d-2e2fe79bfe43', 'f-a2-p-1:F9', 'STANDARD', 6, 9, 'free');
INSERT INTO parking_spots (id, parking_lot_id, spot_number, zone, spot_row, spot_col, status) VALUES ('b26d3e5c-0627-5c4a-a3ac-aa0a395b600e', 'd8085d8f-7aaa-5eb4-b47d-2e2fe79bfe43', 'f-a2-p-1:F10', 'STANDARD', 6, 10, 'free');
INSERT INTO parking_spots (id, parking_lot_id, spot_number, zone, spot_row, spot_col, status) VALUES ('94c5e4c6-37b9-594d-8cfc-8bb08345ef01', 'd8085d8f-7aaa-5eb4-b47d-2e2fe79bfe43', 'f-a2-p-1:F11', 'STANDARD', 6, 11, 'free');
INSERT INTO parking_spots (id, parking_lot_id, spot_number, zone, spot_row, spot_col, status) VALUES ('4ea77af9-ec4d-5799-91e7-a5af13e34ba2', 'd8085d8f-7aaa-5eb4-b47d-2e2fe79bfe43', 'f-a2-p-1:F12', 'STANDARD', 6, 12, 'free');
INSERT INTO parking_spots (id, parking_lot_id, spot_number, zone, spot_row, spot_col, status) VALUES ('44a68fab-e734-54a8-bba9-b3e2e3a750dc', 'd8085d8f-7aaa-5eb4-b47d-2e2fe79bfe43', 'f-a2-p-1:F13', 'STANDARD', 6, 13, 'free');
INSERT INTO parking_spots (id, parking_lot_id, spot_number, zone, spot_row, spot_col, status) VALUES ('01c8b4e8-56d0-5c5a-87c4-1f93d9106359', 'd8085d8f-7aaa-5eb4-b47d-2e2fe79bfe43', 'f-a2-p-1:F14', 'STANDARD', 6, 14, 'free');
INSERT INTO parking_spots (id, parking_lot_id, spot_number, zone, spot_row, spot_col, status) VALUES ('8c851769-9a06-53fa-a446-75cc3e646977', 'd8085d8f-7aaa-5eb4-b47d-2e2fe79bfe43', 'f-a2-p-1:F15', 'STANDARD', 6, 15, 'free');
INSERT INTO parking_spots (id, parking_lot_id, spot_number, zone, spot_row, spot_col, status) VALUES ('de1bd664-90a6-5d92-bba1-8743f99d19a4', 'd8085d8f-7aaa-5eb4-b47d-2e2fe79bfe43', 'f-a2-p-1:G1', 'STANDARD', 7, 1, 'free');
INSERT INTO parking_spots (id, parking_lot_id, spot_number, zone, spot_row, spot_col, status) VALUES ('a2a78eeb-5fa9-515d-9bff-c6b696d0ef12', 'd8085d8f-7aaa-5eb4-b47d-2e2fe79bfe43', 'f-a2-p-1:G2', 'STANDARD', 7, 2, 'free');
INSERT INTO parking_spots (id, parking_lot_id, spot_number, zone, spot_row, spot_col, status) VALUES ('ebe1ca78-e7fe-5c2f-af45-d3e4a57bff9c', 'd8085d8f-7aaa-5eb4-b47d-2e2fe79bfe43', 'f-a2-p-1:G3', 'STANDARD', 7, 3, 'free');
INSERT INTO parking_spots (id, parking_lot_id, spot_number, zone, spot_row, spot_col, status) VALUES ('3ec4d8d8-6382-5c80-93e1-a2194cc8377d', 'd8085d8f-7aaa-5eb4-b47d-2e2fe79bfe43', 'f-a2-p-1:G4', 'STANDARD', 7, 4, 'free');
INSERT INTO parking_spots (id, parking_lot_id, spot_number, zone, spot_row, spot_col, status) VALUES ('a4ed55c9-d116-5bb3-80e6-7178d40aa7f4', 'd8085d8f-7aaa-5eb4-b47d-2e2fe79bfe43', 'f-a2-p-1:G5', 'STANDARD', 7, 5, 'free');
INSERT INTO parking_spots (id, parking_lot_id, spot_number, zone, spot_row, spot_col, status) VALUES ('a4b6e0f7-ed91-53fd-9e0c-1b25d927ad79', 'd8085d8f-7aaa-5eb4-b47d-2e2fe79bfe43', 'f-a2-p-1:G6', 'STANDARD', 7, 6, 'free');
INSERT INTO parking_spots (id, parking_lot_id, spot_number, zone, spot_row, spot_col, status) VALUES ('c827695a-5955-5643-8aaf-55b9237ba3d6', 'd8085d8f-7aaa-5eb4-b47d-2e2fe79bfe43', 'f-a2-p-1:G7', 'STANDARD', 7, 7, 'free');
INSERT INTO parking_spots (id, parking_lot_id, spot_number, zone, spot_row, spot_col, status) VALUES ('01bcb26a-2dcb-530a-8824-9b559cb7ee8c', 'd8085d8f-7aaa-5eb4-b47d-2e2fe79bfe43', 'f-a2-p-1:G8', 'STANDARD', 7, 8, 'free');
INSERT INTO parking_spots (id, parking_lot_id, spot_number, zone, spot_row, spot_col, status) VALUES ('2da9a88a-8038-5b1c-a9e2-2d8f2027ca5d', 'd8085d8f-7aaa-5eb4-b47d-2e2fe79bfe43', 'f-a2-p-1:G9', 'STANDARD', 7, 9, 'free');
INSERT INTO parking_spots (id, parking_lot_id, spot_number, zone, spot_row, spot_col, status) VALUES ('8c5aeea8-1915-5043-b458-aee085f1de18', 'd8085d8f-7aaa-5eb4-b47d-2e2fe79bfe43', 'f-a2-p-1:G10', 'STANDARD', 7, 10, 'free');
INSERT INTO parking_spots (id, parking_lot_id, spot_number, zone, spot_row, spot_col, status) VALUES ('b3333d19-2166-56b2-af21-9c70afb27053', 'd8085d8f-7aaa-5eb4-b47d-2e2fe79bfe43', 'f-a2-p-1:G11', 'STANDARD', 7, 11, 'free');
INSERT INTO parking_spots (id, parking_lot_id, spot_number, zone, spot_row, spot_col, status) VALUES ('331e0302-67c0-5e51-ae6c-05865c04f302', 'd8085d8f-7aaa-5eb4-b47d-2e2fe79bfe43', 'f-a2-p-1:G12', 'STANDARD', 7, 12, 'free');
INSERT INTO parking_spots (id, parking_lot_id, spot_number, zone, spot_row, spot_col, status) VALUES ('440f9a0d-851b-5889-b7ed-6ecfed13a94b', 'd8085d8f-7aaa-5eb4-b47d-2e2fe79bfe43', 'f-a2-p-1:G13', 'STANDARD', 7, 13, 'free');
INSERT INTO parking_spots (id, parking_lot_id, spot_number, zone, spot_row, spot_col, status) VALUES ('dbddc886-a1db-5598-8ff4-dea44fae9c6a', 'd8085d8f-7aaa-5eb4-b47d-2e2fe79bfe43', 'f-a2-p-1:G14', 'STANDARD', 7, 14, 'free');
INSERT INTO parking_spots (id, parking_lot_id, spot_number, zone, spot_row, spot_col, status) VALUES ('13e6e0e5-ec6c-5e1d-afa2-771b40f1f228', 'd8085d8f-7aaa-5eb4-b47d-2e2fe79bfe43', 'f-a2-p-1:G15', 'STANDARD', 7, 15, 'free');
INSERT INTO parking_spots (id, parking_lot_id, spot_number, zone, spot_row, spot_col, status) VALUES ('3750be60-49e1-55a9-b888-b859e58e17fb', 'd8085d8f-7aaa-5eb4-b47d-2e2fe79bfe43', 'f-a2-p-1:H1', 'STANDARD', 8, 1, 'free');
INSERT INTO parking_spots (id, parking_lot_id, spot_number, zone, spot_row, spot_col, status) VALUES ('d4e6701d-d2dc-5271-b7b1-ae7e90c97071', 'd8085d8f-7aaa-5eb4-b47d-2e2fe79bfe43', 'f-a2-p-1:H2', 'STANDARD', 8, 2, 'free');
INSERT INTO parking_spots (id, parking_lot_id, spot_number, zone, spot_row, spot_col, status) VALUES ('887b9071-60e4-5aa9-aca3-47e234086714', 'd8085d8f-7aaa-5eb4-b47d-2e2fe79bfe43', 'f-a2-p-1:H3', 'STANDARD', 8, 3, 'free');
INSERT INTO parking_spots (id, parking_lot_id, spot_number, zone, spot_row, spot_col, status) VALUES ('545eeff0-13df-536b-a98e-e93e2a4ee8a0', 'd8085d8f-7aaa-5eb4-b47d-2e2fe79bfe43', 'f-a2-p-1:H4', 'STANDARD', 8, 4, 'free');
INSERT INTO parking_spots (id, parking_lot_id, spot_number, zone, spot_row, spot_col, status) VALUES ('a2ecaaef-74c0-5d60-8412-b1f32bad76f6', 'd8085d8f-7aaa-5eb4-b47d-2e2fe79bfe43', 'f-a2-p-1:H5', 'STANDARD', 8, 5, 'free');
INSERT INTO parking_spots (id, parking_lot_id, spot_number, zone, spot_row, spot_col, status) VALUES ('e380e4d4-2f6c-5121-acfb-f895cc31a0c5', 'd8085d8f-7aaa-5eb4-b47d-2e2fe79bfe43', 'f-a2-p-1:H6', 'STANDARD', 8, 6, 'free');
INSERT INTO parking_spots (id, parking_lot_id, spot_number, zone, spot_row, spot_col, status) VALUES ('543babca-9be2-5ba2-abce-0c20050e2e12', 'd8085d8f-7aaa-5eb4-b47d-2e2fe79bfe43', 'f-a2-p-1:H7', 'STANDARD', 8, 7, 'free');
INSERT INTO parking_spots (id, parking_lot_id, spot_number, zone, spot_row, spot_col, status) VALUES ('61a3f987-cf57-5ab6-a139-d635a50a1cca', 'd8085d8f-7aaa-5eb4-b47d-2e2fe79bfe43', 'f-a2-p-1:H8', 'STANDARD', 8, 8, 'free');
INSERT INTO parking_spots (id, parking_lot_id, spot_number, zone, spot_row, spot_col, status) VALUES ('9124d448-e4a5-5fad-a97b-4ca40e7d4773', 'd8085d8f-7aaa-5eb4-b47d-2e2fe79bfe43', 'f-a2-p-1:H9', 'STANDARD', 8, 9, 'free');
INSERT INTO parking_spots (id, parking_lot_id, spot_number, zone, spot_row, spot_col, status) VALUES ('285fe955-31a6-5453-9c1b-e8b0457682d8', 'd8085d8f-7aaa-5eb4-b47d-2e2fe79bfe43', 'f-a2-p-1:H10', 'STANDARD', 8, 10, 'free');
INSERT INTO parking_spots (id, parking_lot_id, spot_number, zone, spot_row, spot_col, status) VALUES ('421e7ad9-6112-5f43-9eb0-4727ff1d2ddb', 'd8085d8f-7aaa-5eb4-b47d-2e2fe79bfe43', 'f-a2-p-1:H11', 'STANDARD', 8, 11, 'free');
INSERT INTO parking_spots (id, parking_lot_id, spot_number, zone, spot_row, spot_col, status) VALUES ('2adcfe30-75d1-5f1b-9ebe-4de5ecfe3a69', 'd8085d8f-7aaa-5eb4-b47d-2e2fe79bfe43', 'f-a2-p-1:H12', 'STANDARD', 8, 12, 'free');
INSERT INTO parking_spots (id, parking_lot_id, spot_number, zone, spot_row, spot_col, status) VALUES ('8f8c0801-b791-5666-80b0-4fea6352ec63', 'd8085d8f-7aaa-5eb4-b47d-2e2fe79bfe43', 'f-a2-p-1:H13', 'STANDARD', 8, 13, 'free');
INSERT INTO parking_spots (id, parking_lot_id, spot_number, zone, spot_row, spot_col, status) VALUES ('3c6beff8-2e7d-5a1c-83bf-a1e801ede54c', 'd8085d8f-7aaa-5eb4-b47d-2e2fe79bfe43', 'f-a2-p-1:H14', 'STANDARD', 8, 14, 'free');
INSERT INTO parking_spots (id, parking_lot_id, spot_number, zone, spot_row, spot_col, status) VALUES ('299fe97e-161e-5392-9852-6f3f47b3bc55', 'd8085d8f-7aaa-5eb4-b47d-2e2fe79bfe43', 'f-a2-p-1:H15', 'STANDARD', 8, 15, 'free');
INSERT INTO parking_spots (id, parking_lot_id, spot_number, zone, spot_row, spot_col, status) VALUES ('f6a2766a-fb4d-5129-bbb1-123600501598', 'd8085d8f-7aaa-5eb4-b47d-2e2fe79bfe43', 'f-a2-p-1:I1', 'STANDARD', 9, 1, 'free');
INSERT INTO parking_spots (id, parking_lot_id, spot_number, zone, spot_row, spot_col, status) VALUES ('76ed87fd-f84b-57e1-9c5c-aadff783d5ea', 'd8085d8f-7aaa-5eb4-b47d-2e2fe79bfe43', 'f-a2-p-1:I2', 'STANDARD', 9, 2, 'free');
INSERT INTO parking_spots (id, parking_lot_id, spot_number, zone, spot_row, spot_col, status) VALUES ('054811cb-f132-5ba3-a66a-4a59c13d69e8', 'd8085d8f-7aaa-5eb4-b47d-2e2fe79bfe43', 'f-a2-p-1:I3', 'STANDARD', 9, 3, 'free');
INSERT INTO parking_spots (id, parking_lot_id, spot_number, zone, spot_row, spot_col, status) VALUES ('8f1bec8c-52b0-5512-a4f9-8f0cc8a1a6d5', 'd8085d8f-7aaa-5eb4-b47d-2e2fe79bfe43', 'f-a2-p-1:I4', 'STANDARD', 9, 4, 'free');
INSERT INTO parking_spots (id, parking_lot_id, spot_number, zone, spot_row, spot_col, status) VALUES ('a73f5b7f-5f91-51db-b202-199c6fec97b1', 'd8085d8f-7aaa-5eb4-b47d-2e2fe79bfe43', 'f-a2-p-1:I5', 'STANDARD', 9, 5, 'free');
INSERT INTO parking_spots (id, parking_lot_id, spot_number, zone, spot_row, spot_col, status) VALUES ('136ce335-8f44-50e7-a19a-02be62c7ec96', 'd8085d8f-7aaa-5eb4-b47d-2e2fe79bfe43', 'f-a2-p-1:I6', 'STANDARD', 9, 6, 'free');
INSERT INTO parking_spots (id, parking_lot_id, spot_number, zone, spot_row, spot_col, status) VALUES ('9f71d9d3-12b1-54e6-a9c8-08d46a2bfc55', 'd8085d8f-7aaa-5eb4-b47d-2e2fe79bfe43', 'f-a2-p-1:I7', 'STANDARD', 9, 7, 'free');
INSERT INTO parking_spots (id, parking_lot_id, spot_number, zone, spot_row, spot_col, status) VALUES ('17b28e76-36ec-527c-ae67-15deb075acb8', 'd8085d8f-7aaa-5eb4-b47d-2e2fe79bfe43', 'f-a2-p-1:I8', 'STANDARD', 9, 8, 'free');
INSERT INTO parking_spots (id, parking_lot_id, spot_number, zone, spot_row, spot_col, status) VALUES ('dc91cace-7d14-50ea-8357-1a66e8e7b1f0', 'd8085d8f-7aaa-5eb4-b47d-2e2fe79bfe43', 'f-a2-p-1:I9', 'STANDARD', 9, 9, 'free');
INSERT INTO parking_spots (id, parking_lot_id, spot_number, zone, spot_row, spot_col, status) VALUES ('69d75d88-4562-5c2a-b144-099ff4ac0995', 'd8085d8f-7aaa-5eb4-b47d-2e2fe79bfe43', 'f-a2-p-1:I10', 'STANDARD', 9, 10, 'free');
INSERT INTO parking_spots (id, parking_lot_id, spot_number, zone, spot_row, spot_col, status) VALUES ('7a1839fb-699c-54ae-b18b-7f90d1664811', 'd8085d8f-7aaa-5eb4-b47d-2e2fe79bfe43', 'f-a2-p-1:I11', 'STANDARD', 9, 11, 'free');
INSERT INTO parking_spots (id, parking_lot_id, spot_number, zone, spot_row, spot_col, status) VALUES ('13289af7-63d3-5a7b-9977-0834c929250a', 'd8085d8f-7aaa-5eb4-b47d-2e2fe79bfe43', 'f-a2-p-1:I12', 'STANDARD', 9, 12, 'free');
INSERT INTO parking_spots (id, parking_lot_id, spot_number, zone, spot_row, spot_col, status) VALUES ('b1006364-8dce-5eb6-bffc-5a86f4bcf205', 'd8085d8f-7aaa-5eb4-b47d-2e2fe79bfe43', 'f-a2-p-1:I13', 'STANDARD', 9, 13, 'free');
INSERT INTO parking_spots (id, parking_lot_id, spot_number, zone, spot_row, spot_col, status) VALUES ('67b8e287-3340-582c-8ae8-9cfe60b3a635', 'd8085d8f-7aaa-5eb4-b47d-2e2fe79bfe43', 'f-a2-p-1:I14', 'STANDARD', 9, 14, 'free');
INSERT INTO parking_spots (id, parking_lot_id, spot_number, zone, spot_row, spot_col, status) VALUES ('2d4d013e-638b-5191-98ef-c6317985fddc', 'd8085d8f-7aaa-5eb4-b47d-2e2fe79bfe43', 'f-a2-p-1:I15', 'STANDARD', 9, 15, 'free');
INSERT INTO parking_spots (id, parking_lot_id, spot_number, zone, spot_row, spot_col, status) VALUES ('2d8556c0-1e43-5d8f-aab6-da652faa1fb0', 'd8085d8f-7aaa-5eb4-b47d-2e2fe79bfe43', 'f-a2-p-1:J1', 'STANDARD', 10, 1, 'free');
INSERT INTO parking_spots (id, parking_lot_id, spot_number, zone, spot_row, spot_col, status) VALUES ('caebe1d0-134b-590c-bd16-b4927047b94c', 'd8085d8f-7aaa-5eb4-b47d-2e2fe79bfe43', 'f-a2-p-1:J2', 'STANDARD', 10, 2, 'free');
INSERT INTO parking_spots (id, parking_lot_id, spot_number, zone, spot_row, spot_col, status) VALUES ('9292a4b6-6548-5f15-8638-a117885e5d73', 'd8085d8f-7aaa-5eb4-b47d-2e2fe79bfe43', 'f-a2-p-1:J3', 'STANDARD', 10, 3, 'free');
INSERT INTO parking_spots (id, parking_lot_id, spot_number, zone, spot_row, spot_col, status) VALUES ('72fbb1b8-dec2-5e03-9ba2-bc0b62d03560', 'd8085d8f-7aaa-5eb4-b47d-2e2fe79bfe43', 'f-a2-p-1:J4', 'STANDARD', 10, 4, 'free');
INSERT INTO parking_spots (id, parking_lot_id, spot_number, zone, spot_row, spot_col, status) VALUES ('b195240f-249d-54ea-9c86-4e554b588eb5', 'd8085d8f-7aaa-5eb4-b47d-2e2fe79bfe43', 'f-a2-p-1:J5', 'STANDARD', 10, 5, 'free');
INSERT INTO parking_spots (id, parking_lot_id, spot_number, zone, spot_row, spot_col, status) VALUES ('6ecba603-c7b2-5734-a32f-79e0f02243b7', 'd8085d8f-7aaa-5eb4-b47d-2e2fe79bfe43', 'f-a2-p-1:J6', 'STANDARD', 10, 6, 'free');
INSERT INTO parking_spots (id, parking_lot_id, spot_number, zone, spot_row, spot_col, status) VALUES ('303c24c0-1dfe-5575-98e1-52ccd247d94f', 'd8085d8f-7aaa-5eb4-b47d-2e2fe79bfe43', 'f-a2-p-1:J7', 'STANDARD', 10, 7, 'free');
INSERT INTO parking_spots (id, parking_lot_id, spot_number, zone, spot_row, spot_col, status) VALUES ('c16ecc4e-21af-5d90-9648-fcfd37d99450', 'd8085d8f-7aaa-5eb4-b47d-2e2fe79bfe43', 'f-a2-p-1:J8', 'STANDARD', 10, 8, 'free');
INSERT INTO parking_spots (id, parking_lot_id, spot_number, zone, spot_row, spot_col, status) VALUES ('d5f18719-1bc0-57af-9688-48d9a3f8f3ce', 'd8085d8f-7aaa-5eb4-b47d-2e2fe79bfe43', 'f-a2-p-1:J9', 'STANDARD', 10, 9, 'free');
INSERT INTO parking_spots (id, parking_lot_id, spot_number, zone, spot_row, spot_col, status) VALUES ('ef7585f9-1a1f-5531-bc8c-0747bd760fe6', 'd8085d8f-7aaa-5eb4-b47d-2e2fe79bfe43', 'f-a2-p-1:J10', 'STANDARD', 10, 10, 'free');
INSERT INTO parking_spots (id, parking_lot_id, spot_number, zone, spot_row, spot_col, status) VALUES ('8209a6c1-2a4a-5f81-9975-94fe531cd5d5', 'd8085d8f-7aaa-5eb4-b47d-2e2fe79bfe43', 'f-a2-p-1:J11', 'STANDARD', 10, 11, 'free');
INSERT INTO parking_spots (id, parking_lot_id, spot_number, zone, spot_row, spot_col, status) VALUES ('1afa7354-6d72-5f05-a02f-1897d9406684', 'd8085d8f-7aaa-5eb4-b47d-2e2fe79bfe43', 'f-a2-p-1:J12', 'STANDARD', 10, 12, 'free');
INSERT INTO parking_spots (id, parking_lot_id, spot_number, zone, spot_row, spot_col, status) VALUES ('80bb02a0-172d-5d75-8e33-2803390226aa', 'd8085d8f-7aaa-5eb4-b47d-2e2fe79bfe43', 'f-a2-p-1:J13', 'STANDARD', 10, 13, 'free');
INSERT INTO parking_spots (id, parking_lot_id, spot_number, zone, spot_row, spot_col, status) VALUES ('c042bbb1-6cf2-5b95-beee-cba3c62e292c', 'd8085d8f-7aaa-5eb4-b47d-2e2fe79bfe43', 'f-a2-p-1:J14', 'STANDARD', 10, 14, 'free');
INSERT INTO parking_spots (id, parking_lot_id, spot_number, zone, spot_row, spot_col, status) VALUES ('bef1cea4-f545-536b-9287-078c6510b0d8', 'd8085d8f-7aaa-5eb4-b47d-2e2fe79bfe43', 'f-a2-p-1:J15', 'STANDARD', 10, 15, 'free');
INSERT INTO parking_spots (id, parking_lot_id, spot_number, zone, spot_row, spot_col, status) VALUES ('c8bf8637-815c-5179-92ea-deb7b897e20e', 'd8085d8f-7aaa-5eb4-b47d-2e2fe79bfe43', 'f-a2-p-2:A1', 'STANDARD', 1, 1, 'free');
INSERT INTO parking_spots (id, parking_lot_id, spot_number, zone, spot_row, spot_col, status) VALUES ('edf8c15e-441f-5292-b31f-7e4ae3339a62', 'd8085d8f-7aaa-5eb4-b47d-2e2fe79bfe43', 'f-a2-p-2:A2', 'STANDARD', 1, 2, 'free');
INSERT INTO parking_spots (id, parking_lot_id, spot_number, zone, spot_row, spot_col, status) VALUES ('17a67939-a728-5237-a92b-2289bb8d28e8', 'd8085d8f-7aaa-5eb4-b47d-2e2fe79bfe43', 'f-a2-p-2:A3', 'STANDARD', 1, 3, 'occupied');
INSERT INTO parking_spots (id, parking_lot_id, spot_number, zone, spot_row, spot_col, status) VALUES ('dd0c6d73-9c9a-591b-84f4-207e8f493bfc', 'd8085d8f-7aaa-5eb4-b47d-2e2fe79bfe43', 'f-a2-p-2:A4', 'STANDARD', 1, 4, 'free');
INSERT INTO parking_spots (id, parking_lot_id, spot_number, zone, spot_row, spot_col, status) VALUES ('5756ea18-885c-5694-bce8-85062553bdb4', 'd8085d8f-7aaa-5eb4-b47d-2e2fe79bfe43', 'f-a2-p-2:A5', 'STANDARD', 1, 5, 'free');
INSERT INTO parking_spots (id, parking_lot_id, spot_number, zone, spot_row, spot_col, status) VALUES ('35296a3a-9336-56df-99a0-0a16dfa539ea', 'd8085d8f-7aaa-5eb4-b47d-2e2fe79bfe43', 'f-a2-p-2:A6', 'STANDARD', 1, 6, 'free');
INSERT INTO parking_spots (id, parking_lot_id, spot_number, zone, spot_row, spot_col, status) VALUES ('3cd52b72-d126-5207-b558-5187476ddbca', 'd8085d8f-7aaa-5eb4-b47d-2e2fe79bfe43', 'f-a2-p-2:A7', 'STANDARD', 1, 7, 'free');
INSERT INTO parking_spots (id, parking_lot_id, spot_number, zone, spot_row, spot_col, status) VALUES ('9b8a078c-6189-5576-a006-80386fc69859', 'd8085d8f-7aaa-5eb4-b47d-2e2fe79bfe43', 'f-a2-p-2:A8', 'STANDARD', 1, 8, 'free');
INSERT INTO parking_spots (id, parking_lot_id, spot_number, zone, spot_row, spot_col, status) VALUES ('fc157e06-3514-5380-9c58-3e8cea0842b9', 'd8085d8f-7aaa-5eb4-b47d-2e2fe79bfe43', 'f-a2-p-2:A9', 'STANDARD', 1, 9, 'occupied');
INSERT INTO parking_spots (id, parking_lot_id, spot_number, zone, spot_row, spot_col, status) VALUES ('a98d1a4c-fa6b-5a90-a5ba-f7ae41656499', 'd8085d8f-7aaa-5eb4-b47d-2e2fe79bfe43', 'f-a2-p-2:A10', 'STANDARD', 1, 10, 'free');
INSERT INTO parking_spots (id, parking_lot_id, spot_number, zone, spot_row, spot_col, status) VALUES ('4dee0d6e-9ffe-519c-8963-4395379b96b8', 'd8085d8f-7aaa-5eb4-b47d-2e2fe79bfe43', 'f-a2-p-2:A11', 'STANDARD', 1, 11, 'free');
INSERT INTO parking_spots (id, parking_lot_id, spot_number, zone, spot_row, spot_col, status) VALUES ('8d733419-380b-57cd-add3-2cb5d9164690', 'd8085d8f-7aaa-5eb4-b47d-2e2fe79bfe43', 'f-a2-p-2:A12', 'STANDARD', 1, 12, 'free');
INSERT INTO parking_spots (id, parking_lot_id, spot_number, zone, spot_row, spot_col, status) VALUES ('037d5cc4-6d6a-5b01-9032-dfb809ce4bea', 'd8085d8f-7aaa-5eb4-b47d-2e2fe79bfe43', 'f-a2-p-2:A13', 'STANDARD', 1, 13, 'free');
INSERT INTO parking_spots (id, parking_lot_id, spot_number, zone, spot_row, spot_col, status) VALUES ('aa97d3e8-b86a-57cd-ba86-43648f826ad6', 'd8085d8f-7aaa-5eb4-b47d-2e2fe79bfe43', 'f-a2-p-2:A14', 'STANDARD', 1, 14, 'free');
INSERT INTO parking_spots (id, parking_lot_id, spot_number, zone, spot_row, spot_col, status) VALUES ('97caf2c0-b6df-534c-ae50-84e6a670ebe6', 'd8085d8f-7aaa-5eb4-b47d-2e2fe79bfe43', 'f-a2-p-2:A15', 'STANDARD', 1, 15, 'free');
INSERT INTO parking_spots (id, parking_lot_id, spot_number, zone, spot_row, spot_col, status) VALUES ('2ed7ebed-3a5c-5a48-9226-b75625202e4c', 'd8085d8f-7aaa-5eb4-b47d-2e2fe79bfe43', 'f-a2-p-2:B1', 'STANDARD', 2, 1, 'free');
INSERT INTO parking_spots (id, parking_lot_id, spot_number, zone, spot_row, spot_col, status) VALUES ('8f81412a-a8f1-5d5f-a8d4-71e9cd882241', 'd8085d8f-7aaa-5eb4-b47d-2e2fe79bfe43', 'f-a2-p-2:B2', 'STANDARD', 2, 2, 'free');
INSERT INTO parking_spots (id, parking_lot_id, spot_number, zone, spot_row, spot_col, status) VALUES ('a64eea77-6d25-52cf-b57c-55253465b6cf', 'd8085d8f-7aaa-5eb4-b47d-2e2fe79bfe43', 'f-a2-p-2:B3', 'STANDARD', 2, 3, 'free');
INSERT INTO parking_spots (id, parking_lot_id, spot_number, zone, spot_row, spot_col, status) VALUES ('a9f5adaf-98ee-55fe-966a-0bfc2ddf44e4', 'd8085d8f-7aaa-5eb4-b47d-2e2fe79bfe43', 'f-a2-p-2:B4', 'STANDARD', 2, 4, 'free');
INSERT INTO parking_spots (id, parking_lot_id, spot_number, zone, spot_row, spot_col, status) VALUES ('e333da0b-2e2b-5d11-a0f9-d7c279e6d33f', 'd8085d8f-7aaa-5eb4-b47d-2e2fe79bfe43', 'f-a2-p-2:B5', 'STANDARD', 2, 5, 'free');
INSERT INTO parking_spots (id, parking_lot_id, spot_number, zone, spot_row, spot_col, status) VALUES ('637366f7-961c-59a2-96c1-d4b8be5da61f', 'd8085d8f-7aaa-5eb4-b47d-2e2fe79bfe43', 'f-a2-p-2:B6', 'STANDARD', 2, 6, 'free');
INSERT INTO parking_spots (id, parking_lot_id, spot_number, zone, spot_row, spot_col, status) VALUES ('06deef08-54cb-51e1-9226-42b1c5898c71', 'd8085d8f-7aaa-5eb4-b47d-2e2fe79bfe43', 'f-a2-p-2:B7', 'STANDARD', 2, 7, 'free');
INSERT INTO parking_spots (id, parking_lot_id, spot_number, zone, spot_row, spot_col, status) VALUES ('34c46a31-5676-5952-8887-295c00822729', 'd8085d8f-7aaa-5eb4-b47d-2e2fe79bfe43', 'f-a2-p-2:B8', 'STANDARD', 2, 8, 'free');
INSERT INTO parking_spots (id, parking_lot_id, spot_number, zone, spot_row, spot_col, status) VALUES ('7377e854-002f-5fec-b166-8eac37e1370a', 'd8085d8f-7aaa-5eb4-b47d-2e2fe79bfe43', 'f-a2-p-2:B9', 'STANDARD', 2, 9, 'free');
INSERT INTO parking_spots (id, parking_lot_id, spot_number, zone, spot_row, spot_col, status) VALUES ('de076455-ebe8-52bf-93b4-7e5eba8a3892', 'd8085d8f-7aaa-5eb4-b47d-2e2fe79bfe43', 'f-a2-p-2:B10', 'STANDARD', 2, 10, 'free');
INSERT INTO parking_spots (id, parking_lot_id, spot_number, zone, spot_row, spot_col, status) VALUES ('6ec063d4-3d70-5c71-b72f-7df25aa73564', 'd8085d8f-7aaa-5eb4-b47d-2e2fe79bfe43', 'f-a2-p-2:B11', 'STANDARD', 2, 11, 'free');
INSERT INTO parking_spots (id, parking_lot_id, spot_number, zone, spot_row, spot_col, status) VALUES ('5c84c140-9385-5944-9752-6b50a7437e8e', 'd8085d8f-7aaa-5eb4-b47d-2e2fe79bfe43', 'f-a2-p-2:B12', 'STANDARD', 2, 12, 'free');
INSERT INTO parking_spots (id, parking_lot_id, spot_number, zone, spot_row, spot_col, status) VALUES ('a450d3fc-6132-5d7d-a11b-305a101c88e6', 'd8085d8f-7aaa-5eb4-b47d-2e2fe79bfe43', 'f-a2-p-2:B13', 'STANDARD', 2, 13, 'free');
INSERT INTO parking_spots (id, parking_lot_id, spot_number, zone, spot_row, spot_col, status) VALUES ('21583665-2d40-5b81-af33-1270c92a1c6d', 'd8085d8f-7aaa-5eb4-b47d-2e2fe79bfe43', 'f-a2-p-2:B14', 'STANDARD', 2, 14, 'free');
INSERT INTO parking_spots (id, parking_lot_id, spot_number, zone, spot_row, spot_col, status) VALUES ('df11dfb3-610f-5389-987b-48779f551f30', 'd8085d8f-7aaa-5eb4-b47d-2e2fe79bfe43', 'f-a2-p-2:B15', 'STANDARD', 2, 15, 'free');
INSERT INTO parking_spots (id, parking_lot_id, spot_number, zone, spot_row, spot_col, status) VALUES ('fb636d7b-25fc-545a-a953-b0f9b532ee3b', 'd8085d8f-7aaa-5eb4-b47d-2e2fe79bfe43', 'f-a2-p-2:C1', 'STANDARD', 3, 1, 'free');
INSERT INTO parking_spots (id, parking_lot_id, spot_number, zone, spot_row, spot_col, status) VALUES ('eabf4ec1-418e-5eae-b70d-c6431d531f10', 'd8085d8f-7aaa-5eb4-b47d-2e2fe79bfe43', 'f-a2-p-2:C2', 'STANDARD', 3, 2, 'free');
INSERT INTO parking_spots (id, parking_lot_id, spot_number, zone, spot_row, spot_col, status) VALUES ('d95aec13-cf77-5fca-93b1-53dfa1e8a51a', 'd8085d8f-7aaa-5eb4-b47d-2e2fe79bfe43', 'f-a2-p-2:C3', 'STANDARD', 3, 3, 'free');
INSERT INTO parking_spots (id, parking_lot_id, spot_number, zone, spot_row, spot_col, status) VALUES ('478045b2-7435-5023-903d-bb4551460a16', 'd8085d8f-7aaa-5eb4-b47d-2e2fe79bfe43', 'f-a2-p-2:C4', 'STANDARD', 3, 4, 'free');
INSERT INTO parking_spots (id, parking_lot_id, spot_number, zone, spot_row, spot_col, status) VALUES ('18d1429b-d972-59a1-ba13-2dab6ba380ca', 'd8085d8f-7aaa-5eb4-b47d-2e2fe79bfe43', 'f-a2-p-2:C5', 'STANDARD', 3, 5, 'free');
INSERT INTO parking_spots (id, parking_lot_id, spot_number, zone, spot_row, spot_col, status) VALUES ('d7b6ef0b-56b3-5787-b6b3-e5af50b32725', 'd8085d8f-7aaa-5eb4-b47d-2e2fe79bfe43', 'f-a2-p-2:C6', 'STANDARD', 3, 6, 'free');
INSERT INTO parking_spots (id, parking_lot_id, spot_number, zone, spot_row, spot_col, status) VALUES ('1c36dfd6-f532-5398-bc87-d6e5e63f43f6', 'd8085d8f-7aaa-5eb4-b47d-2e2fe79bfe43', 'f-a2-p-2:C7', 'STANDARD', 3, 7, 'free');
INSERT INTO parking_spots (id, parking_lot_id, spot_number, zone, spot_row, spot_col, status) VALUES ('eaa0bb7b-4c70-51ad-8e96-171c7626265a', 'd8085d8f-7aaa-5eb4-b47d-2e2fe79bfe43', 'f-a2-p-2:C8', 'STANDARD', 3, 8, 'free');
INSERT INTO parking_spots (id, parking_lot_id, spot_number, zone, spot_row, spot_col, status) VALUES ('78c439a1-9f55-591f-bfd0-ef831fafcf41', 'd8085d8f-7aaa-5eb4-b47d-2e2fe79bfe43', 'f-a2-p-2:C9', 'STANDARD', 3, 9, 'free');
INSERT INTO parking_spots (id, parking_lot_id, spot_number, zone, spot_row, spot_col, status) VALUES ('9a3459b5-da8a-5537-993e-ec1cc61a903f', 'd8085d8f-7aaa-5eb4-b47d-2e2fe79bfe43', 'f-a2-p-2:C10', 'STANDARD', 3, 10, 'free');
INSERT INTO parking_spots (id, parking_lot_id, spot_number, zone, spot_row, spot_col, status) VALUES ('d506e506-c5da-577c-b335-889184f02e4d', 'd8085d8f-7aaa-5eb4-b47d-2e2fe79bfe43', 'f-a2-p-2:C11', 'STANDARD', 3, 11, 'free');
INSERT INTO parking_spots (id, parking_lot_id, spot_number, zone, spot_row, spot_col, status) VALUES ('7ffce58e-a2ce-5730-ac6d-f6ec7cbf91f5', 'd8085d8f-7aaa-5eb4-b47d-2e2fe79bfe43', 'f-a2-p-2:C12', 'STANDARD', 3, 12, 'free');
INSERT INTO parking_spots (id, parking_lot_id, spot_number, zone, spot_row, spot_col, status) VALUES ('3e204aa8-c2a1-5d8c-80bf-4b342a25bff9', 'd8085d8f-7aaa-5eb4-b47d-2e2fe79bfe43', 'f-a2-p-2:C13', 'STANDARD', 3, 13, 'free');
INSERT INTO parking_spots (id, parking_lot_id, spot_number, zone, spot_row, spot_col, status) VALUES ('c94405d8-c144-576b-8f50-46b7525f9375', 'd8085d8f-7aaa-5eb4-b47d-2e2fe79bfe43', 'f-a2-p-2:C14', 'STANDARD', 3, 14, 'free');
INSERT INTO parking_spots (id, parking_lot_id, spot_number, zone, spot_row, spot_col, status) VALUES ('67f114e7-fa98-559f-876c-914f63856bfe', 'd8085d8f-7aaa-5eb4-b47d-2e2fe79bfe43', 'f-a2-p-2:C15', 'STANDARD', 3, 15, 'free');
INSERT INTO parking_spots (id, parking_lot_id, spot_number, zone, spot_row, spot_col, status) VALUES ('8808a7ae-f862-57ac-9fdc-e07d42a55e8a', 'd8085d8f-7aaa-5eb4-b47d-2e2fe79bfe43', 'f-a2-p-2:D1', 'STANDARD', 4, 1, 'free');
INSERT INTO parking_spots (id, parking_lot_id, spot_number, zone, spot_row, spot_col, status) VALUES ('e5f78712-2a21-5f09-b4c3-b1eb27c89f68', 'd8085d8f-7aaa-5eb4-b47d-2e2fe79bfe43', 'f-a2-p-2:D2', 'STANDARD', 4, 2, 'free');
INSERT INTO parking_spots (id, parking_lot_id, spot_number, zone, spot_row, spot_col, status) VALUES ('6cfb7e35-c91e-58c2-82ff-fe4268e31ea2', 'd8085d8f-7aaa-5eb4-b47d-2e2fe79bfe43', 'f-a2-p-2:D3', 'STANDARD', 4, 3, 'free');
INSERT INTO parking_spots (id, parking_lot_id, spot_number, zone, spot_row, spot_col, status) VALUES ('df5e7ba7-bc5f-5870-a2f2-0e75fbb4181a', 'd8085d8f-7aaa-5eb4-b47d-2e2fe79bfe43', 'f-a2-p-2:D4', 'STANDARD', 4, 4, 'free');
INSERT INTO parking_spots (id, parking_lot_id, spot_number, zone, spot_row, spot_col, status) VALUES ('2369b048-faa9-5f6a-a5fb-c53c4ec4d615', 'd8085d8f-7aaa-5eb4-b47d-2e2fe79bfe43', 'f-a2-p-2:D5', 'STANDARD', 4, 5, 'free');
INSERT INTO parking_spots (id, parking_lot_id, spot_number, zone, spot_row, spot_col, status) VALUES ('7d6f555a-31e4-5560-917b-6059543e7978', 'd8085d8f-7aaa-5eb4-b47d-2e2fe79bfe43', 'f-a2-p-2:D6', 'STANDARD', 4, 6, 'free');
INSERT INTO parking_spots (id, parking_lot_id, spot_number, zone, spot_row, spot_col, status) VALUES ('cae5c28f-86bb-53cf-9d52-ce156362bee1', 'd8085d8f-7aaa-5eb4-b47d-2e2fe79bfe43', 'f-a2-p-2:D7', 'STANDARD', 4, 7, 'free');
INSERT INTO parking_spots (id, parking_lot_id, spot_number, zone, spot_row, spot_col, status) VALUES ('82c7bd94-d473-5295-b098-fee933a71b2c', 'd8085d8f-7aaa-5eb4-b47d-2e2fe79bfe43', 'f-a2-p-2:D8', 'STANDARD', 4, 8, 'free');
INSERT INTO parking_spots (id, parking_lot_id, spot_number, zone, spot_row, spot_col, status) VALUES ('31875ca5-f976-51ab-902e-d5682ee20f1b', 'd8085d8f-7aaa-5eb4-b47d-2e2fe79bfe43', 'f-a2-p-2:D9', 'STANDARD', 4, 9, 'free');
INSERT INTO parking_spots (id, parking_lot_id, spot_number, zone, spot_row, spot_col, status) VALUES ('1ea965af-dce4-5df6-8424-f16a299515e0', 'd8085d8f-7aaa-5eb4-b47d-2e2fe79bfe43', 'f-a2-p-2:D10', 'STANDARD', 4, 10, 'free');
INSERT INTO parking_spots (id, parking_lot_id, spot_number, zone, spot_row, spot_col, status) VALUES ('c7a47c7d-e854-59bd-a7e7-2985a10e6b12', 'd8085d8f-7aaa-5eb4-b47d-2e2fe79bfe43', 'f-a2-p-2:D11', 'STANDARD', 4, 11, 'free');
INSERT INTO parking_spots (id, parking_lot_id, spot_number, zone, spot_row, spot_col, status) VALUES ('f1af8732-16b4-5fc5-a161-4e7edf67615c', 'd8085d8f-7aaa-5eb4-b47d-2e2fe79bfe43', 'f-a2-p-2:D12', 'STANDARD', 4, 12, 'free');
INSERT INTO parking_spots (id, parking_lot_id, spot_number, zone, spot_row, spot_col, status) VALUES ('6b72598e-7a61-53f1-8232-e268394721bd', 'd8085d8f-7aaa-5eb4-b47d-2e2fe79bfe43', 'f-a2-p-2:D13', 'STANDARD', 4, 13, 'free');
INSERT INTO parking_spots (id, parking_lot_id, spot_number, zone, spot_row, spot_col, status) VALUES ('fb3998b7-8a31-5a0a-9f01-b6821c0cbef7', 'd8085d8f-7aaa-5eb4-b47d-2e2fe79bfe43', 'f-a2-p-2:D14', 'STANDARD', 4, 14, 'free');
INSERT INTO parking_spots (id, parking_lot_id, spot_number, zone, spot_row, spot_col, status) VALUES ('d06f62f1-236c-52b7-8481-d347ae8ea3d2', 'd8085d8f-7aaa-5eb4-b47d-2e2fe79bfe43', 'f-a2-p-2:D15', 'STANDARD', 4, 15, 'free');
INSERT INTO parking_spots (id, parking_lot_id, spot_number, zone, spot_row, spot_col, status) VALUES ('8795dc55-4ec6-502d-b0f0-214297fdf4ab', 'd8085d8f-7aaa-5eb4-b47d-2e2fe79bfe43', 'f-a2-p-2:E1', 'STANDARD', 5, 1, 'free');
INSERT INTO parking_spots (id, parking_lot_id, spot_number, zone, spot_row, spot_col, status) VALUES ('94eda599-f9b8-59f1-a26e-1c974f351a0a', 'd8085d8f-7aaa-5eb4-b47d-2e2fe79bfe43', 'f-a2-p-2:E2', 'STANDARD', 5, 2, 'free');
INSERT INTO parking_spots (id, parking_lot_id, spot_number, zone, spot_row, spot_col, status) VALUES ('00ebe1ba-2b06-5707-904a-d9ec77d5b392', 'd8085d8f-7aaa-5eb4-b47d-2e2fe79bfe43', 'f-a2-p-2:E3', 'STANDARD', 5, 3, 'free');
INSERT INTO parking_spots (id, parking_lot_id, spot_number, zone, spot_row, spot_col, status) VALUES ('2bc9fa57-fce7-5bbb-b942-ac5b56f04f4e', 'd8085d8f-7aaa-5eb4-b47d-2e2fe79bfe43', 'f-a2-p-2:E4', 'STANDARD', 5, 4, 'free');
INSERT INTO parking_spots (id, parking_lot_id, spot_number, zone, spot_row, spot_col, status) VALUES ('28bfd6d6-9ad7-5710-ba7c-719ac6fec171', 'd8085d8f-7aaa-5eb4-b47d-2e2fe79bfe43', 'f-a2-p-2:E5', 'STANDARD', 5, 5, 'free');
INSERT INTO parking_spots (id, parking_lot_id, spot_number, zone, spot_row, spot_col, status) VALUES ('aa6648c2-d8e4-5eca-91fc-6fc8b87f6efa', 'd8085d8f-7aaa-5eb4-b47d-2e2fe79bfe43', 'f-a2-p-2:E6', 'STANDARD', 5, 6, 'free');
INSERT INTO parking_spots (id, parking_lot_id, spot_number, zone, spot_row, spot_col, status) VALUES ('54a28c36-27da-5375-8ee2-2b52198ed349', 'd8085d8f-7aaa-5eb4-b47d-2e2fe79bfe43', 'f-a2-p-2:E7', 'STANDARD', 5, 7, 'free');
INSERT INTO parking_spots (id, parking_lot_id, spot_number, zone, spot_row, spot_col, status) VALUES ('af412e65-631e-52a8-8312-976f78f0dedc', 'd8085d8f-7aaa-5eb4-b47d-2e2fe79bfe43', 'f-a2-p-2:E8', 'STANDARD', 5, 8, 'free');
INSERT INTO parking_spots (id, parking_lot_id, spot_number, zone, spot_row, spot_col, status) VALUES ('2c3af7ea-4312-51ab-a617-e4f1e32a30c4', 'd8085d8f-7aaa-5eb4-b47d-2e2fe79bfe43', 'f-a2-p-2:E9', 'STANDARD', 5, 9, 'free');
INSERT INTO parking_spots (id, parking_lot_id, spot_number, zone, spot_row, spot_col, status) VALUES ('e03c2600-b87c-5ddf-bddf-a7f14c1f7149', 'd8085d8f-7aaa-5eb4-b47d-2e2fe79bfe43', 'f-a2-p-2:E10', 'STANDARD', 5, 10, 'free');
INSERT INTO parking_spots (id, parking_lot_id, spot_number, zone, spot_row, spot_col, status) VALUES ('0df62617-195c-51eb-a5cd-720c83c92f86', 'd8085d8f-7aaa-5eb4-b47d-2e2fe79bfe43', 'f-a2-p-2:E11', 'STANDARD', 5, 11, 'free');
INSERT INTO parking_spots (id, parking_lot_id, spot_number, zone, spot_row, spot_col, status) VALUES ('e69703fa-7b17-5404-8e05-a0cd11f66ba4', 'd8085d8f-7aaa-5eb4-b47d-2e2fe79bfe43', 'f-a2-p-2:E12', 'STANDARD', 5, 12, 'free');
INSERT INTO parking_spots (id, parking_lot_id, spot_number, zone, spot_row, spot_col, status) VALUES ('6c31d760-cc97-5762-82c1-97d42e01a00e', 'd8085d8f-7aaa-5eb4-b47d-2e2fe79bfe43', 'f-a2-p-2:E13', 'STANDARD', 5, 13, 'free');
INSERT INTO parking_spots (id, parking_lot_id, spot_number, zone, spot_row, spot_col, status) VALUES ('4fabf766-5a26-5668-9f5c-d3bdf5b49e23', 'd8085d8f-7aaa-5eb4-b47d-2e2fe79bfe43', 'f-a2-p-2:E14', 'STANDARD', 5, 14, 'free');
INSERT INTO parking_spots (id, parking_lot_id, spot_number, zone, spot_row, spot_col, status) VALUES ('391b0aa4-1bf2-5754-a49d-d8c142211769', 'd8085d8f-7aaa-5eb4-b47d-2e2fe79bfe43', 'f-a2-p-2:E15', 'STANDARD', 5, 15, 'free');
INSERT INTO parking_spots (id, parking_lot_id, spot_number, zone, spot_row, spot_col, status) VALUES ('41be7d43-cd05-5a54-a507-cf087c20c2ca', 'd8085d8f-7aaa-5eb4-b47d-2e2fe79bfe43', 'f-a2-p-2:F1', 'STANDARD', 6, 1, 'free');
INSERT INTO parking_spots (id, parking_lot_id, spot_number, zone, spot_row, spot_col, status) VALUES ('255690c6-6032-5acc-b4cb-8b0c6cee45f4', 'd8085d8f-7aaa-5eb4-b47d-2e2fe79bfe43', 'f-a2-p-2:F2', 'STANDARD', 6, 2, 'free');
INSERT INTO parking_spots (id, parking_lot_id, spot_number, zone, spot_row, spot_col, status) VALUES ('7e35a3f7-35a7-5f7b-bb74-7a1efab934cf', 'd8085d8f-7aaa-5eb4-b47d-2e2fe79bfe43', 'f-a2-p-2:F3', 'STANDARD', 6, 3, 'free');
INSERT INTO parking_spots (id, parking_lot_id, spot_number, zone, spot_row, spot_col, status) VALUES ('ed4a7320-59f9-5331-83e6-9a25c52e2490', 'd8085d8f-7aaa-5eb4-b47d-2e2fe79bfe43', 'f-a2-p-2:F4', 'STANDARD', 6, 4, 'free');
INSERT INTO parking_spots (id, parking_lot_id, spot_number, zone, spot_row, spot_col, status) VALUES ('f00a7ba3-8498-5b74-b3c1-b1c384146d26', 'd8085d8f-7aaa-5eb4-b47d-2e2fe79bfe43', 'f-a2-p-2:F5', 'STANDARD', 6, 5, 'free');
INSERT INTO parking_spots (id, parking_lot_id, spot_number, zone, spot_row, spot_col, status) VALUES ('2aa46d0d-64bf-5a19-8902-5e50a6c8a84f', 'd8085d8f-7aaa-5eb4-b47d-2e2fe79bfe43', 'f-a2-p-2:F6', 'STANDARD', 6, 6, 'free');
INSERT INTO parking_spots (id, parking_lot_id, spot_number, zone, spot_row, spot_col, status) VALUES ('1e8817bc-cfcd-5a4b-b44b-bfeb76ae2440', 'd8085d8f-7aaa-5eb4-b47d-2e2fe79bfe43', 'f-a2-p-2:F7', 'STANDARD', 6, 7, 'free');
INSERT INTO parking_spots (id, parking_lot_id, spot_number, zone, spot_row, spot_col, status) VALUES ('9a5d3d7c-d7e0-576a-b0ef-96688521f007', 'd8085d8f-7aaa-5eb4-b47d-2e2fe79bfe43', 'f-a2-p-2:F8', 'STANDARD', 6, 8, 'free');
INSERT INTO parking_spots (id, parking_lot_id, spot_number, zone, spot_row, spot_col, status) VALUES ('058e8bbb-e00a-559a-92ed-58447c4f53ee', 'd8085d8f-7aaa-5eb4-b47d-2e2fe79bfe43', 'f-a2-p-2:F9', 'STANDARD', 6, 9, 'free');
INSERT INTO parking_spots (id, parking_lot_id, spot_number, zone, spot_row, spot_col, status) VALUES ('ad58312d-457f-5e4c-9ee6-37b7051cbf0e', 'd8085d8f-7aaa-5eb4-b47d-2e2fe79bfe43', 'f-a2-p-2:F10', 'STANDARD', 6, 10, 'free');
INSERT INTO parking_spots (id, parking_lot_id, spot_number, zone, spot_row, spot_col, status) VALUES ('699b87d1-8027-53b7-8eea-e663101f60e5', 'd8085d8f-7aaa-5eb4-b47d-2e2fe79bfe43', 'f-a2-p-2:F11', 'STANDARD', 6, 11, 'free');
INSERT INTO parking_spots (id, parking_lot_id, spot_number, zone, spot_row, spot_col, status) VALUES ('9dea7bc9-ad9e-5de4-8725-bbdd8c7126b7', 'd8085d8f-7aaa-5eb4-b47d-2e2fe79bfe43', 'f-a2-p-2:F12', 'STANDARD', 6, 12, 'free');
INSERT INTO parking_spots (id, parking_lot_id, spot_number, zone, spot_row, spot_col, status) VALUES ('278f6d9e-6966-5ce7-be09-daeaef52b6a3', 'd8085d8f-7aaa-5eb4-b47d-2e2fe79bfe43', 'f-a2-p-2:F13', 'STANDARD', 6, 13, 'free');
INSERT INTO parking_spots (id, parking_lot_id, spot_number, zone, spot_row, spot_col, status) VALUES ('76479c0a-14cb-576d-a6e2-8c0b9615ff2c', 'd8085d8f-7aaa-5eb4-b47d-2e2fe79bfe43', 'f-a2-p-2:F14', 'STANDARD', 6, 14, 'free');
INSERT INTO parking_spots (id, parking_lot_id, spot_number, zone, spot_row, spot_col, status) VALUES ('ce34f01d-6e2d-5324-b557-89b75cc6e392', 'd8085d8f-7aaa-5eb4-b47d-2e2fe79bfe43', 'f-a2-p-2:F15', 'STANDARD', 6, 15, 'free');
INSERT INTO parking_spots (id, parking_lot_id, spot_number, zone, spot_row, spot_col, status) VALUES ('c30517e8-9215-5d02-a89c-c7a47c91648f', 'd8085d8f-7aaa-5eb4-b47d-2e2fe79bfe43', 'f-a2-p-2:G1', 'STANDARD', 7, 1, 'free');
INSERT INTO parking_spots (id, parking_lot_id, spot_number, zone, spot_row, spot_col, status) VALUES ('fc554a29-40f0-51e2-88e4-2c569947c3d1', 'd8085d8f-7aaa-5eb4-b47d-2e2fe79bfe43', 'f-a2-p-2:G2', 'STANDARD', 7, 2, 'free');
INSERT INTO parking_spots (id, parking_lot_id, spot_number, zone, spot_row, spot_col, status) VALUES ('dbb28d23-2d05-5c1a-a804-00c356ebc76b', 'd8085d8f-7aaa-5eb4-b47d-2e2fe79bfe43', 'f-a2-p-2:G3', 'STANDARD', 7, 3, 'free');
INSERT INTO parking_spots (id, parking_lot_id, spot_number, zone, spot_row, spot_col, status) VALUES ('8a2bd967-52d9-5df9-b412-91e2dae54a86', 'd8085d8f-7aaa-5eb4-b47d-2e2fe79bfe43', 'f-a2-p-2:G4', 'STANDARD', 7, 4, 'free');
INSERT INTO parking_spots (id, parking_lot_id, spot_number, zone, spot_row, spot_col, status) VALUES ('6784df79-9dc0-57fe-905d-559067ae42e7', 'd8085d8f-7aaa-5eb4-b47d-2e2fe79bfe43', 'f-a2-p-2:G5', 'STANDARD', 7, 5, 'free');
INSERT INTO parking_spots (id, parking_lot_id, spot_number, zone, spot_row, spot_col, status) VALUES ('66c80269-bbd9-5b15-862c-16d449fd29f2', 'd8085d8f-7aaa-5eb4-b47d-2e2fe79bfe43', 'f-a2-p-2:G6', 'STANDARD', 7, 6, 'free');
INSERT INTO parking_spots (id, parking_lot_id, spot_number, zone, spot_row, spot_col, status) VALUES ('da8f92ae-0988-5b85-9b27-05a333e08ae9', 'd8085d8f-7aaa-5eb4-b47d-2e2fe79bfe43', 'f-a2-p-2:G7', 'STANDARD', 7, 7, 'free');
INSERT INTO parking_spots (id, parking_lot_id, spot_number, zone, spot_row, spot_col, status) VALUES ('1ec5bb26-112e-50a2-b3d1-2b061e4cd336', 'd8085d8f-7aaa-5eb4-b47d-2e2fe79bfe43', 'f-a2-p-2:G8', 'STANDARD', 7, 8, 'free');
INSERT INTO parking_spots (id, parking_lot_id, spot_number, zone, spot_row, spot_col, status) VALUES ('9036af73-ee41-5437-a0d9-cec582b93ba1', 'd8085d8f-7aaa-5eb4-b47d-2e2fe79bfe43', 'f-a2-p-2:G9', 'STANDARD', 7, 9, 'free');
INSERT INTO parking_spots (id, parking_lot_id, spot_number, zone, spot_row, spot_col, status) VALUES ('84028644-00a1-5197-82ad-1a5849dbe071', 'd8085d8f-7aaa-5eb4-b47d-2e2fe79bfe43', 'f-a2-p-2:G10', 'STANDARD', 7, 10, 'free');
INSERT INTO parking_spots (id, parking_lot_id, spot_number, zone, spot_row, spot_col, status) VALUES ('92a592fc-72c6-5ea6-b60a-da009fee872a', 'd8085d8f-7aaa-5eb4-b47d-2e2fe79bfe43', 'f-a2-p-2:G11', 'STANDARD', 7, 11, 'free');
INSERT INTO parking_spots (id, parking_lot_id, spot_number, zone, spot_row, spot_col, status) VALUES ('c3179f92-67dc-5490-ba70-e1523aacb43e', 'd8085d8f-7aaa-5eb4-b47d-2e2fe79bfe43', 'f-a2-p-2:G12', 'STANDARD', 7, 12, 'free');
INSERT INTO parking_spots (id, parking_lot_id, spot_number, zone, spot_row, spot_col, status) VALUES ('22d77523-ab77-53ca-9a00-7f1f35d05814', 'd8085d8f-7aaa-5eb4-b47d-2e2fe79bfe43', 'f-a2-p-2:G13', 'STANDARD', 7, 13, 'free');
INSERT INTO parking_spots (id, parking_lot_id, spot_number, zone, spot_row, spot_col, status) VALUES ('c55b3d09-e7d1-55a7-9a65-4340389d3420', 'd8085d8f-7aaa-5eb4-b47d-2e2fe79bfe43', 'f-a2-p-2:G14', 'STANDARD', 7, 14, 'free');
INSERT INTO parking_spots (id, parking_lot_id, spot_number, zone, spot_row, spot_col, status) VALUES ('b0542a55-61f6-5a58-9947-e60e547b3336', 'd8085d8f-7aaa-5eb4-b47d-2e2fe79bfe43', 'f-a2-p-2:G15', 'STANDARD', 7, 15, 'free');
INSERT INTO parking_spots (id, parking_lot_id, spot_number, zone, spot_row, spot_col, status) VALUES ('bff7e94b-d275-5b61-92d2-86c1a5126da1', 'd8085d8f-7aaa-5eb4-b47d-2e2fe79bfe43', 'f-a2-p-2:H1', 'STANDARD', 8, 1, 'free');
INSERT INTO parking_spots (id, parking_lot_id, spot_number, zone, spot_row, spot_col, status) VALUES ('abb69eba-6c6f-5508-ad6e-4ce8dfcfb75f', 'd8085d8f-7aaa-5eb4-b47d-2e2fe79bfe43', 'f-a2-p-2:H2', 'STANDARD', 8, 2, 'free');
INSERT INTO parking_spots (id, parking_lot_id, spot_number, zone, spot_row, spot_col, status) VALUES ('f952665c-6364-551e-ad74-ebdefe582bb5', 'd8085d8f-7aaa-5eb4-b47d-2e2fe79bfe43', 'f-a2-p-2:H3', 'STANDARD', 8, 3, 'free');
INSERT INTO parking_spots (id, parking_lot_id, spot_number, zone, spot_row, spot_col, status) VALUES ('0c31848f-2f02-5660-9c80-02c052a8704d', 'd8085d8f-7aaa-5eb4-b47d-2e2fe79bfe43', 'f-a2-p-2:H4', 'STANDARD', 8, 4, 'free');
INSERT INTO parking_spots (id, parking_lot_id, spot_number, zone, spot_row, spot_col, status) VALUES ('c8c1602c-78a3-5d8f-8f94-6600ef07b52f', 'd8085d8f-7aaa-5eb4-b47d-2e2fe79bfe43', 'f-a2-p-2:H5', 'STANDARD', 8, 5, 'free');
INSERT INTO parking_spots (id, parking_lot_id, spot_number, zone, spot_row, spot_col, status) VALUES ('338be15b-a527-5e4c-bdef-712acf06245f', 'd8085d8f-7aaa-5eb4-b47d-2e2fe79bfe43', 'f-a2-p-2:H6', 'STANDARD', 8, 6, 'free');
INSERT INTO parking_spots (id, parking_lot_id, spot_number, zone, spot_row, spot_col, status) VALUES ('fafafd94-e6a9-51ce-b83b-d46874fa9602', 'd8085d8f-7aaa-5eb4-b47d-2e2fe79bfe43', 'f-a2-p-2:H7', 'STANDARD', 8, 7, 'free');
INSERT INTO parking_spots (id, parking_lot_id, spot_number, zone, spot_row, spot_col, status) VALUES ('cfdfa8eb-5b4b-54cd-9ab8-2cf5f5d0d032', 'd8085d8f-7aaa-5eb4-b47d-2e2fe79bfe43', 'f-a2-p-2:H8', 'STANDARD', 8, 8, 'free');
INSERT INTO parking_spots (id, parking_lot_id, spot_number, zone, spot_row, spot_col, status) VALUES ('d3d6c87e-c123-56e3-bda2-f5f16888ba75', 'd8085d8f-7aaa-5eb4-b47d-2e2fe79bfe43', 'f-a2-p-2:H9', 'STANDARD', 8, 9, 'free');
INSERT INTO parking_spots (id, parking_lot_id, spot_number, zone, spot_row, spot_col, status) VALUES ('c2c5fb5c-fe33-553d-8d81-19bbcd013763', 'd8085d8f-7aaa-5eb4-b47d-2e2fe79bfe43', 'f-a2-p-2:H10', 'STANDARD', 8, 10, 'free');
INSERT INTO parking_spots (id, parking_lot_id, spot_number, zone, spot_row, spot_col, status) VALUES ('ef9e51ac-2495-540a-a05d-dd418b813309', 'd8085d8f-7aaa-5eb4-b47d-2e2fe79bfe43', 'f-a2-p-2:H11', 'STANDARD', 8, 11, 'free');
INSERT INTO parking_spots (id, parking_lot_id, spot_number, zone, spot_row, spot_col, status) VALUES ('c261b042-4107-5c9d-9218-df957fa531e4', 'd8085d8f-7aaa-5eb4-b47d-2e2fe79bfe43', 'f-a2-p-2:H12', 'STANDARD', 8, 12, 'free');
INSERT INTO parking_spots (id, parking_lot_id, spot_number, zone, spot_row, spot_col, status) VALUES ('b56ce0be-f756-5475-bf88-025346c2f5ce', 'd8085d8f-7aaa-5eb4-b47d-2e2fe79bfe43', 'f-a2-p-2:H13', 'STANDARD', 8, 13, 'free');
INSERT INTO parking_spots (id, parking_lot_id, spot_number, zone, spot_row, spot_col, status) VALUES ('18a34a1a-c550-5e1c-b510-6f37620becf6', 'd8085d8f-7aaa-5eb4-b47d-2e2fe79bfe43', 'f-a2-p-2:H14', 'STANDARD', 8, 14, 'free');
INSERT INTO parking_spots (id, parking_lot_id, spot_number, zone, spot_row, spot_col, status) VALUES ('91aac3de-a735-5f45-9e9e-3804dc2ccc7b', 'd8085d8f-7aaa-5eb4-b47d-2e2fe79bfe43', 'f-a2-p-2:H15', 'STANDARD', 8, 15, 'free');
INSERT INTO parking_spots (id, parking_lot_id, spot_number, zone, spot_row, spot_col, status) VALUES ('8c80fb54-f282-581e-ae3f-139c837b61e2', 'd8085d8f-7aaa-5eb4-b47d-2e2fe79bfe43', 'f-a2-p-2:I1', 'STANDARD', 9, 1, 'free');
INSERT INTO parking_spots (id, parking_lot_id, spot_number, zone, spot_row, spot_col, status) VALUES ('a8fa46b9-fa50-5dc6-8f8d-1768824e37dc', 'd8085d8f-7aaa-5eb4-b47d-2e2fe79bfe43', 'f-a2-p-2:I2', 'STANDARD', 9, 2, 'free');
INSERT INTO parking_spots (id, parking_lot_id, spot_number, zone, spot_row, spot_col, status) VALUES ('3465d223-534d-5733-a03c-0ee8c343275f', 'd8085d8f-7aaa-5eb4-b47d-2e2fe79bfe43', 'f-a2-p-2:I3', 'STANDARD', 9, 3, 'free');
INSERT INTO parking_spots (id, parking_lot_id, spot_number, zone, spot_row, spot_col, status) VALUES ('9e01d4cb-8a72-52fc-a663-592c7bce07c7', 'd8085d8f-7aaa-5eb4-b47d-2e2fe79bfe43', 'f-a2-p-2:I4', 'STANDARD', 9, 4, 'free');
INSERT INTO parking_spots (id, parking_lot_id, spot_number, zone, spot_row, spot_col, status) VALUES ('8d67a908-6503-5982-bad3-ab813dbc1262', 'd8085d8f-7aaa-5eb4-b47d-2e2fe79bfe43', 'f-a2-p-2:I5', 'STANDARD', 9, 5, 'free');
INSERT INTO parking_spots (id, parking_lot_id, spot_number, zone, spot_row, spot_col, status) VALUES ('06b653a1-16a0-5818-bc74-429643aef1f8', 'd8085d8f-7aaa-5eb4-b47d-2e2fe79bfe43', 'f-a2-p-2:I6', 'STANDARD', 9, 6, 'free');
INSERT INTO parking_spots (id, parking_lot_id, spot_number, zone, spot_row, spot_col, status) VALUES ('574ce9f3-e910-5203-aa07-e8b1562307a1', 'd8085d8f-7aaa-5eb4-b47d-2e2fe79bfe43', 'f-a2-p-2:I7', 'STANDARD', 9, 7, 'free');
INSERT INTO parking_spots (id, parking_lot_id, spot_number, zone, spot_row, spot_col, status) VALUES ('c013b19e-84c1-5718-a54b-c37bedb5140e', 'd8085d8f-7aaa-5eb4-b47d-2e2fe79bfe43', 'f-a2-p-2:I8', 'STANDARD', 9, 8, 'free');
INSERT INTO parking_spots (id, parking_lot_id, spot_number, zone, spot_row, spot_col, status) VALUES ('a7657b2b-5f19-5ded-b915-33869de0d5ef', 'd8085d8f-7aaa-5eb4-b47d-2e2fe79bfe43', 'f-a2-p-2:I9', 'STANDARD', 9, 9, 'free');
INSERT INTO parking_spots (id, parking_lot_id, spot_number, zone, spot_row, spot_col, status) VALUES ('82b2e5d2-6e72-5105-8b97-c15c975b5981', 'd8085d8f-7aaa-5eb4-b47d-2e2fe79bfe43', 'f-a2-p-2:I10', 'STANDARD', 9, 10, 'free');
INSERT INTO parking_spots (id, parking_lot_id, spot_number, zone, spot_row, spot_col, status) VALUES ('30e95f88-0271-58d5-b038-826f96689409', 'd8085d8f-7aaa-5eb4-b47d-2e2fe79bfe43', 'f-a2-p-2:I11', 'STANDARD', 9, 11, 'free');
INSERT INTO parking_spots (id, parking_lot_id, spot_number, zone, spot_row, spot_col, status) VALUES ('612804e0-4d88-5b8a-8cd6-373dd483314d', 'd8085d8f-7aaa-5eb4-b47d-2e2fe79bfe43', 'f-a2-p-2:I12', 'STANDARD', 9, 12, 'free');
INSERT INTO parking_spots (id, parking_lot_id, spot_number, zone, spot_row, spot_col, status) VALUES ('609f0d19-0168-55fe-a08e-6eeedaadf2b0', 'd8085d8f-7aaa-5eb4-b47d-2e2fe79bfe43', 'f-a2-p-2:I13', 'STANDARD', 9, 13, 'free');
INSERT INTO parking_spots (id, parking_lot_id, spot_number, zone, spot_row, spot_col, status) VALUES ('c22d4389-e003-5026-9119-f0e011b0574f', 'd8085d8f-7aaa-5eb4-b47d-2e2fe79bfe43', 'f-a2-p-2:I14', 'STANDARD', 9, 14, 'free');
INSERT INTO parking_spots (id, parking_lot_id, spot_number, zone, spot_row, spot_col, status) VALUES ('b872dff0-645a-55c2-a077-954818694feb', 'd8085d8f-7aaa-5eb4-b47d-2e2fe79bfe43', 'f-a2-p-2:I15', 'STANDARD', 9, 15, 'free');
INSERT INTO parking_spots (id, parking_lot_id, spot_number, zone, spot_row, spot_col, status) VALUES ('268913e1-b654-5d1b-a646-b33f7e99c8a5', 'd8085d8f-7aaa-5eb4-b47d-2e2fe79bfe43', 'f-a2-p-2:J1', 'STANDARD', 10, 1, 'free');
INSERT INTO parking_spots (id, parking_lot_id, spot_number, zone, spot_row, spot_col, status) VALUES ('db5492ed-2856-52f0-a5bf-1f19b35dc904', 'd8085d8f-7aaa-5eb4-b47d-2e2fe79bfe43', 'f-a2-p-2:J2', 'STANDARD', 10, 2, 'free');
INSERT INTO parking_spots (id, parking_lot_id, spot_number, zone, spot_row, spot_col, status) VALUES ('8360a627-6e56-5451-8322-c06e0d221cff', 'd8085d8f-7aaa-5eb4-b47d-2e2fe79bfe43', 'f-a2-p-2:J3', 'STANDARD', 10, 3, 'free');
INSERT INTO parking_spots (id, parking_lot_id, spot_number, zone, spot_row, spot_col, status) VALUES ('8aaa519f-5467-54fe-915a-ec9108b3e864', 'd8085d8f-7aaa-5eb4-b47d-2e2fe79bfe43', 'f-a2-p-2:J4', 'STANDARD', 10, 4, 'free');
INSERT INTO parking_spots (id, parking_lot_id, spot_number, zone, spot_row, spot_col, status) VALUES ('5bc83314-1db6-5637-922d-3918ae8fbb55', 'd8085d8f-7aaa-5eb4-b47d-2e2fe79bfe43', 'f-a2-p-2:J5', 'STANDARD', 10, 5, 'free');
INSERT INTO parking_spots (id, parking_lot_id, spot_number, zone, spot_row, spot_col, status) VALUES ('bbf14922-f07a-544c-b70e-1c287b0c5c71', 'd8085d8f-7aaa-5eb4-b47d-2e2fe79bfe43', 'f-a2-p-2:J6', 'STANDARD', 10, 6, 'free');
INSERT INTO parking_spots (id, parking_lot_id, spot_number, zone, spot_row, spot_col, status) VALUES ('b55ea8de-505b-5ea6-8b7e-eac0d5ba13ea', 'd8085d8f-7aaa-5eb4-b47d-2e2fe79bfe43', 'f-a2-p-2:J7', 'STANDARD', 10, 7, 'free');
INSERT INTO parking_spots (id, parking_lot_id, spot_number, zone, spot_row, spot_col, status) VALUES ('029ad765-b6e7-5a58-a72a-547fe9873841', 'd8085d8f-7aaa-5eb4-b47d-2e2fe79bfe43', 'f-a2-p-2:J8', 'STANDARD', 10, 8, 'free');
INSERT INTO parking_spots (id, parking_lot_id, spot_number, zone, spot_row, spot_col, status) VALUES ('c6c2e234-d579-57ee-b276-a41e87f3bc98', 'd8085d8f-7aaa-5eb4-b47d-2e2fe79bfe43', 'f-a2-p-2:J9', 'STANDARD', 10, 9, 'free');
INSERT INTO parking_spots (id, parking_lot_id, spot_number, zone, spot_row, spot_col, status) VALUES ('2cdf58eb-85a8-5948-b72d-71db1864f0f1', 'd8085d8f-7aaa-5eb4-b47d-2e2fe79bfe43', 'f-a2-p-2:J10', 'STANDARD', 10, 10, 'free');
INSERT INTO parking_spots (id, parking_lot_id, spot_number, zone, spot_row, spot_col, status) VALUES ('a26570d3-4309-5cb7-a947-e5d01e49388e', 'd8085d8f-7aaa-5eb4-b47d-2e2fe79bfe43', 'f-a2-p-2:J11', 'STANDARD', 10, 11, 'free');
INSERT INTO parking_spots (id, parking_lot_id, spot_number, zone, spot_row, spot_col, status) VALUES ('c332ec30-6230-5ff4-aa85-453f5973e53b', 'd8085d8f-7aaa-5eb4-b47d-2e2fe79bfe43', 'f-a2-p-2:J12', 'STANDARD', 10, 12, 'free');
INSERT INTO parking_spots (id, parking_lot_id, spot_number, zone, spot_row, spot_col, status) VALUES ('60b76da3-14d3-560c-be95-7353ce3e7cdc', 'd8085d8f-7aaa-5eb4-b47d-2e2fe79bfe43', 'f-a2-p-2:J13', 'STANDARD', 10, 13, 'free');
INSERT INTO parking_spots (id, parking_lot_id, spot_number, zone, spot_row, spot_col, status) VALUES ('54824e05-5c01-536f-800c-5c79d75c5454', 'd8085d8f-7aaa-5eb4-b47d-2e2fe79bfe43', 'f-a2-p-2:J14', 'STANDARD', 10, 14, 'free');
INSERT INTO parking_spots (id, parking_lot_id, spot_number, zone, spot_row, spot_col, status) VALUES ('7241145a-555b-58d6-a59d-1c4989596a43', 'd8085d8f-7aaa-5eb4-b47d-2e2fe79bfe43', 'f-a2-p-2:J15', 'STANDARD', 10, 15, 'free');

INSERT INTO parking_lots (id, name, city, address, latitude, longitude, opening_hours, total_spaces)
VALUES ('070b4f4d-9a9e-5c4a-92bd-eae711ecb6b3', 'Europa', 'Leiria', 'Avenida Marquês de Pombal, Leiria', 39.739704, -8.80677, '06h00 - 00h00', 90)
ON CONFLICT (id) DO UPDATE SET
  name = EXCLUDED.name,
  city = EXCLUDED.city,
  address = EXCLUDED.address,
  latitude = EXCLUDED.latitude,
  longitude = EXCLUDED.longitude,
  opening_hours = EXCLUDED.opening_hours,
  total_spaces = EXCLUDED.total_spaces;
DELETE FROM parking_lot_amenities WHERE parking_lot_id = '070b4f4d-9a9e-5c4a-92bd-eae711ecb6b3';
INSERT INTO parking_lot_amenities (parking_lot_id, amenity) VALUES ('070b4f4d-9a9e-5c4a-92bd-eae711ecb6b3', 'câmeras');
INSERT INTO tariffs (id, parking_lot_id, name, description, price_per_hour, max_daily, monthly, price_per_kwh, status)
VALUES ('f7094800-c13d-5f12-a3f4-46e34a5d03b8', '070b4f4d-9a9e-5c4a-92bd-eae711ecb6b3', 'Standard', 'Tarifa normal de estacionamento', 1.60, 13.00, 130.00, NULL, 'ACTIVE')
ON CONFLICT (id) DO UPDATE SET
  price_per_hour = EXCLUDED.price_per_hour,
  max_daily = EXCLUDED.max_daily,
  monthly = EXCLUDED.monthly,
  status = EXCLUDED.status;
DELETE FROM accessible_spots WHERE parking_lot_id = '070b4f4d-9a9e-5c4a-92bd-eae711ecb6b3';
DELETE FROM parking_spots WHERE parking_lot_id = '070b4f4d-9a9e-5c4a-92bd-eae711ecb6b3';
INSERT INTO parking_spots (id, parking_lot_id, spot_number, zone, spot_row, spot_col, status) VALUES ('c63dd456-884c-59e6-8c04-b64568ca8d06', '070b4f4d-9a9e-5c4a-92bd-eae711ecb6b3', 'f-l1-p0:A1', 'ACCESSIBLE', 1, 1, 'accessible');
INSERT INTO parking_spots (id, parking_lot_id, spot_number, zone, spot_row, spot_col, status) VALUES ('660a7920-76e8-5f01-a90b-91accad86230', '070b4f4d-9a9e-5c4a-92bd-eae711ecb6b3', 'f-l1-p0:A2', 'STANDARD', 1, 2, 'free');
INSERT INTO parking_spots (id, parking_lot_id, spot_number, zone, spot_row, spot_col, status) VALUES ('1e4d9075-4b56-5736-9622-8ed74604a879', '070b4f4d-9a9e-5c4a-92bd-eae711ecb6b3', 'f-l1-p0:A3', 'STANDARD', 1, 3, 'free');
INSERT INTO parking_spots (id, parking_lot_id, spot_number, zone, spot_row, spot_col, status) VALUES ('f937e603-28c9-5739-a073-a612c4f154e0', '070b4f4d-9a9e-5c4a-92bd-eae711ecb6b3', 'f-l1-p0:A4', 'STANDARD', 1, 4, 'free');
INSERT INTO parking_spots (id, parking_lot_id, spot_number, zone, spot_row, spot_col, status) VALUES ('b91613fc-155c-5714-b5a2-8a3d0dad2e0e', '070b4f4d-9a9e-5c4a-92bd-eae711ecb6b3', 'f-l1-p0:A5', 'STANDARD', 1, 5, 'free');
INSERT INTO parking_spots (id, parking_lot_id, spot_number, zone, spot_row, spot_col, status) VALUES ('d5cfd2b2-78af-580d-9068-559da4fde1be', '070b4f4d-9a9e-5c4a-92bd-eae711ecb6b3', 'f-l1-p0:A6', 'STANDARD', 1, 6, 'occupied');
INSERT INTO parking_spots (id, parking_lot_id, spot_number, zone, spot_row, spot_col, status) VALUES ('0c9523d2-84b6-52ad-8a4a-84565154ba6c', '070b4f4d-9a9e-5c4a-92bd-eae711ecb6b3', 'f-l1-p0:A7', 'STANDARD', 1, 7, 'free');
INSERT INTO parking_spots (id, parking_lot_id, spot_number, zone, spot_row, spot_col, status) VALUES ('c5a14919-7eae-5ba8-81d2-7d392f575e0c', '070b4f4d-9a9e-5c4a-92bd-eae711ecb6b3', 'f-l1-p0:A8', 'STANDARD', 1, 8, 'free');
INSERT INTO parking_spots (id, parking_lot_id, spot_number, zone, spot_row, spot_col, status) VALUES ('b68ec741-630f-5b90-8f9c-ca19ea4923c0', '070b4f4d-9a9e-5c4a-92bd-eae711ecb6b3', 'f-l1-p0:A9', 'STANDARD', 1, 9, 'free');
INSERT INTO parking_spots (id, parking_lot_id, spot_number, zone, spot_row, spot_col, status) VALUES ('46d5cf52-57eb-5034-aa96-51971b5bf751', '070b4f4d-9a9e-5c4a-92bd-eae711ecb6b3', 'f-l1-p0:A10', 'STANDARD', 1, 10, 'free');
INSERT INTO parking_spots (id, parking_lot_id, spot_number, zone, spot_row, spot_col, status) VALUES ('893c7c35-9fc3-54a0-8610-7fc91c2c41ae', '070b4f4d-9a9e-5c4a-92bd-eae711ecb6b3', 'f-l1-p0:A11', 'STANDARD', 1, 11, 'occupied');
INSERT INTO parking_spots (id, parking_lot_id, spot_number, zone, spot_row, spot_col, status) VALUES ('a6a05915-9013-5de1-a672-516bbb196795', '070b4f4d-9a9e-5c4a-92bd-eae711ecb6b3', 'f-l1-p0:A12', 'STANDARD', 1, 12, 'free');
INSERT INTO parking_spots (id, parking_lot_id, spot_number, zone, spot_row, spot_col, status) VALUES ('efdb9a20-b2af-539a-bb77-7ff3d04d4a7a', '070b4f4d-9a9e-5c4a-92bd-eae711ecb6b3', 'f-l1-p0:A13', 'STANDARD', 1, 13, 'free');
INSERT INTO parking_spots (id, parking_lot_id, spot_number, zone, spot_row, spot_col, status) VALUES ('dd87dccf-8857-5d3c-a7e7-369aed0c6051', '070b4f4d-9a9e-5c4a-92bd-eae711ecb6b3', 'f-l1-p0:A14', 'STANDARD', 1, 14, 'free');
INSERT INTO parking_spots (id, parking_lot_id, spot_number, zone, spot_row, spot_col, status) VALUES ('e37ced15-fb74-5647-aa22-6e17ca54b691', '070b4f4d-9a9e-5c4a-92bd-eae711ecb6b3', 'f-l1-p0:A15', 'STANDARD', 1, 15, 'free');
INSERT INTO parking_spots (id, parking_lot_id, spot_number, zone, spot_row, spot_col, status) VALUES ('813587a0-8c85-5d4b-b605-ebf2e5318ef5', '070b4f4d-9a9e-5c4a-92bd-eae711ecb6b3', 'f-l1-p0:B1', 'STANDARD', 2, 1, 'occupied');
INSERT INTO parking_spots (id, parking_lot_id, spot_number, zone, spot_row, spot_col, status) VALUES ('c1ee40cf-ec54-5ee7-af6a-aa1c04002e79', '070b4f4d-9a9e-5c4a-92bd-eae711ecb6b3', 'f-l1-p0:B2', 'STANDARD', 2, 2, 'free');
INSERT INTO parking_spots (id, parking_lot_id, spot_number, zone, spot_row, spot_col, status) VALUES ('67be897e-2b4e-5559-8898-86ce871ba7d9', '070b4f4d-9a9e-5c4a-92bd-eae711ecb6b3', 'f-l1-p0:B3', 'STANDARD', 2, 3, 'free');
INSERT INTO parking_spots (id, parking_lot_id, spot_number, zone, spot_row, spot_col, status) VALUES ('4dd6a318-f8f2-52d4-84b4-b4ea0031420a', '070b4f4d-9a9e-5c4a-92bd-eae711ecb6b3', 'f-l1-p0:B4', 'STANDARD', 2, 4, 'free');
INSERT INTO parking_spots (id, parking_lot_id, spot_number, zone, spot_row, spot_col, status) VALUES ('0a29d69c-b499-5e3c-aaf8-ee0e2255d7a9', '070b4f4d-9a9e-5c4a-92bd-eae711ecb6b3', 'f-l1-p0:B5', 'STANDARD', 2, 5, 'free');
INSERT INTO parking_spots (id, parking_lot_id, spot_number, zone, spot_row, spot_col, status) VALUES ('be6a96df-61bb-54cc-8a7a-ea1317d0c8ee', '070b4f4d-9a9e-5c4a-92bd-eae711ecb6b3', 'f-l1-p0:B6', 'STANDARD', 2, 6, 'occupied');
INSERT INTO parking_spots (id, parking_lot_id, spot_number, zone, spot_row, spot_col, status) VALUES ('550d00a5-5cdf-53ea-aacb-fccee4a1d070', '070b4f4d-9a9e-5c4a-92bd-eae711ecb6b3', 'f-l1-p0:B7', 'STANDARD', 2, 7, 'free');
INSERT INTO parking_spots (id, parking_lot_id, spot_number, zone, spot_row, spot_col, status) VALUES ('997f3ec8-97d5-52a5-ba19-d8d070e71268', '070b4f4d-9a9e-5c4a-92bd-eae711ecb6b3', 'f-l1-p0:B8', 'STANDARD', 2, 8, 'free');
INSERT INTO parking_spots (id, parking_lot_id, spot_number, zone, spot_row, spot_col, status) VALUES ('42755799-7663-56e8-a3ce-e248c8f6b3dc', '070b4f4d-9a9e-5c4a-92bd-eae711ecb6b3', 'f-l1-p0:B9', 'STANDARD', 2, 9, 'free');
INSERT INTO parking_spots (id, parking_lot_id, spot_number, zone, spot_row, spot_col, status) VALUES ('b0ec9d3e-00bc-5592-823e-304edcac1b92', '070b4f4d-9a9e-5c4a-92bd-eae711ecb6b3', 'f-l1-p0:B10', 'STANDARD', 2, 10, 'free');
INSERT INTO parking_spots (id, parking_lot_id, spot_number, zone, spot_row, spot_col, status) VALUES ('863849b4-9b9b-5a77-8cc3-5c52fdb103f7', '070b4f4d-9a9e-5c4a-92bd-eae711ecb6b3', 'f-l1-p0:B11', 'STANDARD', 2, 11, 'free');
INSERT INTO parking_spots (id, parking_lot_id, spot_number, zone, spot_row, spot_col, status) VALUES ('33628d19-68a2-557a-a2eb-9a12a7f17c7f', '070b4f4d-9a9e-5c4a-92bd-eae711ecb6b3', 'f-l1-p0:B12', 'STANDARD', 2, 12, 'free');
INSERT INTO parking_spots (id, parking_lot_id, spot_number, zone, spot_row, spot_col, status) VALUES ('9b3ec929-7012-56ce-9cb4-36225438cc50', '070b4f4d-9a9e-5c4a-92bd-eae711ecb6b3', 'f-l1-p0:B13', 'STANDARD', 2, 13, 'free');
INSERT INTO parking_spots (id, parking_lot_id, spot_number, zone, spot_row, spot_col, status) VALUES ('e2c70cc8-7f58-5eea-834d-1c3c120efd5c', '070b4f4d-9a9e-5c4a-92bd-eae711ecb6b3', 'f-l1-p0:B14', 'STANDARD', 2, 14, 'free');
INSERT INTO parking_spots (id, parking_lot_id, spot_number, zone, spot_row, spot_col, status) VALUES ('6b87070e-882c-56cc-a302-bb0e55390699', '070b4f4d-9a9e-5c4a-92bd-eae711ecb6b3', 'f-l1-p0:B15', 'STANDARD', 2, 15, 'free');
INSERT INTO parking_spots (id, parking_lot_id, spot_number, zone, spot_row, spot_col, status) VALUES ('67af6fdc-79eb-5932-a588-78c32584f4d3', '070b4f4d-9a9e-5c4a-92bd-eae711ecb6b3', 'f-l1-p0:C1', 'STANDARD', 3, 1, 'free');
INSERT INTO parking_spots (id, parking_lot_id, spot_number, zone, spot_row, spot_col, status) VALUES ('44da9919-e437-5213-9e2d-f2573dc81a0e', '070b4f4d-9a9e-5c4a-92bd-eae711ecb6b3', 'f-l1-p0:C2', 'STANDARD', 3, 2, 'free');
INSERT INTO parking_spots (id, parking_lot_id, spot_number, zone, spot_row, spot_col, status) VALUES ('0dc7d925-96e5-56e8-a8a1-abec6683eda6', '070b4f4d-9a9e-5c4a-92bd-eae711ecb6b3', 'f-l1-p0:C3', 'STANDARD', 3, 3, 'free');
INSERT INTO parking_spots (id, parking_lot_id, spot_number, zone, spot_row, spot_col, status) VALUES ('cfd855b4-9312-5265-a325-f0f35e1e311c', '070b4f4d-9a9e-5c4a-92bd-eae711ecb6b3', 'f-l1-p0:C4', 'STANDARD', 3, 4, 'free');
INSERT INTO parking_spots (id, parking_lot_id, spot_number, zone, spot_row, spot_col, status) VALUES ('48fa278e-60d6-5ad5-a15c-fc16fc4ea9f6', '070b4f4d-9a9e-5c4a-92bd-eae711ecb6b3', 'f-l1-p0:C5', 'STANDARD', 3, 5, 'free');
INSERT INTO parking_spots (id, parking_lot_id, spot_number, zone, spot_row, spot_col, status) VALUES ('500d782b-7eeb-59b6-b00e-660554f58dbe', '070b4f4d-9a9e-5c4a-92bd-eae711ecb6b3', 'f-l1-p0:C6', 'STANDARD', 3, 6, 'free');
INSERT INTO parking_spots (id, parking_lot_id, spot_number, zone, spot_row, spot_col, status) VALUES ('fbd6a701-68fa-5157-84d1-e492bbfa1001', '070b4f4d-9a9e-5c4a-92bd-eae711ecb6b3', 'f-l1-p0:C7', 'STANDARD', 3, 7, 'free');
INSERT INTO parking_spots (id, parking_lot_id, spot_number, zone, spot_row, spot_col, status) VALUES ('ccd26b88-f440-5dc3-a663-3c49e1afadab', '070b4f4d-9a9e-5c4a-92bd-eae711ecb6b3', 'f-l1-p0:C8', 'STANDARD', 3, 8, 'free');
INSERT INTO parking_spots (id, parking_lot_id, spot_number, zone, spot_row, spot_col, status) VALUES ('d1c3334e-b0ee-589d-b454-c20a19cb8803', '070b4f4d-9a9e-5c4a-92bd-eae711ecb6b3', 'f-l1-p0:C9', 'STANDARD', 3, 9, 'free');
INSERT INTO parking_spots (id, parking_lot_id, spot_number, zone, spot_row, spot_col, status) VALUES ('8d82dce2-804c-5d9f-bdb1-19100d054068', '070b4f4d-9a9e-5c4a-92bd-eae711ecb6b3', 'f-l1-p0:C10', 'STANDARD', 3, 10, 'free');
INSERT INTO parking_spots (id, parking_lot_id, spot_number, zone, spot_row, spot_col, status) VALUES ('247f151c-a766-51e1-baf2-d921b25b2536', '070b4f4d-9a9e-5c4a-92bd-eae711ecb6b3', 'f-l1-p0:C11', 'STANDARD', 3, 11, 'free');
INSERT INTO parking_spots (id, parking_lot_id, spot_number, zone, spot_row, spot_col, status) VALUES ('32364caf-de2f-5988-b80e-30dafe2a04fa', '070b4f4d-9a9e-5c4a-92bd-eae711ecb6b3', 'f-l1-p0:C12', 'STANDARD', 3, 12, 'free');
INSERT INTO parking_spots (id, parking_lot_id, spot_number, zone, spot_row, spot_col, status) VALUES ('d5144c0b-928a-50b8-8fb9-3f2aba9bb1c7', '070b4f4d-9a9e-5c4a-92bd-eae711ecb6b3', 'f-l1-p0:C13', 'STANDARD', 3, 13, 'free');
INSERT INTO parking_spots (id, parking_lot_id, spot_number, zone, spot_row, spot_col, status) VALUES ('ae1d20d0-6553-5117-9cf4-804fe3017eca', '070b4f4d-9a9e-5c4a-92bd-eae711ecb6b3', 'f-l1-p0:C14', 'STANDARD', 3, 14, 'free');
INSERT INTO parking_spots (id, parking_lot_id, spot_number, zone, spot_row, spot_col, status) VALUES ('c014308b-1f1b-5c94-b378-4c8bba3048be', '070b4f4d-9a9e-5c4a-92bd-eae711ecb6b3', 'f-l1-p0:C15', 'STANDARD', 3, 15, 'free');
INSERT INTO parking_spots (id, parking_lot_id, spot_number, zone, spot_row, spot_col, status) VALUES ('bf129ff0-0b53-528f-9231-29106030197c', '070b4f4d-9a9e-5c4a-92bd-eae711ecb6b3', 'f-l1-p0:D1', 'STANDARD', 4, 1, 'free');
INSERT INTO parking_spots (id, parking_lot_id, spot_number, zone, spot_row, spot_col, status) VALUES ('0aec405c-6a03-5f04-992d-d0770bb84d96', '070b4f4d-9a9e-5c4a-92bd-eae711ecb6b3', 'f-l1-p0:D2', 'STANDARD', 4, 2, 'free');
INSERT INTO parking_spots (id, parking_lot_id, spot_number, zone, spot_row, spot_col, status) VALUES ('3add6559-3c90-575e-98dc-182350502e7b', '070b4f4d-9a9e-5c4a-92bd-eae711ecb6b3', 'f-l1-p0:D3', 'STANDARD', 4, 3, 'free');
INSERT INTO parking_spots (id, parking_lot_id, spot_number, zone, spot_row, spot_col, status) VALUES ('c6e7cf8c-4ead-5100-8e29-3c5382e21704', '070b4f4d-9a9e-5c4a-92bd-eae711ecb6b3', 'f-l1-p0:D4', 'STANDARD', 4, 4, 'free');
INSERT INTO parking_spots (id, parking_lot_id, spot_number, zone, spot_row, spot_col, status) VALUES ('34ad62f4-4564-51cb-b19f-bcc3949f834b', '070b4f4d-9a9e-5c4a-92bd-eae711ecb6b3', 'f-l1-p0:D5', 'STANDARD', 4, 5, 'free');
INSERT INTO parking_spots (id, parking_lot_id, spot_number, zone, spot_row, spot_col, status) VALUES ('32396549-a5bf-53b7-9e12-a427558ede18', '070b4f4d-9a9e-5c4a-92bd-eae711ecb6b3', 'f-l1-p0:D6', 'STANDARD', 4, 6, 'free');
INSERT INTO parking_spots (id, parking_lot_id, spot_number, zone, spot_row, spot_col, status) VALUES ('2d35752d-16da-5ba0-b6eb-ef9ed380892f', '070b4f4d-9a9e-5c4a-92bd-eae711ecb6b3', 'f-l1-p0:D7', 'STANDARD', 4, 7, 'free');
INSERT INTO parking_spots (id, parking_lot_id, spot_number, zone, spot_row, spot_col, status) VALUES ('f941f44e-0cce-5c4a-9967-43e4b86962de', '070b4f4d-9a9e-5c4a-92bd-eae711ecb6b3', 'f-l1-p0:D8', 'STANDARD', 4, 8, 'free');
INSERT INTO parking_spots (id, parking_lot_id, spot_number, zone, spot_row, spot_col, status) VALUES ('0cd6b691-be72-57dd-b9b9-6c2f4f0318c2', '070b4f4d-9a9e-5c4a-92bd-eae711ecb6b3', 'f-l1-p0:D9', 'STANDARD', 4, 9, 'free');
INSERT INTO parking_spots (id, parking_lot_id, spot_number, zone, spot_row, spot_col, status) VALUES ('d6190f25-f5b8-57b3-85fd-0045517505d7', '070b4f4d-9a9e-5c4a-92bd-eae711ecb6b3', 'f-l1-p0:D10', 'STANDARD', 4, 10, 'free');
INSERT INTO parking_spots (id, parking_lot_id, spot_number, zone, spot_row, spot_col, status) VALUES ('732283a1-56d3-524c-9ff7-6826c6d46750', '070b4f4d-9a9e-5c4a-92bd-eae711ecb6b3', 'f-l1-p0:D11', 'STANDARD', 4, 11, 'free');
INSERT INTO parking_spots (id, parking_lot_id, spot_number, zone, spot_row, spot_col, status) VALUES ('7f359624-5549-5cc7-a2f7-e4847856863a', '070b4f4d-9a9e-5c4a-92bd-eae711ecb6b3', 'f-l1-p0:D12', 'STANDARD', 4, 12, 'free');
INSERT INTO parking_spots (id, parking_lot_id, spot_number, zone, spot_row, spot_col, status) VALUES ('b95bbf31-f5bb-513a-9eb6-715952cc7cbe', '070b4f4d-9a9e-5c4a-92bd-eae711ecb6b3', 'f-l1-p0:D13', 'STANDARD', 4, 13, 'free');
INSERT INTO parking_spots (id, parking_lot_id, spot_number, zone, spot_row, spot_col, status) VALUES ('7592579b-ea8e-5490-b962-1ebb525b06e6', '070b4f4d-9a9e-5c4a-92bd-eae711ecb6b3', 'f-l1-p0:D14', 'STANDARD', 4, 14, 'free');
INSERT INTO parking_spots (id, parking_lot_id, spot_number, zone, spot_row, spot_col, status) VALUES ('34d490b2-bef2-5cf3-afcf-d454ae0008b0', '070b4f4d-9a9e-5c4a-92bd-eae711ecb6b3', 'f-l1-p0:D15', 'STANDARD', 4, 15, 'free');
INSERT INTO parking_spots (id, parking_lot_id, spot_number, zone, spot_row, spot_col, status) VALUES ('de18dff8-729f-5229-914a-9604c00c7f27', '070b4f4d-9a9e-5c4a-92bd-eae711ecb6b3', 'f-l1-p0:E1', 'STANDARD', 5, 1, 'free');
INSERT INTO parking_spots (id, parking_lot_id, spot_number, zone, spot_row, spot_col, status) VALUES ('8283b92e-c1fd-58fa-9a8f-3c9f02e54862', '070b4f4d-9a9e-5c4a-92bd-eae711ecb6b3', 'f-l1-p0:E2', 'STANDARD', 5, 2, 'free');
INSERT INTO parking_spots (id, parking_lot_id, spot_number, zone, spot_row, spot_col, status) VALUES ('c365cf91-b93e-569b-916a-eb1fe48d41ec', '070b4f4d-9a9e-5c4a-92bd-eae711ecb6b3', 'f-l1-p0:E3', 'STANDARD', 5, 3, 'free');
INSERT INTO parking_spots (id, parking_lot_id, spot_number, zone, spot_row, spot_col, status) VALUES ('26ff1783-3125-5b2f-86b3-9c1ce2df5d67', '070b4f4d-9a9e-5c4a-92bd-eae711ecb6b3', 'f-l1-p0:E4', 'STANDARD', 5, 4, 'free');
INSERT INTO parking_spots (id, parking_lot_id, spot_number, zone, spot_row, spot_col, status) VALUES ('4efdd4d9-07cb-5d59-b61d-c6b5857c043e', '070b4f4d-9a9e-5c4a-92bd-eae711ecb6b3', 'f-l1-p0:E5', 'STANDARD', 5, 5, 'free');
INSERT INTO parking_spots (id, parking_lot_id, spot_number, zone, spot_row, spot_col, status) VALUES ('ab0ebc7d-3a53-5611-b378-89e17c6a0d6f', '070b4f4d-9a9e-5c4a-92bd-eae711ecb6b3', 'f-l1-p0:E6', 'STANDARD', 5, 6, 'free');
INSERT INTO parking_spots (id, parking_lot_id, spot_number, zone, spot_row, spot_col, status) VALUES ('8e68e411-982f-5225-9dca-202ee74a9cfc', '070b4f4d-9a9e-5c4a-92bd-eae711ecb6b3', 'f-l1-p0:E7', 'STANDARD', 5, 7, 'free');
INSERT INTO parking_spots (id, parking_lot_id, spot_number, zone, spot_row, spot_col, status) VALUES ('2032f5b2-d3ee-5b5b-bb71-f84c778b0b1d', '070b4f4d-9a9e-5c4a-92bd-eae711ecb6b3', 'f-l1-p0:E8', 'STANDARD', 5, 8, 'free');
INSERT INTO parking_spots (id, parking_lot_id, spot_number, zone, spot_row, spot_col, status) VALUES ('eb59413c-8c96-53c9-83d2-86379dde6b56', '070b4f4d-9a9e-5c4a-92bd-eae711ecb6b3', 'f-l1-p0:E9', 'STANDARD', 5, 9, 'free');
INSERT INTO parking_spots (id, parking_lot_id, spot_number, zone, spot_row, spot_col, status) VALUES ('a2aae396-c0ed-5796-ac85-743329f3af84', '070b4f4d-9a9e-5c4a-92bd-eae711ecb6b3', 'f-l1-p0:E10', 'STANDARD', 5, 10, 'free');
INSERT INTO parking_spots (id, parking_lot_id, spot_number, zone, spot_row, spot_col, status) VALUES ('12e63d6e-88cc-57e4-9464-032eb92a55e5', '070b4f4d-9a9e-5c4a-92bd-eae711ecb6b3', 'f-l1-p0:E11', 'STANDARD', 5, 11, 'free');
INSERT INTO parking_spots (id, parking_lot_id, spot_number, zone, spot_row, spot_col, status) VALUES ('1cb6068f-1875-53cd-8149-8f4085f6bc7b', '070b4f4d-9a9e-5c4a-92bd-eae711ecb6b3', 'f-l1-p0:E12', 'STANDARD', 5, 12, 'free');
INSERT INTO parking_spots (id, parking_lot_id, spot_number, zone, spot_row, spot_col, status) VALUES ('f235f2ff-14bb-51fa-9726-3bc91a0736cd', '070b4f4d-9a9e-5c4a-92bd-eae711ecb6b3', 'f-l1-p0:E13', 'STANDARD', 5, 13, 'free');
INSERT INTO parking_spots (id, parking_lot_id, spot_number, zone, spot_row, spot_col, status) VALUES ('0e846114-5b06-56d6-ab81-5f12dc7a8348', '070b4f4d-9a9e-5c4a-92bd-eae711ecb6b3', 'f-l1-p0:E14', 'STANDARD', 5, 14, 'free');
INSERT INTO parking_spots (id, parking_lot_id, spot_number, zone, spot_row, spot_col, status) VALUES ('35982f45-9d6b-5ada-80eb-8c5bc0cd65f3', '070b4f4d-9a9e-5c4a-92bd-eae711ecb6b3', 'f-l1-p0:E15', 'STANDARD', 5, 15, 'free');
INSERT INTO parking_spots (id, parking_lot_id, spot_number, zone, spot_row, spot_col, status) VALUES ('3530e636-fce9-587a-8ad1-baa471ace76e', '070b4f4d-9a9e-5c4a-92bd-eae711ecb6b3', 'f-l1-p0:F1', 'STANDARD', 6, 1, 'free');
INSERT INTO parking_spots (id, parking_lot_id, spot_number, zone, spot_row, spot_col, status) VALUES ('3467c655-2ed3-5df5-bf08-9c8a48a8cbe1', '070b4f4d-9a9e-5c4a-92bd-eae711ecb6b3', 'f-l1-p0:F2', 'STANDARD', 6, 2, 'free');
INSERT INTO parking_spots (id, parking_lot_id, spot_number, zone, spot_row, spot_col, status) VALUES ('83ba0e3e-7c7c-5758-ad0f-9ed2a01ecda9', '070b4f4d-9a9e-5c4a-92bd-eae711ecb6b3', 'f-l1-p0:F3', 'STANDARD', 6, 3, 'free');
INSERT INTO parking_spots (id, parking_lot_id, spot_number, zone, spot_row, spot_col, status) VALUES ('99d0ec9a-851e-5c40-b008-47d03864bba3', '070b4f4d-9a9e-5c4a-92bd-eae711ecb6b3', 'f-l1-p0:F4', 'STANDARD', 6, 4, 'free');
INSERT INTO parking_spots (id, parking_lot_id, spot_number, zone, spot_row, spot_col, status) VALUES ('5a78bdd3-f51f-56ba-b0cb-8eb14fee481f', '070b4f4d-9a9e-5c4a-92bd-eae711ecb6b3', 'f-l1-p0:F5', 'STANDARD', 6, 5, 'free');
INSERT INTO parking_spots (id, parking_lot_id, spot_number, zone, spot_row, spot_col, status) VALUES ('1cdc7653-1b47-5020-997b-8a3da44ae714', '070b4f4d-9a9e-5c4a-92bd-eae711ecb6b3', 'f-l1-p0:F6', 'STANDARD', 6, 6, 'free');
INSERT INTO parking_spots (id, parking_lot_id, spot_number, zone, spot_row, spot_col, status) VALUES ('54b72aaf-f837-5412-abd5-826a3e03f1ae', '070b4f4d-9a9e-5c4a-92bd-eae711ecb6b3', 'f-l1-p0:F7', 'STANDARD', 6, 7, 'free');
INSERT INTO parking_spots (id, parking_lot_id, spot_number, zone, spot_row, spot_col, status) VALUES ('1bdd3770-a2c3-5be4-b309-6cb76912623d', '070b4f4d-9a9e-5c4a-92bd-eae711ecb6b3', 'f-l1-p0:F8', 'STANDARD', 6, 8, 'free');
INSERT INTO parking_spots (id, parking_lot_id, spot_number, zone, spot_row, spot_col, status) VALUES ('86f1538b-6907-565b-93c4-af7bb1abf40b', '070b4f4d-9a9e-5c4a-92bd-eae711ecb6b3', 'f-l1-p0:F9', 'STANDARD', 6, 9, 'free');
INSERT INTO parking_spots (id, parking_lot_id, spot_number, zone, spot_row, spot_col, status) VALUES ('40b63c26-5809-5d68-8e8f-ac400e8182e4', '070b4f4d-9a9e-5c4a-92bd-eae711ecb6b3', 'f-l1-p0:F10', 'STANDARD', 6, 10, 'free');
INSERT INTO parking_spots (id, parking_lot_id, spot_number, zone, spot_row, spot_col, status) VALUES ('31666a30-81ce-5a53-be80-0f2762c8a0f6', '070b4f4d-9a9e-5c4a-92bd-eae711ecb6b3', 'f-l1-p0:F11', 'STANDARD', 6, 11, 'free');
INSERT INTO parking_spots (id, parking_lot_id, spot_number, zone, spot_row, spot_col, status) VALUES ('54dbf3bb-874f-500b-b413-5784337e9bb2', '070b4f4d-9a9e-5c4a-92bd-eae711ecb6b3', 'f-l1-p0:F12', 'STANDARD', 6, 12, 'free');
INSERT INTO parking_spots (id, parking_lot_id, spot_number, zone, spot_row, spot_col, status) VALUES ('6a367077-50ee-5404-ae95-fe0b86abaa70', '070b4f4d-9a9e-5c4a-92bd-eae711ecb6b3', 'f-l1-p0:F13', 'STANDARD', 6, 13, 'free');
INSERT INTO parking_spots (id, parking_lot_id, spot_number, zone, spot_row, spot_col, status) VALUES ('ac895a27-9091-5cea-ae26-dea5bac49022', '070b4f4d-9a9e-5c4a-92bd-eae711ecb6b3', 'f-l1-p0:F14', 'STANDARD', 6, 14, 'free');
INSERT INTO parking_spots (id, parking_lot_id, spot_number, zone, spot_row, spot_col, status) VALUES ('b3032dff-f051-56e3-a898-ac72a10f4bd4', '070b4f4d-9a9e-5c4a-92bd-eae711ecb6b3', 'f-l1-p0:F15', 'STANDARD', 6, 15, 'free');
INSERT INTO parking_spots (id, parking_lot_id, spot_number, zone, spot_row, spot_col, status) VALUES ('1e8ec4d9-7968-5728-843e-6ca57d03058c', '070b4f4d-9a9e-5c4a-92bd-eae711ecb6b3', 'f-l1-p1:A1', 'STANDARD', 1, 1, 'free');
INSERT INTO parking_spots (id, parking_lot_id, spot_number, zone, spot_row, spot_col, status) VALUES ('aa92ca7e-555b-5333-8a8d-ea0e1899728d', '070b4f4d-9a9e-5c4a-92bd-eae711ecb6b3', 'f-l1-p1:A2', 'STANDARD', 1, 2, 'occupied');
INSERT INTO parking_spots (id, parking_lot_id, spot_number, zone, spot_row, spot_col, status) VALUES ('d6da85bc-5cf3-5907-80bb-8f3a5fb6f049', '070b4f4d-9a9e-5c4a-92bd-eae711ecb6b3', 'f-l1-p1:A3', 'STANDARD', 1, 3, 'free');
INSERT INTO parking_spots (id, parking_lot_id, spot_number, zone, spot_row, spot_col, status) VALUES ('05b4797a-c288-59c0-b7fd-59c6f6116556', '070b4f4d-9a9e-5c4a-92bd-eae711ecb6b3', 'f-l1-p1:A4', 'STANDARD', 1, 4, 'free');
INSERT INTO parking_spots (id, parking_lot_id, spot_number, zone, spot_row, spot_col, status) VALUES ('4941cece-bbeb-5a8b-a28f-e6c97215b2b4', '070b4f4d-9a9e-5c4a-92bd-eae711ecb6b3', 'f-l1-p1:A5', 'STANDARD', 1, 5, 'free');
INSERT INTO parking_spots (id, parking_lot_id, spot_number, zone, spot_row, spot_col, status) VALUES ('e2bdaec7-5625-5285-a79a-129e556750bc', '070b4f4d-9a9e-5c4a-92bd-eae711ecb6b3', 'f-l1-p1:A6', 'STANDARD', 1, 6, 'free');
INSERT INTO parking_spots (id, parking_lot_id, spot_number, zone, spot_row, spot_col, status) VALUES ('b5190a5f-fc99-5476-ab34-75ac060a18b5', '070b4f4d-9a9e-5c4a-92bd-eae711ecb6b3', 'f-l1-p1:A7', 'STANDARD', 1, 7, 'occupied');
INSERT INTO parking_spots (id, parking_lot_id, spot_number, zone, spot_row, spot_col, status) VALUES ('ec47bd22-9a14-5a61-aa20-dcab498be644', '070b4f4d-9a9e-5c4a-92bd-eae711ecb6b3', 'f-l1-p1:A8', 'STANDARD', 1, 8, 'free');
INSERT INTO parking_spots (id, parking_lot_id, spot_number, zone, spot_row, spot_col, status) VALUES ('54ab0b3b-2abe-568e-85d6-f5807c13f13f', '070b4f4d-9a9e-5c4a-92bd-eae711ecb6b3', 'f-l1-p1:A9', 'STANDARD', 1, 9, 'free');
INSERT INTO parking_spots (id, parking_lot_id, spot_number, zone, spot_row, spot_col, status) VALUES ('b52b4c01-c292-5b08-a3fd-4b25f9184cd7', '070b4f4d-9a9e-5c4a-92bd-eae711ecb6b3', 'f-l1-p1:A10', 'STANDARD', 1, 10, 'free');
INSERT INTO parking_spots (id, parking_lot_id, spot_number, zone, spot_row, spot_col, status) VALUES ('1b9e33a8-ea43-5553-ba15-133f54dbc1e5', '070b4f4d-9a9e-5c4a-92bd-eae711ecb6b3', 'f-l1-p1:A11', 'STANDARD', 1, 11, 'free');
INSERT INTO parking_spots (id, parking_lot_id, spot_number, zone, spot_row, spot_col, status) VALUES ('eb7fc170-ec0a-56c5-bbbc-44739305b454', '070b4f4d-9a9e-5c4a-92bd-eae711ecb6b3', 'f-l1-p1:A12', 'STANDARD', 1, 12, 'occupied');
INSERT INTO parking_spots (id, parking_lot_id, spot_number, zone, spot_row, spot_col, status) VALUES ('3af8aa75-762a-5fbb-b329-48af2f7e9007', '070b4f4d-9a9e-5c4a-92bd-eae711ecb6b3', 'f-l1-p1:A13', 'STANDARD', 1, 13, 'free');
INSERT INTO parking_spots (id, parking_lot_id, spot_number, zone, spot_row, spot_col, status) VALUES ('cda926cb-5fed-50e1-bd39-8c0867325d79', '070b4f4d-9a9e-5c4a-92bd-eae711ecb6b3', 'f-l1-p1:A14', 'STANDARD', 1, 14, 'free');
INSERT INTO parking_spots (id, parking_lot_id, spot_number, zone, spot_row, spot_col, status) VALUES ('fba34740-f5a5-5c10-ab05-07ffc3ce27fe', '070b4f4d-9a9e-5c4a-92bd-eae711ecb6b3', 'f-l1-p1:A15', 'STANDARD', 1, 15, 'free');
INSERT INTO parking_spots (id, parking_lot_id, spot_number, zone, spot_row, spot_col, status) VALUES ('6724bde5-c280-5048-a4ba-b3d4160eaef6', '070b4f4d-9a9e-5c4a-92bd-eae711ecb6b3', 'f-l1-p1:B1', 'STANDARD', 2, 1, 'free');
INSERT INTO parking_spots (id, parking_lot_id, spot_number, zone, spot_row, spot_col, status) VALUES ('625febf0-1e39-5883-aacf-f7225c2ae7b5', '070b4f4d-9a9e-5c4a-92bd-eae711ecb6b3', 'f-l1-p1:B2', 'STANDARD', 2, 2, 'free');
INSERT INTO parking_spots (id, parking_lot_id, spot_number, zone, spot_row, spot_col, status) VALUES ('e96ccd03-b8ef-5b2c-bf9c-91c693a72308', '070b4f4d-9a9e-5c4a-92bd-eae711ecb6b3', 'f-l1-p1:B3', 'STANDARD', 2, 3, 'free');
INSERT INTO parking_spots (id, parking_lot_id, spot_number, zone, spot_row, spot_col, status) VALUES ('0e0c8986-3d6b-572c-bbdc-c7a4458e93de', '070b4f4d-9a9e-5c4a-92bd-eae711ecb6b3', 'f-l1-p1:B4', 'STANDARD', 2, 4, 'free');
INSERT INTO parking_spots (id, parking_lot_id, spot_number, zone, spot_row, spot_col, status) VALUES ('e4756f19-6da3-5587-ac00-524d0acd4db2', '070b4f4d-9a9e-5c4a-92bd-eae711ecb6b3', 'f-l1-p1:B5', 'STANDARD', 2, 5, 'free');
INSERT INTO parking_spots (id, parking_lot_id, spot_number, zone, spot_row, spot_col, status) VALUES ('cca3cc72-b489-5d56-b06b-eace90bc48ea', '070b4f4d-9a9e-5c4a-92bd-eae711ecb6b3', 'f-l1-p1:B6', 'STANDARD', 2, 6, 'free');
INSERT INTO parking_spots (id, parking_lot_id, spot_number, zone, spot_row, spot_col, status) VALUES ('aa9f3b68-9131-55c1-b920-ee756770ee40', '070b4f4d-9a9e-5c4a-92bd-eae711ecb6b3', 'f-l1-p1:B7', 'STANDARD', 2, 7, 'free');
INSERT INTO parking_spots (id, parking_lot_id, spot_number, zone, spot_row, spot_col, status) VALUES ('ef165581-fdba-5179-9610-b54408ae7b9a', '070b4f4d-9a9e-5c4a-92bd-eae711ecb6b3', 'f-l1-p1:B8', 'STANDARD', 2, 8, 'free');
INSERT INTO parking_spots (id, parking_lot_id, spot_number, zone, spot_row, spot_col, status) VALUES ('7aab3477-f903-5dfe-9e03-79ffff8b6782', '070b4f4d-9a9e-5c4a-92bd-eae711ecb6b3', 'f-l1-p1:B9', 'STANDARD', 2, 9, 'free');
INSERT INTO parking_spots (id, parking_lot_id, spot_number, zone, spot_row, spot_col, status) VALUES ('91c5c8ad-4cd3-5060-b3f9-474a6b181239', '070b4f4d-9a9e-5c4a-92bd-eae711ecb6b3', 'f-l1-p1:B10', 'STANDARD', 2, 10, 'free');
INSERT INTO parking_spots (id, parking_lot_id, spot_number, zone, spot_row, spot_col, status) VALUES ('860c1cb4-d829-5b01-8425-bc9b4cb1550c', '070b4f4d-9a9e-5c4a-92bd-eae711ecb6b3', 'f-l1-p1:B11', 'STANDARD', 2, 11, 'free');
INSERT INTO parking_spots (id, parking_lot_id, spot_number, zone, spot_row, spot_col, status) VALUES ('f98e8858-0842-5b24-9fb6-2090c20227d4', '070b4f4d-9a9e-5c4a-92bd-eae711ecb6b3', 'f-l1-p1:B12', 'STANDARD', 2, 12, 'free');
INSERT INTO parking_spots (id, parking_lot_id, spot_number, zone, spot_row, spot_col, status) VALUES ('600bc693-a768-5890-902c-3e6aec2f8e7d', '070b4f4d-9a9e-5c4a-92bd-eae711ecb6b3', 'f-l1-p1:B13', 'STANDARD', 2, 13, 'free');
INSERT INTO parking_spots (id, parking_lot_id, spot_number, zone, spot_row, spot_col, status) VALUES ('c277a475-e17c-54ac-a3eb-cee867744246', '070b4f4d-9a9e-5c4a-92bd-eae711ecb6b3', 'f-l1-p1:B14', 'STANDARD', 2, 14, 'free');
INSERT INTO parking_spots (id, parking_lot_id, spot_number, zone, spot_row, spot_col, status) VALUES ('284b97e1-5454-5696-b2ae-b70196d5a817', '070b4f4d-9a9e-5c4a-92bd-eae711ecb6b3', 'f-l1-p1:B15', 'STANDARD', 2, 15, 'free');
INSERT INTO parking_spots (id, parking_lot_id, spot_number, zone, spot_row, spot_col, status) VALUES ('ff1d0f13-6536-59c3-aef2-9b0c484b9e77', '070b4f4d-9a9e-5c4a-92bd-eae711ecb6b3', 'f-l1-p1:C1', 'STANDARD', 3, 1, 'free');
INSERT INTO parking_spots (id, parking_lot_id, spot_number, zone, spot_row, spot_col, status) VALUES ('7adb90cf-b949-52c1-b6c9-660a477fac74', '070b4f4d-9a9e-5c4a-92bd-eae711ecb6b3', 'f-l1-p1:C2', 'STANDARD', 3, 2, 'free');
INSERT INTO parking_spots (id, parking_lot_id, spot_number, zone, spot_row, spot_col, status) VALUES ('0c5d0803-bac4-5b46-909a-c42b639f0177', '070b4f4d-9a9e-5c4a-92bd-eae711ecb6b3', 'f-l1-p1:C3', 'STANDARD', 3, 3, 'free');
INSERT INTO parking_spots (id, parking_lot_id, spot_number, zone, spot_row, spot_col, status) VALUES ('b2c3ea57-a5fa-5f5c-bf8d-8658a97f909b', '070b4f4d-9a9e-5c4a-92bd-eae711ecb6b3', 'f-l1-p1:C4', 'STANDARD', 3, 4, 'free');
INSERT INTO parking_spots (id, parking_lot_id, spot_number, zone, spot_row, spot_col, status) VALUES ('b7a12bc1-3cd2-5edd-91e4-694ef2a3e6bf', '070b4f4d-9a9e-5c4a-92bd-eae711ecb6b3', 'f-l1-p1:C5', 'STANDARD', 3, 5, 'free');
INSERT INTO parking_spots (id, parking_lot_id, spot_number, zone, spot_row, spot_col, status) VALUES ('c8508f52-5df0-5bd3-83fd-62881ddd42f8', '070b4f4d-9a9e-5c4a-92bd-eae711ecb6b3', 'f-l1-p1:C6', 'STANDARD', 3, 6, 'free');
INSERT INTO parking_spots (id, parking_lot_id, spot_number, zone, spot_row, spot_col, status) VALUES ('9bd8f3ea-d4f6-503a-a86a-547005676d1a', '070b4f4d-9a9e-5c4a-92bd-eae711ecb6b3', 'f-l1-p1:C7', 'STANDARD', 3, 7, 'free');
INSERT INTO parking_spots (id, parking_lot_id, spot_number, zone, spot_row, spot_col, status) VALUES ('91d84869-38af-5f07-94ef-ca7a7dcb8c21', '070b4f4d-9a9e-5c4a-92bd-eae711ecb6b3', 'f-l1-p1:C8', 'STANDARD', 3, 8, 'free');
INSERT INTO parking_spots (id, parking_lot_id, spot_number, zone, spot_row, spot_col, status) VALUES ('cca68c9e-fa1a-539e-939f-9ec313c0dab0', '070b4f4d-9a9e-5c4a-92bd-eae711ecb6b3', 'f-l1-p1:C9', 'STANDARD', 3, 9, 'free');
INSERT INTO parking_spots (id, parking_lot_id, spot_number, zone, spot_row, spot_col, status) VALUES ('acb8ad9a-1abe-584a-bc82-39c546744175', '070b4f4d-9a9e-5c4a-92bd-eae711ecb6b3', 'f-l1-p1:C10', 'STANDARD', 3, 10, 'free');
INSERT INTO parking_spots (id, parking_lot_id, spot_number, zone, spot_row, spot_col, status) VALUES ('5b9c3266-a8a5-582d-aafe-120c0014b461', '070b4f4d-9a9e-5c4a-92bd-eae711ecb6b3', 'f-l1-p1:C11', 'STANDARD', 3, 11, 'free');
INSERT INTO parking_spots (id, parking_lot_id, spot_number, zone, spot_row, spot_col, status) VALUES ('21beec34-6cbb-58d8-92f7-7b44b4b559f0', '070b4f4d-9a9e-5c4a-92bd-eae711ecb6b3', 'f-l1-p1:C12', 'STANDARD', 3, 12, 'free');
INSERT INTO parking_spots (id, parking_lot_id, spot_number, zone, spot_row, spot_col, status) VALUES ('f6382fa2-356b-5dc0-ad4b-5f6dffe6edd8', '070b4f4d-9a9e-5c4a-92bd-eae711ecb6b3', 'f-l1-p1:C13', 'STANDARD', 3, 13, 'free');
INSERT INTO parking_spots (id, parking_lot_id, spot_number, zone, spot_row, spot_col, status) VALUES ('1d6f4f25-4975-548f-bf4e-1cbf445cacc0', '070b4f4d-9a9e-5c4a-92bd-eae711ecb6b3', 'f-l1-p1:C14', 'STANDARD', 3, 14, 'free');
INSERT INTO parking_spots (id, parking_lot_id, spot_number, zone, spot_row, spot_col, status) VALUES ('79f05a51-1c6c-5803-84d4-b87fdff525e9', '070b4f4d-9a9e-5c4a-92bd-eae711ecb6b3', 'f-l1-p1:C15', 'STANDARD', 3, 15, 'free');
INSERT INTO parking_spots (id, parking_lot_id, spot_number, zone, spot_row, spot_col, status) VALUES ('c75aebf4-8f42-59f6-bf9c-3edef0292454', '070b4f4d-9a9e-5c4a-92bd-eae711ecb6b3', 'f-l1-p1:D1', 'STANDARD', 4, 1, 'free');
INSERT INTO parking_spots (id, parking_lot_id, spot_number, zone, spot_row, spot_col, status) VALUES ('585f6f05-2d26-59ae-bda5-01709a867717', '070b4f4d-9a9e-5c4a-92bd-eae711ecb6b3', 'f-l1-p1:D2', 'STANDARD', 4, 2, 'free');
INSERT INTO parking_spots (id, parking_lot_id, spot_number, zone, spot_row, spot_col, status) VALUES ('70a432ce-01da-5335-bcb9-9a824602e6a6', '070b4f4d-9a9e-5c4a-92bd-eae711ecb6b3', 'f-l1-p1:D3', 'STANDARD', 4, 3, 'free');
INSERT INTO parking_spots (id, parking_lot_id, spot_number, zone, spot_row, spot_col, status) VALUES ('3cf440c9-8937-50cb-96fc-5c88fd71553c', '070b4f4d-9a9e-5c4a-92bd-eae711ecb6b3', 'f-l1-p1:D4', 'STANDARD', 4, 4, 'free');
INSERT INTO parking_spots (id, parking_lot_id, spot_number, zone, spot_row, spot_col, status) VALUES ('44488601-b3d9-53a2-8819-53fc0b21076e', '070b4f4d-9a9e-5c4a-92bd-eae711ecb6b3', 'f-l1-p1:D5', 'STANDARD', 4, 5, 'free');
INSERT INTO parking_spots (id, parking_lot_id, spot_number, zone, spot_row, spot_col, status) VALUES ('62b4cd8e-cf41-5593-aa2c-58a2641dfd7c', '070b4f4d-9a9e-5c4a-92bd-eae711ecb6b3', 'f-l1-p1:D6', 'STANDARD', 4, 6, 'free');
INSERT INTO parking_spots (id, parking_lot_id, spot_number, zone, spot_row, spot_col, status) VALUES ('65800b3d-af71-527e-87b9-4c4ee58d6adf', '070b4f4d-9a9e-5c4a-92bd-eae711ecb6b3', 'f-l1-p1:D7', 'STANDARD', 4, 7, 'free');
INSERT INTO parking_spots (id, parking_lot_id, spot_number, zone, spot_row, spot_col, status) VALUES ('e2a37618-04ff-5927-8d67-503f69ee81d1', '070b4f4d-9a9e-5c4a-92bd-eae711ecb6b3', 'f-l1-p1:D8', 'STANDARD', 4, 8, 'free');
INSERT INTO parking_spots (id, parking_lot_id, spot_number, zone, spot_row, spot_col, status) VALUES ('0bff2b1e-0062-54a3-9026-111ab069af5f', '070b4f4d-9a9e-5c4a-92bd-eae711ecb6b3', 'f-l1-p1:D9', 'STANDARD', 4, 9, 'free');
INSERT INTO parking_spots (id, parking_lot_id, spot_number, zone, spot_row, spot_col, status) VALUES ('97285ff8-df23-5e99-9fbf-540d7e89efbd', '070b4f4d-9a9e-5c4a-92bd-eae711ecb6b3', 'f-l1-p1:D10', 'STANDARD', 4, 10, 'free');
INSERT INTO parking_spots (id, parking_lot_id, spot_number, zone, spot_row, spot_col, status) VALUES ('c04ff6ed-a947-5136-b9d9-d469bafffe6e', '070b4f4d-9a9e-5c4a-92bd-eae711ecb6b3', 'f-l1-p1:D11', 'STANDARD', 4, 11, 'free');
INSERT INTO parking_spots (id, parking_lot_id, spot_number, zone, spot_row, spot_col, status) VALUES ('24fe8e0a-e4bf-504c-8142-bf16cc89d98f', '070b4f4d-9a9e-5c4a-92bd-eae711ecb6b3', 'f-l1-p1:D12', 'STANDARD', 4, 12, 'free');
INSERT INTO parking_spots (id, parking_lot_id, spot_number, zone, spot_row, spot_col, status) VALUES ('4c7d8e1c-5dc7-51c3-9aad-1fe1b07581f8', '070b4f4d-9a9e-5c4a-92bd-eae711ecb6b3', 'f-l1-p1:D13', 'STANDARD', 4, 13, 'free');
INSERT INTO parking_spots (id, parking_lot_id, spot_number, zone, spot_row, spot_col, status) VALUES ('874ff130-1ccc-5506-8f48-ce309812bc9c', '070b4f4d-9a9e-5c4a-92bd-eae711ecb6b3', 'f-l1-p1:D14', 'STANDARD', 4, 14, 'free');
INSERT INTO parking_spots (id, parking_lot_id, spot_number, zone, spot_row, spot_col, status) VALUES ('29fb5b63-2147-50e4-911e-fef364347bb0', '070b4f4d-9a9e-5c4a-92bd-eae711ecb6b3', 'f-l1-p1:D15', 'STANDARD', 4, 15, 'free');
INSERT INTO parking_spots (id, parking_lot_id, spot_number, zone, spot_row, spot_col, status) VALUES ('aa3b1f6e-0032-526d-a4b6-01424103122f', '070b4f4d-9a9e-5c4a-92bd-eae711ecb6b3', 'f-l1-p1:E1', 'STANDARD', 5, 1, 'free');
INSERT INTO parking_spots (id, parking_lot_id, spot_number, zone, spot_row, spot_col, status) VALUES ('98aaa9e7-2b1a-5b9f-bd98-9739489380db', '070b4f4d-9a9e-5c4a-92bd-eae711ecb6b3', 'f-l1-p1:E2', 'STANDARD', 5, 2, 'free');
INSERT INTO parking_spots (id, parking_lot_id, spot_number, zone, spot_row, spot_col, status) VALUES ('68412fbc-54e2-5a64-ad17-798f60ba68f4', '070b4f4d-9a9e-5c4a-92bd-eae711ecb6b3', 'f-l1-p1:E3', 'STANDARD', 5, 3, 'free');
INSERT INTO parking_spots (id, parking_lot_id, spot_number, zone, spot_row, spot_col, status) VALUES ('51a20d40-4d8f-54ab-b2d2-ad98ee779356', '070b4f4d-9a9e-5c4a-92bd-eae711ecb6b3', 'f-l1-p1:E4', 'STANDARD', 5, 4, 'free');
INSERT INTO parking_spots (id, parking_lot_id, spot_number, zone, spot_row, spot_col, status) VALUES ('b94cd9f7-72a1-567a-bf50-b1f5f9d75518', '070b4f4d-9a9e-5c4a-92bd-eae711ecb6b3', 'f-l1-p1:E5', 'STANDARD', 5, 5, 'free');
INSERT INTO parking_spots (id, parking_lot_id, spot_number, zone, spot_row, spot_col, status) VALUES ('735a0899-8ef1-54cf-8e02-e7f8847e236f', '070b4f4d-9a9e-5c4a-92bd-eae711ecb6b3', 'f-l1-p1:E6', 'STANDARD', 5, 6, 'free');
INSERT INTO parking_spots (id, parking_lot_id, spot_number, zone, spot_row, spot_col, status) VALUES ('fb87248a-1811-5e1b-a99c-1e187fa67b8e', '070b4f4d-9a9e-5c4a-92bd-eae711ecb6b3', 'f-l1-p1:E7', 'STANDARD', 5, 7, 'free');
INSERT INTO parking_spots (id, parking_lot_id, spot_number, zone, spot_row, spot_col, status) VALUES ('265d5468-aaa3-5520-b38b-629ddb941286', '070b4f4d-9a9e-5c4a-92bd-eae711ecb6b3', 'f-l1-p1:E8', 'STANDARD', 5, 8, 'free');
INSERT INTO parking_spots (id, parking_lot_id, spot_number, zone, spot_row, spot_col, status) VALUES ('8e4039e0-07ab-55d0-9cba-084f9190a176', '070b4f4d-9a9e-5c4a-92bd-eae711ecb6b3', 'f-l1-p1:E9', 'STANDARD', 5, 9, 'free');
INSERT INTO parking_spots (id, parking_lot_id, spot_number, zone, spot_row, spot_col, status) VALUES ('d4bc023b-b7b0-5b88-a035-0b73c87f3216', '070b4f4d-9a9e-5c4a-92bd-eae711ecb6b3', 'f-l1-p1:E10', 'STANDARD', 5, 10, 'free');
INSERT INTO parking_spots (id, parking_lot_id, spot_number, zone, spot_row, spot_col, status) VALUES ('c6626bdb-2014-5090-81ab-5eca2a40c397', '070b4f4d-9a9e-5c4a-92bd-eae711ecb6b3', 'f-l1-p1:E11', 'STANDARD', 5, 11, 'free');
INSERT INTO parking_spots (id, parking_lot_id, spot_number, zone, spot_row, spot_col, status) VALUES ('764a4928-f507-52e6-bc0b-48a04a880f27', '070b4f4d-9a9e-5c4a-92bd-eae711ecb6b3', 'f-l1-p1:E12', 'STANDARD', 5, 12, 'free');
INSERT INTO parking_spots (id, parking_lot_id, spot_number, zone, spot_row, spot_col, status) VALUES ('78f99fb4-8ff7-5be3-9ed3-9128678b125e', '070b4f4d-9a9e-5c4a-92bd-eae711ecb6b3', 'f-l1-p1:E13', 'STANDARD', 5, 13, 'free');
INSERT INTO parking_spots (id, parking_lot_id, spot_number, zone, spot_row, spot_col, status) VALUES ('2fbb5dba-740f-5a4d-85d7-e5b21e91807f', '070b4f4d-9a9e-5c4a-92bd-eae711ecb6b3', 'f-l1-p1:E14', 'STANDARD', 5, 14, 'free');
INSERT INTO parking_spots (id, parking_lot_id, spot_number, zone, spot_row, spot_col, status) VALUES ('c0992cc6-9ecf-5007-a05b-149600921c14', '070b4f4d-9a9e-5c4a-92bd-eae711ecb6b3', 'f-l1-p1:E15', 'STANDARD', 5, 15, 'free');
INSERT INTO parking_spots (id, parking_lot_id, spot_number, zone, spot_row, spot_col, status) VALUES ('6f0cf13e-f590-5b42-b86c-6eecd4dbab80', '070b4f4d-9a9e-5c4a-92bd-eae711ecb6b3', 'f-l1-p1:F1', 'STANDARD', 6, 1, 'free');
INSERT INTO parking_spots (id, parking_lot_id, spot_number, zone, spot_row, spot_col, status) VALUES ('16edafd1-697b-5a46-80ed-7ae0bd7476b9', '070b4f4d-9a9e-5c4a-92bd-eae711ecb6b3', 'f-l1-p1:F2', 'STANDARD', 6, 2, 'free');
INSERT INTO parking_spots (id, parking_lot_id, spot_number, zone, spot_row, spot_col, status) VALUES ('f7526d16-b71b-506b-8880-9e3acd8062cb', '070b4f4d-9a9e-5c4a-92bd-eae711ecb6b3', 'f-l1-p1:F3', 'STANDARD', 6, 3, 'free');
INSERT INTO parking_spots (id, parking_lot_id, spot_number, zone, spot_row, spot_col, status) VALUES ('9a56f420-61bf-5b13-bf48-147ff8f967e2', '070b4f4d-9a9e-5c4a-92bd-eae711ecb6b3', 'f-l1-p1:F4', 'STANDARD', 6, 4, 'free');
INSERT INTO parking_spots (id, parking_lot_id, spot_number, zone, spot_row, spot_col, status) VALUES ('c53c30be-7488-519f-ab24-a6a6112b8601', '070b4f4d-9a9e-5c4a-92bd-eae711ecb6b3', 'f-l1-p1:F5', 'STANDARD', 6, 5, 'free');
INSERT INTO parking_spots (id, parking_lot_id, spot_number, zone, spot_row, spot_col, status) VALUES ('a90269e4-224e-5e1e-b9cb-ff5b3010a5c8', '070b4f4d-9a9e-5c4a-92bd-eae711ecb6b3', 'f-l1-p1:F6', 'STANDARD', 6, 6, 'free');
INSERT INTO parking_spots (id, parking_lot_id, spot_number, zone, spot_row, spot_col, status) VALUES ('e8329bfe-c7da-5e90-8c0a-205aacd77542', '070b4f4d-9a9e-5c4a-92bd-eae711ecb6b3', 'f-l1-p1:F7', 'STANDARD', 6, 7, 'free');
INSERT INTO parking_spots (id, parking_lot_id, spot_number, zone, spot_row, spot_col, status) VALUES ('3d6c1c4d-1a08-552b-a5cd-b48be19c2688', '070b4f4d-9a9e-5c4a-92bd-eae711ecb6b3', 'f-l1-p1:F8', 'STANDARD', 6, 8, 'free');
INSERT INTO parking_spots (id, parking_lot_id, spot_number, zone, spot_row, spot_col, status) VALUES ('53e7ebd3-5114-5537-ab51-a73cf96a7d38', '070b4f4d-9a9e-5c4a-92bd-eae711ecb6b3', 'f-l1-p1:F9', 'STANDARD', 6, 9, 'free');
INSERT INTO parking_spots (id, parking_lot_id, spot_number, zone, spot_row, spot_col, status) VALUES ('ef2ba203-fa9e-56b0-b0b7-bc3e1688ac28', '070b4f4d-9a9e-5c4a-92bd-eae711ecb6b3', 'f-l1-p1:F10', 'STANDARD', 6, 10, 'free');
INSERT INTO parking_spots (id, parking_lot_id, spot_number, zone, spot_row, spot_col, status) VALUES ('9dd757f6-79df-58a7-b3b8-703659706e4c', '070b4f4d-9a9e-5c4a-92bd-eae711ecb6b3', 'f-l1-p1:F11', 'STANDARD', 6, 11, 'free');
INSERT INTO parking_spots (id, parking_lot_id, spot_number, zone, spot_row, spot_col, status) VALUES ('56fa1bfd-045e-5b19-9312-b58a6125220d', '070b4f4d-9a9e-5c4a-92bd-eae711ecb6b3', 'f-l1-p1:F12', 'STANDARD', 6, 12, 'free');
INSERT INTO parking_spots (id, parking_lot_id, spot_number, zone, spot_row, spot_col, status) VALUES ('6e470ff9-69a9-5711-91db-efe9f6cd4f37', '070b4f4d-9a9e-5c4a-92bd-eae711ecb6b3', 'f-l1-p1:F13', 'STANDARD', 6, 13, 'free');
INSERT INTO parking_spots (id, parking_lot_id, spot_number, zone, spot_row, spot_col, status) VALUES ('00d94189-6faa-5e30-8566-8c86b39077c7', '070b4f4d-9a9e-5c4a-92bd-eae711ecb6b3', 'f-l1-p1:F14', 'STANDARD', 6, 14, 'free');
INSERT INTO parking_spots (id, parking_lot_id, spot_number, zone, spot_row, spot_col, status) VALUES ('d5d5f9f8-e30c-59c7-b2d7-e4f592778ea2', '070b4f4d-9a9e-5c4a-92bd-eae711ecb6b3', 'f-l1-p1:F15', 'STANDARD', 6, 15, 'free');

INSERT INTO parking_lots (id, name, city, address, latitude, longitude, opening_hours, total_spaces)
VALUES ('7021e6fc-7585-5463-bbb7-de9bb8f4c37b', 'Estádio Municipal Dr. Magalhães Pessoa', 'Leiria', 'Caminho da Ribeira, Leiria', 39.74873, -8.812917, 'Aberto 24h', 300)
ON CONFLICT (id) DO UPDATE SET
  name = EXCLUDED.name,
  city = EXCLUDED.city,
  address = EXCLUDED.address,
  latitude = EXCLUDED.latitude,
  longitude = EXCLUDED.longitude,
  opening_hours = EXCLUDED.opening_hours,
  total_spaces = EXCLUDED.total_spaces;
DELETE FROM parking_lot_amenities WHERE parking_lot_id = '7021e6fc-7585-5463-bbb7-de9bb8f4c37b';
INSERT INTO parking_lot_amenities (parking_lot_id, amenity) VALUES ('7021e6fc-7585-5463-bbb7-de9bb8f4c37b', 'wc');
INSERT INTO tariffs (id, parking_lot_id, name, description, price_per_hour, max_daily, monthly, price_per_kwh, status)
VALUES ('0f4b3830-6291-51d1-b9de-801b4ce0b8bd', '7021e6fc-7585-5463-bbb7-de9bb8f4c37b', 'Standard', 'Tarifa normal de estacionamento', 0.80, 6.00, 50.00, NULL, 'ACTIVE')
ON CONFLICT (id) DO UPDATE SET
  price_per_hour = EXCLUDED.price_per_hour,
  max_daily = EXCLUDED.max_daily,
  monthly = EXCLUDED.monthly,
  status = EXCLUDED.status;
DELETE FROM ev_chargers WHERE parking_lot_id = '7021e6fc-7585-5463-bbb7-de9bb8f4c37b';
DELETE FROM accessible_spots WHERE parking_lot_id = '7021e6fc-7585-5463-bbb7-de9bb8f4c37b';
DELETE FROM parking_spots WHERE parking_lot_id = '7021e6fc-7585-5463-bbb7-de9bb8f4c37b';
INSERT INTO parking_spots (id, parking_lot_id, spot_number, zone, spot_row, spot_col, status) VALUES ('f5f06046-cd96-5171-92a2-3e5c9e25c957', '7021e6fc-7585-5463-bbb7-de9bb8f4c37b', 'f-l2-p0:A1', 'ACCESSIBLE', 1, 1, 'accessible');
INSERT INTO parking_spots (id, parking_lot_id, spot_number, zone, spot_row, spot_col, status) VALUES ('b61d191a-eaaf-55cb-a244-c96b934edf3c', '7021e6fc-7585-5463-bbb7-de9bb8f4c37b', 'f-l2-p0:A2', 'STANDARD', 1, 2, 'occupied');
INSERT INTO parking_spots (id, parking_lot_id, spot_number, zone, spot_row, spot_col, status) VALUES ('0cdf4029-889c-577e-acf6-a1db9c1189fb', '7021e6fc-7585-5463-bbb7-de9bb8f4c37b', 'f-l2-p0:A3', 'STANDARD', 1, 3, 'occupied');
INSERT INTO parking_spots (id, parking_lot_id, spot_number, zone, spot_row, spot_col, status) VALUES ('8ddbcf17-d5a1-5ef3-8f2c-6e7672e4f22c', '7021e6fc-7585-5463-bbb7-de9bb8f4c37b', 'f-l2-p0:A4', 'STANDARD', 1, 4, 'occupied');
INSERT INTO parking_spots (id, parking_lot_id, spot_number, zone, spot_row, spot_col, status) VALUES ('1d28dfb5-2eca-5be6-85fd-8950c605fc31', '7021e6fc-7585-5463-bbb7-de9bb8f4c37b', 'f-l2-p0:A5', 'STANDARD', 1, 5, 'occupied');
INSERT INTO parking_spots (id, parking_lot_id, spot_number, zone, spot_row, spot_col, status) VALUES ('7f5b1d3f-2db5-5b20-8cb1-73ead7d68ba7', '7021e6fc-7585-5463-bbb7-de9bb8f4c37b', 'f-l2-p0:A6', 'STANDARD', 1, 6, 'occupied');
INSERT INTO parking_spots (id, parking_lot_id, spot_number, zone, spot_row, spot_col, status) VALUES ('3b1eee4a-c3c2-5675-b1fb-8fac032f12e3', '7021e6fc-7585-5463-bbb7-de9bb8f4c37b', 'f-l2-p0:A7', 'STANDARD', 1, 7, 'free');
INSERT INTO parking_spots (id, parking_lot_id, spot_number, zone, spot_row, spot_col, status) VALUES ('b7b01866-447c-5f13-8227-c9447e883a00', '7021e6fc-7585-5463-bbb7-de9bb8f4c37b', 'f-l2-p0:A8', 'STANDARD', 1, 8, 'free');
INSERT INTO parking_spots (id, parking_lot_id, spot_number, zone, spot_row, spot_col, status) VALUES ('8b12f9df-939b-5c0e-8570-674ce3deb780', '7021e6fc-7585-5463-bbb7-de9bb8f4c37b', 'f-l2-p0:A9', 'STANDARD', 1, 9, 'free');
INSERT INTO parking_spots (id, parking_lot_id, spot_number, zone, spot_row, spot_col, status) VALUES ('d0d67b70-4274-529a-909c-266c1b202a0a', '7021e6fc-7585-5463-bbb7-de9bb8f4c37b', 'f-l2-p0:A10', 'STANDARD', 1, 10, 'free');
INSERT INTO parking_spots (id, parking_lot_id, spot_number, zone, spot_row, spot_col, status) VALUES ('1f9fe1cd-443c-5e3e-8b39-884be24f3ded', '7021e6fc-7585-5463-bbb7-de9bb8f4c37b', 'f-l2-p0:A11', 'STANDARD', 1, 11, 'free');
INSERT INTO parking_spots (id, parking_lot_id, spot_number, zone, spot_row, spot_col, status) VALUES ('c734c856-6c4a-5a21-aa75-e9f7d635b9d7', '7021e6fc-7585-5463-bbb7-de9bb8f4c37b', 'f-l2-p0:A12', 'STANDARD', 1, 12, 'free');
INSERT INTO parking_spots (id, parking_lot_id, spot_number, zone, spot_row, spot_col, status) VALUES ('cf41b6e6-b4ff-5d4d-95ba-e835011c8ee0', '7021e6fc-7585-5463-bbb7-de9bb8f4c37b', 'f-l2-p0:A13', 'STANDARD', 1, 13, 'free');
INSERT INTO parking_spots (id, parking_lot_id, spot_number, zone, spot_row, spot_col, status) VALUES ('d9a02f37-d92e-5581-8bc5-c07ca5983d13', '7021e6fc-7585-5463-bbb7-de9bb8f4c37b', 'f-l2-p0:A14', 'STANDARD', 1, 14, 'free');
INSERT INTO parking_spots (id, parking_lot_id, spot_number, zone, spot_row, spot_col, status) VALUES ('1611b678-dd3b-5fbe-bec3-8ad20e53e567', '7021e6fc-7585-5463-bbb7-de9bb8f4c37b', 'f-l2-p0:A15', 'STANDARD', 1, 15, 'free');
INSERT INTO parking_spots (id, parking_lot_id, spot_number, zone, spot_row, spot_col, status) VALUES ('243cb09e-673f-5421-b37a-daf874f9fd9b', '7021e6fc-7585-5463-bbb7-de9bb8f4c37b', 'f-l2-p0:A16', 'STANDARD', 1, 16, 'free');
INSERT INTO parking_spots (id, parking_lot_id, spot_number, zone, spot_row, spot_col, status) VALUES ('901cd856-71d7-56c9-8502-571a4f6b1327', '7021e6fc-7585-5463-bbb7-de9bb8f4c37b', 'f-l2-p0:A17', 'STANDARD', 1, 17, 'free');
INSERT INTO parking_spots (id, parking_lot_id, spot_number, zone, spot_row, spot_col, status) VALUES ('91632424-f58f-5942-95bc-2de16cbeee40', '7021e6fc-7585-5463-bbb7-de9bb8f4c37b', 'f-l2-p0:A18', 'STANDARD', 1, 18, 'free');
INSERT INTO parking_spots (id, parking_lot_id, spot_number, zone, spot_row, spot_col, status) VALUES ('a262ea4b-8e64-5f15-ba3e-94358bb39492', '7021e6fc-7585-5463-bbb7-de9bb8f4c37b', 'f-l2-p0:A19', 'STANDARD', 1, 19, 'free');
INSERT INTO parking_spots (id, parking_lot_id, spot_number, zone, spot_row, spot_col, status) VALUES ('bb719d9a-9912-5862-a51b-f13ea8efc9b1', '7021e6fc-7585-5463-bbb7-de9bb8f4c37b', 'f-l2-p0:A20', 'STANDARD', 1, 20, 'free');
INSERT INTO parking_spots (id, parking_lot_id, spot_number, zone, spot_row, spot_col, status) VALUES ('03707ee6-32bb-5269-b4f2-81d5374314de', '7021e6fc-7585-5463-bbb7-de9bb8f4c37b', 'f-l2-p0:B1', 'STANDARD', 2, 1, 'free');
INSERT INTO parking_spots (id, parking_lot_id, spot_number, zone, spot_row, spot_col, status) VALUES ('3a411982-c64f-53ce-a2a2-03d8a44a6014', '7021e6fc-7585-5463-bbb7-de9bb8f4c37b', 'f-l2-p0:B2', 'STANDARD', 2, 2, 'free');
INSERT INTO parking_spots (id, parking_lot_id, spot_number, zone, spot_row, spot_col, status) VALUES ('8594d47a-161a-56a9-8a90-bd626a3ee6fe', '7021e6fc-7585-5463-bbb7-de9bb8f4c37b', 'f-l2-p0:B3', 'STANDARD', 2, 3, 'free');
INSERT INTO parking_spots (id, parking_lot_id, spot_number, zone, spot_row, spot_col, status) VALUES ('145c30ba-8d5b-52fd-9e7f-c3d1efc2be3c', '7021e6fc-7585-5463-bbb7-de9bb8f4c37b', 'f-l2-p0:B4', 'STANDARD', 2, 4, 'free');
INSERT INTO parking_spots (id, parking_lot_id, spot_number, zone, spot_row, spot_col, status) VALUES ('504a5cc6-016e-5721-b81a-33c0281165a6', '7021e6fc-7585-5463-bbb7-de9bb8f4c37b', 'f-l2-p0:B5', 'STANDARD', 2, 5, 'free');
INSERT INTO parking_spots (id, parking_lot_id, spot_number, zone, spot_row, spot_col, status) VALUES ('a48ae0c6-7166-525b-b315-45840a169fe3', '7021e6fc-7585-5463-bbb7-de9bb8f4c37b', 'f-l2-p0:B6', 'STANDARD', 2, 6, 'free');
INSERT INTO parking_spots (id, parking_lot_id, spot_number, zone, spot_row, spot_col, status) VALUES ('6b681ea3-9be2-5ca2-b299-126791f2db3f', '7021e6fc-7585-5463-bbb7-de9bb8f4c37b', 'f-l2-p0:B7', 'STANDARD', 2, 7, 'free');
INSERT INTO parking_spots (id, parking_lot_id, spot_number, zone, spot_row, spot_col, status) VALUES ('3e18f627-6515-5c88-b2ac-4b6d4a80f446', '7021e6fc-7585-5463-bbb7-de9bb8f4c37b', 'f-l2-p0:B8', 'STANDARD', 2, 8, 'free');
INSERT INTO parking_spots (id, parking_lot_id, spot_number, zone, spot_row, spot_col, status) VALUES ('0e8aab34-e454-57cf-b8dd-cfab71d30f3f', '7021e6fc-7585-5463-bbb7-de9bb8f4c37b', 'f-l2-p0:B9', 'STANDARD', 2, 9, 'free');
INSERT INTO parking_spots (id, parking_lot_id, spot_number, zone, spot_row, spot_col, status) VALUES ('5cd8b9ab-c453-5f7c-af1d-ac3b8d45e37b', '7021e6fc-7585-5463-bbb7-de9bb8f4c37b', 'f-l2-p0:B10', 'STANDARD', 2, 10, 'free');
INSERT INTO parking_spots (id, parking_lot_id, spot_number, zone, spot_row, spot_col, status) VALUES ('02b0c1dd-56be-5dac-934a-e6ce5fb2be26', '7021e6fc-7585-5463-bbb7-de9bb8f4c37b', 'f-l2-p0:B11', 'STANDARD', 2, 11, 'free');
INSERT INTO parking_spots (id, parking_lot_id, spot_number, zone, spot_row, spot_col, status) VALUES ('561cd19a-34e2-5a2e-b67e-f5901d9c2a51', '7021e6fc-7585-5463-bbb7-de9bb8f4c37b', 'f-l2-p0:B12', 'STANDARD', 2, 12, 'free');
INSERT INTO parking_spots (id, parking_lot_id, spot_number, zone, spot_row, spot_col, status) VALUES ('f9d48ca6-2f35-5ef0-bd97-49bab76f19ff', '7021e6fc-7585-5463-bbb7-de9bb8f4c37b', 'f-l2-p0:B13', 'STANDARD', 2, 13, 'free');
INSERT INTO parking_spots (id, parking_lot_id, spot_number, zone, spot_row, spot_col, status) VALUES ('8904d46c-2d1b-507a-be47-b327a571dc40', '7021e6fc-7585-5463-bbb7-de9bb8f4c37b', 'f-l2-p0:B14', 'STANDARD', 2, 14, 'free');
INSERT INTO parking_spots (id, parking_lot_id, spot_number, zone, spot_row, spot_col, status) VALUES ('28165c4d-a246-5a4a-acae-80e5a1a1e351', '7021e6fc-7585-5463-bbb7-de9bb8f4c37b', 'f-l2-p0:B15', 'STANDARD', 2, 15, 'free');
INSERT INTO parking_spots (id, parking_lot_id, spot_number, zone, spot_row, spot_col, status) VALUES ('2f6e1a52-6d00-5838-a3b1-ccc18af5910f', '7021e6fc-7585-5463-bbb7-de9bb8f4c37b', 'f-l2-p0:B16', 'STANDARD', 2, 16, 'free');
INSERT INTO parking_spots (id, parking_lot_id, spot_number, zone, spot_row, spot_col, status) VALUES ('0b461641-5227-53cc-aac9-e05dfdb074b4', '7021e6fc-7585-5463-bbb7-de9bb8f4c37b', 'f-l2-p0:B17', 'STANDARD', 2, 17, 'free');
INSERT INTO parking_spots (id, parking_lot_id, spot_number, zone, spot_row, spot_col, status) VALUES ('1c2028b3-9c24-52af-b17e-10b838ef25df', '7021e6fc-7585-5463-bbb7-de9bb8f4c37b', 'f-l2-p0:B18', 'STANDARD', 2, 18, 'free');
INSERT INTO parking_spots (id, parking_lot_id, spot_number, zone, spot_row, spot_col, status) VALUES ('78ee5c93-778e-58c7-aff3-9366b141d534', '7021e6fc-7585-5463-bbb7-de9bb8f4c37b', 'f-l2-p0:B19', 'STANDARD', 2, 19, 'free');
INSERT INTO parking_spots (id, parking_lot_id, spot_number, zone, spot_row, spot_col, status) VALUES ('5dfe11e7-27ff-58a1-83e7-be7d00dd3282', '7021e6fc-7585-5463-bbb7-de9bb8f4c37b', 'f-l2-p0:B20', 'STANDARD', 2, 20, 'free');
INSERT INTO parking_spots (id, parking_lot_id, spot_number, zone, spot_row, spot_col, status) VALUES ('453d5a5f-b88e-5ee1-a674-8ee1f66ea119', '7021e6fc-7585-5463-bbb7-de9bb8f4c37b', 'f-l2-p0:C1', 'STANDARD', 3, 1, 'free');
INSERT INTO parking_spots (id, parking_lot_id, spot_number, zone, spot_row, spot_col, status) VALUES ('0d91d307-c640-5dd8-bca6-cbb4c98746e6', '7021e6fc-7585-5463-bbb7-de9bb8f4c37b', 'f-l2-p0:C2', 'STANDARD', 3, 2, 'free');
INSERT INTO parking_spots (id, parking_lot_id, spot_number, zone, spot_row, spot_col, status) VALUES ('1897cef4-c4a9-5ed0-ada8-132c30ecf40d', '7021e6fc-7585-5463-bbb7-de9bb8f4c37b', 'f-l2-p0:C3', 'STANDARD', 3, 3, 'free');
INSERT INTO parking_spots (id, parking_lot_id, spot_number, zone, spot_row, spot_col, status) VALUES ('1f6bf353-8d78-5895-871c-bfcd79f279e2', '7021e6fc-7585-5463-bbb7-de9bb8f4c37b', 'f-l2-p0:C4', 'STANDARD', 3, 4, 'free');
INSERT INTO parking_spots (id, parking_lot_id, spot_number, zone, spot_row, spot_col, status) VALUES ('61088780-de41-502a-9c5d-aca2521b4f7e', '7021e6fc-7585-5463-bbb7-de9bb8f4c37b', 'f-l2-p0:C5', 'STANDARD', 3, 5, 'free');
INSERT INTO parking_spots (id, parking_lot_id, spot_number, zone, spot_row, spot_col, status) VALUES ('4975b2f8-cded-5e5e-9ca6-fb4dd0a4ffca', '7021e6fc-7585-5463-bbb7-de9bb8f4c37b', 'f-l2-p0:C6', 'STANDARD', 3, 6, 'free');
INSERT INTO parking_spots (id, parking_lot_id, spot_number, zone, spot_row, spot_col, status) VALUES ('6a9ad174-9298-5293-a698-f920dbbec7e9', '7021e6fc-7585-5463-bbb7-de9bb8f4c37b', 'f-l2-p0:C7', 'STANDARD', 3, 7, 'free');
INSERT INTO parking_spots (id, parking_lot_id, spot_number, zone, spot_row, spot_col, status) VALUES ('3a7fe8fb-b0e6-5fa0-a74d-e2717f343463', '7021e6fc-7585-5463-bbb7-de9bb8f4c37b', 'f-l2-p0:C8', 'STANDARD', 3, 8, 'free');
INSERT INTO parking_spots (id, parking_lot_id, spot_number, zone, spot_row, spot_col, status) VALUES ('c1a5368f-953f-53cc-a315-9fbb9a564b1b', '7021e6fc-7585-5463-bbb7-de9bb8f4c37b', 'f-l2-p0:C9', 'STANDARD', 3, 9, 'free');
INSERT INTO parking_spots (id, parking_lot_id, spot_number, zone, spot_row, spot_col, status) VALUES ('e0e3a922-2a8a-57a4-a8ea-e5b3ba82c31c', '7021e6fc-7585-5463-bbb7-de9bb8f4c37b', 'f-l2-p0:C10', 'STANDARD', 3, 10, 'free');
INSERT INTO parking_spots (id, parking_lot_id, spot_number, zone, spot_row, spot_col, status) VALUES ('dac144a2-03c5-5091-b9b5-c5f065c94bed', '7021e6fc-7585-5463-bbb7-de9bb8f4c37b', 'f-l2-p0:C11', 'STANDARD', 3, 11, 'free');
INSERT INTO parking_spots (id, parking_lot_id, spot_number, zone, spot_row, spot_col, status) VALUES ('0152288c-3944-5b2d-a8ad-67ba478dcab7', '7021e6fc-7585-5463-bbb7-de9bb8f4c37b', 'f-l2-p0:C12', 'STANDARD', 3, 12, 'free');
INSERT INTO parking_spots (id, parking_lot_id, spot_number, zone, spot_row, spot_col, status) VALUES ('a018ebdc-c5e2-597b-99ad-c319a0bb2be2', '7021e6fc-7585-5463-bbb7-de9bb8f4c37b', 'f-l2-p0:C13', 'STANDARD', 3, 13, 'free');
INSERT INTO parking_spots (id, parking_lot_id, spot_number, zone, spot_row, spot_col, status) VALUES ('ad339320-264f-5afd-bee6-af0951613bdb', '7021e6fc-7585-5463-bbb7-de9bb8f4c37b', 'f-l2-p0:C14', 'STANDARD', 3, 14, 'free');
INSERT INTO parking_spots (id, parking_lot_id, spot_number, zone, spot_row, spot_col, status) VALUES ('b99197e7-c9c2-5682-afd6-c6bdbcb158e0', '7021e6fc-7585-5463-bbb7-de9bb8f4c37b', 'f-l2-p0:C15', 'STANDARD', 3, 15, 'free');
INSERT INTO parking_spots (id, parking_lot_id, spot_number, zone, spot_row, spot_col, status) VALUES ('4f0ab428-57fc-58ae-85a1-5fff488945f9', '7021e6fc-7585-5463-bbb7-de9bb8f4c37b', 'f-l2-p0:C16', 'STANDARD', 3, 16, 'free');
INSERT INTO parking_spots (id, parking_lot_id, spot_number, zone, spot_row, spot_col, status) VALUES ('eaf493c6-98ed-562d-9e3d-2cd61cdaef21', '7021e6fc-7585-5463-bbb7-de9bb8f4c37b', 'f-l2-p0:C17', 'STANDARD', 3, 17, 'free');
INSERT INTO parking_spots (id, parking_lot_id, spot_number, zone, spot_row, spot_col, status) VALUES ('3360831e-f65c-5759-b29e-accfe79016f5', '7021e6fc-7585-5463-bbb7-de9bb8f4c37b', 'f-l2-p0:C18', 'STANDARD', 3, 18, 'free');
INSERT INTO parking_spots (id, parking_lot_id, spot_number, zone, spot_row, spot_col, status) VALUES ('ee0aee32-e6d2-5cb2-a5ef-6fd0a7886355', '7021e6fc-7585-5463-bbb7-de9bb8f4c37b', 'f-l2-p0:C19', 'STANDARD', 3, 19, 'free');
INSERT INTO parking_spots (id, parking_lot_id, spot_number, zone, spot_row, spot_col, status) VALUES ('92eb4f5a-00b5-52a1-bc7c-a2ec49987057', '7021e6fc-7585-5463-bbb7-de9bb8f4c37b', 'f-l2-p0:C20', 'STANDARD', 3, 20, 'free');
INSERT INTO parking_spots (id, parking_lot_id, spot_number, zone, spot_row, spot_col, status) VALUES ('30e28cc6-fa1b-5b28-9e92-4146188bba47', '7021e6fc-7585-5463-bbb7-de9bb8f4c37b', 'f-l2-p0:D1', 'STANDARD', 4, 1, 'free');
INSERT INTO parking_spots (id, parking_lot_id, spot_number, zone, spot_row, spot_col, status) VALUES ('3d1671a3-1bd8-5c5a-81aa-cb77a3ae03ec', '7021e6fc-7585-5463-bbb7-de9bb8f4c37b', 'f-l2-p0:D2', 'STANDARD', 4, 2, 'free');
INSERT INTO parking_spots (id, parking_lot_id, spot_number, zone, spot_row, spot_col, status) VALUES ('1c1977e9-92b0-5624-a8e3-d76e5aac8e50', '7021e6fc-7585-5463-bbb7-de9bb8f4c37b', 'f-l2-p0:D3', 'STANDARD', 4, 3, 'free');
INSERT INTO parking_spots (id, parking_lot_id, spot_number, zone, spot_row, spot_col, status) VALUES ('558cd053-51ec-55e1-8f01-0b2b7b3e353e', '7021e6fc-7585-5463-bbb7-de9bb8f4c37b', 'f-l2-p0:D4', 'STANDARD', 4, 4, 'free');
INSERT INTO parking_spots (id, parking_lot_id, spot_number, zone, spot_row, spot_col, status) VALUES ('f9febae6-e449-5005-b99d-b9459ab6b5eb', '7021e6fc-7585-5463-bbb7-de9bb8f4c37b', 'f-l2-p0:D5', 'STANDARD', 4, 5, 'free');
INSERT INTO parking_spots (id, parking_lot_id, spot_number, zone, spot_row, spot_col, status) VALUES ('191b727e-fc35-50f2-91f7-13754b386717', '7021e6fc-7585-5463-bbb7-de9bb8f4c37b', 'f-l2-p0:D6', 'STANDARD', 4, 6, 'free');
INSERT INTO parking_spots (id, parking_lot_id, spot_number, zone, spot_row, spot_col, status) VALUES ('d321127a-9caa-5f3b-9593-60dce4e11654', '7021e6fc-7585-5463-bbb7-de9bb8f4c37b', 'f-l2-p0:D7', 'STANDARD', 4, 7, 'free');
INSERT INTO parking_spots (id, parking_lot_id, spot_number, zone, spot_row, spot_col, status) VALUES ('65388256-6979-501e-b5ca-974139c0bbaa', '7021e6fc-7585-5463-bbb7-de9bb8f4c37b', 'f-l2-p0:D8', 'STANDARD', 4, 8, 'free');
INSERT INTO parking_spots (id, parking_lot_id, spot_number, zone, spot_row, spot_col, status) VALUES ('016d3656-d193-5d92-90f3-5ab0dd63981d', '7021e6fc-7585-5463-bbb7-de9bb8f4c37b', 'f-l2-p0:D9', 'STANDARD', 4, 9, 'free');
INSERT INTO parking_spots (id, parking_lot_id, spot_number, zone, spot_row, spot_col, status) VALUES ('afb93489-8286-5058-aaba-0ea8bfcacd2e', '7021e6fc-7585-5463-bbb7-de9bb8f4c37b', 'f-l2-p0:D10', 'STANDARD', 4, 10, 'free');
INSERT INTO parking_spots (id, parking_lot_id, spot_number, zone, spot_row, spot_col, status) VALUES ('99d922ea-c5dc-56b7-bbc6-0446172b2c3b', '7021e6fc-7585-5463-bbb7-de9bb8f4c37b', 'f-l2-p0:D11', 'STANDARD', 4, 11, 'free');
INSERT INTO parking_spots (id, parking_lot_id, spot_number, zone, spot_row, spot_col, status) VALUES ('97fd3283-c1a2-50e3-988f-29c5e11ee833', '7021e6fc-7585-5463-bbb7-de9bb8f4c37b', 'f-l2-p0:D12', 'STANDARD', 4, 12, 'free');
INSERT INTO parking_spots (id, parking_lot_id, spot_number, zone, spot_row, spot_col, status) VALUES ('958c284a-8281-5fbe-a4f4-2a94f6c970cc', '7021e6fc-7585-5463-bbb7-de9bb8f4c37b', 'f-l2-p0:D13', 'STANDARD', 4, 13, 'free');
INSERT INTO parking_spots (id, parking_lot_id, spot_number, zone, spot_row, spot_col, status) VALUES ('078794d2-7fa2-55c1-8647-4683d14a5782', '7021e6fc-7585-5463-bbb7-de9bb8f4c37b', 'f-l2-p0:D14', 'STANDARD', 4, 14, 'free');
INSERT INTO parking_spots (id, parking_lot_id, spot_number, zone, spot_row, spot_col, status) VALUES ('d6f38151-fc03-503a-8bbd-6eae73e1c52f', '7021e6fc-7585-5463-bbb7-de9bb8f4c37b', 'f-l2-p0:D15', 'STANDARD', 4, 15, 'free');
INSERT INTO parking_spots (id, parking_lot_id, spot_number, zone, spot_row, spot_col, status) VALUES ('d87f2862-b329-5a26-b59d-c60a52188f0a', '7021e6fc-7585-5463-bbb7-de9bb8f4c37b', 'f-l2-p0:D16', 'STANDARD', 4, 16, 'free');
INSERT INTO parking_spots (id, parking_lot_id, spot_number, zone, spot_row, spot_col, status) VALUES ('aac3536c-c236-59dd-9224-a830e77f9900', '7021e6fc-7585-5463-bbb7-de9bb8f4c37b', 'f-l2-p0:D17', 'STANDARD', 4, 17, 'free');
INSERT INTO parking_spots (id, parking_lot_id, spot_number, zone, spot_row, spot_col, status) VALUES ('584d70fc-deed-55c2-a74c-4b683926ab27', '7021e6fc-7585-5463-bbb7-de9bb8f4c37b', 'f-l2-p0:D18', 'STANDARD', 4, 18, 'free');
INSERT INTO parking_spots (id, parking_lot_id, spot_number, zone, spot_row, spot_col, status) VALUES ('f1f7cb78-53f2-5063-a268-de4739978a79', '7021e6fc-7585-5463-bbb7-de9bb8f4c37b', 'f-l2-p0:D19', 'STANDARD', 4, 19, 'free');
INSERT INTO parking_spots (id, parking_lot_id, spot_number, zone, spot_row, spot_col, status) VALUES ('750c433c-faff-572b-85e6-eebe9103d21a', '7021e6fc-7585-5463-bbb7-de9bb8f4c37b', 'f-l2-p0:D20', 'STANDARD', 4, 20, 'free');
INSERT INTO parking_spots (id, parking_lot_id, spot_number, zone, spot_row, spot_col, status) VALUES ('4e0f9efe-b030-550d-be77-15b60f30b63c', '7021e6fc-7585-5463-bbb7-de9bb8f4c37b', 'f-l2-p0:E1', 'STANDARD', 5, 1, 'free');
INSERT INTO parking_spots (id, parking_lot_id, spot_number, zone, spot_row, spot_col, status) VALUES ('e3505466-ede7-52bd-a585-325f0ba11197', '7021e6fc-7585-5463-bbb7-de9bb8f4c37b', 'f-l2-p0:E2', 'STANDARD', 5, 2, 'free');
INSERT INTO parking_spots (id, parking_lot_id, spot_number, zone, spot_row, spot_col, status) VALUES ('d157fc91-28de-5b7a-884e-a219764e9eea', '7021e6fc-7585-5463-bbb7-de9bb8f4c37b', 'f-l2-p0:E3', 'STANDARD', 5, 3, 'free');
INSERT INTO parking_spots (id, parking_lot_id, spot_number, zone, spot_row, spot_col, status) VALUES ('a9c4f073-bdae-501b-b370-8ae34cab0882', '7021e6fc-7585-5463-bbb7-de9bb8f4c37b', 'f-l2-p0:E4', 'STANDARD', 5, 4, 'free');
INSERT INTO parking_spots (id, parking_lot_id, spot_number, zone, spot_row, spot_col, status) VALUES ('cc19eecc-d03b-592e-9815-8bb1bbf15918', '7021e6fc-7585-5463-bbb7-de9bb8f4c37b', 'f-l2-p0:E5', 'STANDARD', 5, 5, 'free');
INSERT INTO parking_spots (id, parking_lot_id, spot_number, zone, spot_row, spot_col, status) VALUES ('d88351b5-bc2f-5e5b-be28-298423867c9e', '7021e6fc-7585-5463-bbb7-de9bb8f4c37b', 'f-l2-p0:E6', 'STANDARD', 5, 6, 'free');
INSERT INTO parking_spots (id, parking_lot_id, spot_number, zone, spot_row, spot_col, status) VALUES ('53099e19-8600-54cd-9fa4-c3d4d358e2f3', '7021e6fc-7585-5463-bbb7-de9bb8f4c37b', 'f-l2-p0:E7', 'STANDARD', 5, 7, 'free');
INSERT INTO parking_spots (id, parking_lot_id, spot_number, zone, spot_row, spot_col, status) VALUES ('258d7f0f-a367-5774-8f47-d07f622d4655', '7021e6fc-7585-5463-bbb7-de9bb8f4c37b', 'f-l2-p0:E8', 'STANDARD', 5, 8, 'free');
INSERT INTO parking_spots (id, parking_lot_id, spot_number, zone, spot_row, spot_col, status) VALUES ('e6bb1485-6c02-5288-8cfe-6ccdf1c38ab9', '7021e6fc-7585-5463-bbb7-de9bb8f4c37b', 'f-l2-p0:E9', 'STANDARD', 5, 9, 'free');
INSERT INTO parking_spots (id, parking_lot_id, spot_number, zone, spot_row, spot_col, status) VALUES ('7dfbad43-473d-56b2-8e33-a974a4e08026', '7021e6fc-7585-5463-bbb7-de9bb8f4c37b', 'f-l2-p0:E10', 'STANDARD', 5, 10, 'free');
INSERT INTO parking_spots (id, parking_lot_id, spot_number, zone, spot_row, spot_col, status) VALUES ('409d30b8-2b47-56e9-b75d-13d8b6feff01', '7021e6fc-7585-5463-bbb7-de9bb8f4c37b', 'f-l2-p0:E11', 'STANDARD', 5, 11, 'free');
INSERT INTO parking_spots (id, parking_lot_id, spot_number, zone, spot_row, spot_col, status) VALUES ('283c4e5f-f126-506c-b51a-f6a591b12f89', '7021e6fc-7585-5463-bbb7-de9bb8f4c37b', 'f-l2-p0:E12', 'STANDARD', 5, 12, 'free');
INSERT INTO parking_spots (id, parking_lot_id, spot_number, zone, spot_row, spot_col, status) VALUES ('00c60662-9fe1-5156-bae4-67067614cfca', '7021e6fc-7585-5463-bbb7-de9bb8f4c37b', 'f-l2-p0:E13', 'STANDARD', 5, 13, 'free');
INSERT INTO parking_spots (id, parking_lot_id, spot_number, zone, spot_row, spot_col, status) VALUES ('65985ecd-7914-5155-8789-e84e0c225351', '7021e6fc-7585-5463-bbb7-de9bb8f4c37b', 'f-l2-p0:E14', 'STANDARD', 5, 14, 'free');
INSERT INTO parking_spots (id, parking_lot_id, spot_number, zone, spot_row, spot_col, status) VALUES ('70794c02-c02b-513f-97a8-3ff352cda4c3', '7021e6fc-7585-5463-bbb7-de9bb8f4c37b', 'f-l2-p0:E15', 'STANDARD', 5, 15, 'free');
INSERT INTO parking_spots (id, parking_lot_id, spot_number, zone, spot_row, spot_col, status) VALUES ('50d2764d-9c15-59e8-b148-7976358052fc', '7021e6fc-7585-5463-bbb7-de9bb8f4c37b', 'f-l2-p0:E16', 'STANDARD', 5, 16, 'free');
INSERT INTO parking_spots (id, parking_lot_id, spot_number, zone, spot_row, spot_col, status) VALUES ('cbb5352f-d404-5f91-88a9-a9e7921038b2', '7021e6fc-7585-5463-bbb7-de9bb8f4c37b', 'f-l2-p0:E17', 'STANDARD', 5, 17, 'free');
INSERT INTO parking_spots (id, parking_lot_id, spot_number, zone, spot_row, spot_col, status) VALUES ('f532f4b2-988f-5881-bbcc-93cd8b93cfde', '7021e6fc-7585-5463-bbb7-de9bb8f4c37b', 'f-l2-p0:E18', 'STANDARD', 5, 18, 'free');
INSERT INTO parking_spots (id, parking_lot_id, spot_number, zone, spot_row, spot_col, status) VALUES ('95799f21-0a31-5a31-b570-c5418b2a62f9', '7021e6fc-7585-5463-bbb7-de9bb8f4c37b', 'f-l2-p0:E19', 'STANDARD', 5, 19, 'free');
INSERT INTO parking_spots (id, parking_lot_id, spot_number, zone, spot_row, spot_col, status) VALUES ('8e331b85-8214-58e1-abb3-212c65568261', '7021e6fc-7585-5463-bbb7-de9bb8f4c37b', 'f-l2-p0:E20', 'STANDARD', 5, 20, 'free');
INSERT INTO parking_spots (id, parking_lot_id, spot_number, zone, spot_row, spot_col, status) VALUES ('e7783148-4dd9-531e-8f84-862864a9d7dc', '7021e6fc-7585-5463-bbb7-de9bb8f4c37b', 'f-l2-p0:F1', 'STANDARD', 6, 1, 'free');
INSERT INTO parking_spots (id, parking_lot_id, spot_number, zone, spot_row, spot_col, status) VALUES ('3d98fa66-0989-5cfc-a29d-1408db1720f4', '7021e6fc-7585-5463-bbb7-de9bb8f4c37b', 'f-l2-p0:F2', 'STANDARD', 6, 2, 'free');
INSERT INTO parking_spots (id, parking_lot_id, spot_number, zone, spot_row, spot_col, status) VALUES ('c9a2aebb-8246-5e5f-a8f4-7f9ff28e3571', '7021e6fc-7585-5463-bbb7-de9bb8f4c37b', 'f-l2-p0:F3', 'STANDARD', 6, 3, 'free');
INSERT INTO parking_spots (id, parking_lot_id, spot_number, zone, spot_row, spot_col, status) VALUES ('de64e997-2db5-557b-b316-399b9f037ac7', '7021e6fc-7585-5463-bbb7-de9bb8f4c37b', 'f-l2-p0:F4', 'STANDARD', 6, 4, 'free');
INSERT INTO parking_spots (id, parking_lot_id, spot_number, zone, spot_row, spot_col, status) VALUES ('8ef9b359-ce82-5a69-a30c-09ba8d2b7c45', '7021e6fc-7585-5463-bbb7-de9bb8f4c37b', 'f-l2-p0:F5', 'STANDARD', 6, 5, 'free');
INSERT INTO parking_spots (id, parking_lot_id, spot_number, zone, spot_row, spot_col, status) VALUES ('84f19282-2153-5c67-af26-17b94d023779', '7021e6fc-7585-5463-bbb7-de9bb8f4c37b', 'f-l2-p0:F6', 'STANDARD', 6, 6, 'free');
INSERT INTO parking_spots (id, parking_lot_id, spot_number, zone, spot_row, spot_col, status) VALUES ('62787ad6-51a5-5a27-9873-08cc6607e159', '7021e6fc-7585-5463-bbb7-de9bb8f4c37b', 'f-l2-p0:F7', 'STANDARD', 6, 7, 'free');
INSERT INTO parking_spots (id, parking_lot_id, spot_number, zone, spot_row, spot_col, status) VALUES ('d6bb50bb-7d45-59a3-bc37-10e7886ebb4f', '7021e6fc-7585-5463-bbb7-de9bb8f4c37b', 'f-l2-p0:F8', 'STANDARD', 6, 8, 'free');
INSERT INTO parking_spots (id, parking_lot_id, spot_number, zone, spot_row, spot_col, status) VALUES ('36ce189d-dd30-5b1a-8be5-55e472c4f8e5', '7021e6fc-7585-5463-bbb7-de9bb8f4c37b', 'f-l2-p0:F9', 'STANDARD', 6, 9, 'free');
INSERT INTO parking_spots (id, parking_lot_id, spot_number, zone, spot_row, spot_col, status) VALUES ('9a434f44-5bbf-54fe-9606-88512c7bc955', '7021e6fc-7585-5463-bbb7-de9bb8f4c37b', 'f-l2-p0:F10', 'STANDARD', 6, 10, 'free');
INSERT INTO parking_spots (id, parking_lot_id, spot_number, zone, spot_row, spot_col, status) VALUES ('c1b75628-5594-5b6d-b3a5-2f5b27028ca7', '7021e6fc-7585-5463-bbb7-de9bb8f4c37b', 'f-l2-p0:F11', 'STANDARD', 6, 11, 'free');
INSERT INTO parking_spots (id, parking_lot_id, spot_number, zone, spot_row, spot_col, status) VALUES ('74a48b67-5048-5c52-b952-c49043bbac9c', '7021e6fc-7585-5463-bbb7-de9bb8f4c37b', 'f-l2-p0:F12', 'STANDARD', 6, 12, 'free');
INSERT INTO parking_spots (id, parking_lot_id, spot_number, zone, spot_row, spot_col, status) VALUES ('8760c4f3-7d0c-5451-a179-4ed65daf6d04', '7021e6fc-7585-5463-bbb7-de9bb8f4c37b', 'f-l2-p0:F13', 'STANDARD', 6, 13, 'free');
INSERT INTO parking_spots (id, parking_lot_id, spot_number, zone, spot_row, spot_col, status) VALUES ('47464c73-5eed-51ab-b29f-0847504a3c60', '7021e6fc-7585-5463-bbb7-de9bb8f4c37b', 'f-l2-p0:F14', 'STANDARD', 6, 14, 'free');
INSERT INTO parking_spots (id, parking_lot_id, spot_number, zone, spot_row, spot_col, status) VALUES ('92d17d35-70d6-5387-a2ad-9d5ef9b44c45', '7021e6fc-7585-5463-bbb7-de9bb8f4c37b', 'f-l2-p0:F15', 'STANDARD', 6, 15, 'free');
INSERT INTO parking_spots (id, parking_lot_id, spot_number, zone, spot_row, spot_col, status) VALUES ('aea0df77-217f-5195-b831-64872bf45c16', '7021e6fc-7585-5463-bbb7-de9bb8f4c37b', 'f-l2-p0:F16', 'STANDARD', 6, 16, 'free');
INSERT INTO parking_spots (id, parking_lot_id, spot_number, zone, spot_row, spot_col, status) VALUES ('682c95da-ec25-5ccf-8c73-3be89e9cf500', '7021e6fc-7585-5463-bbb7-de9bb8f4c37b', 'f-l2-p0:F17', 'STANDARD', 6, 17, 'free');
INSERT INTO parking_spots (id, parking_lot_id, spot_number, zone, spot_row, spot_col, status) VALUES ('2c133c75-d7a2-5439-9fb6-038d217cf13b', '7021e6fc-7585-5463-bbb7-de9bb8f4c37b', 'f-l2-p0:F18', 'STANDARD', 6, 18, 'free');
INSERT INTO parking_spots (id, parking_lot_id, spot_number, zone, spot_row, spot_col, status) VALUES ('610fcadb-07a4-5e19-92a1-786a5184ad6c', '7021e6fc-7585-5463-bbb7-de9bb8f4c37b', 'f-l2-p0:F19', 'STANDARD', 6, 19, 'free');
INSERT INTO parking_spots (id, parking_lot_id, spot_number, zone, spot_row, spot_col, status) VALUES ('27e0d267-45df-5d61-8f18-8c0ab81c976d', '7021e6fc-7585-5463-bbb7-de9bb8f4c37b', 'f-l2-p0:F20', 'STANDARD', 6, 20, 'free');
INSERT INTO parking_spots (id, parking_lot_id, spot_number, zone, spot_row, spot_col, status) VALUES ('5126fa23-448f-5943-b228-5e8355454098', '7021e6fc-7585-5463-bbb7-de9bb8f4c37b', 'f-l2-p0:G1', 'STANDARD', 7, 1, 'free');
INSERT INTO parking_spots (id, parking_lot_id, spot_number, zone, spot_row, spot_col, status) VALUES ('9f3d3828-4f2d-5776-816f-885e4183dd66', '7021e6fc-7585-5463-bbb7-de9bb8f4c37b', 'f-l2-p0:G2', 'STANDARD', 7, 2, 'free');
INSERT INTO parking_spots (id, parking_lot_id, spot_number, zone, spot_row, spot_col, status) VALUES ('b8e90f2b-824d-5916-805e-c5686dd4d31b', '7021e6fc-7585-5463-bbb7-de9bb8f4c37b', 'f-l2-p0:G3', 'STANDARD', 7, 3, 'free');
INSERT INTO parking_spots (id, parking_lot_id, spot_number, zone, spot_row, spot_col, status) VALUES ('fdc12a8d-8dc3-55de-8ba9-c95076f85ed2', '7021e6fc-7585-5463-bbb7-de9bb8f4c37b', 'f-l2-p0:G4', 'STANDARD', 7, 4, 'free');
INSERT INTO parking_spots (id, parking_lot_id, spot_number, zone, spot_row, spot_col, status) VALUES ('62496096-30ab-5e3e-a512-269c5ca62452', '7021e6fc-7585-5463-bbb7-de9bb8f4c37b', 'f-l2-p0:G5', 'STANDARD', 7, 5, 'free');
INSERT INTO parking_spots (id, parking_lot_id, spot_number, zone, spot_row, spot_col, status) VALUES ('162dc4c4-1356-592c-bd66-50d0125538df', '7021e6fc-7585-5463-bbb7-de9bb8f4c37b', 'f-l2-p0:G6', 'STANDARD', 7, 6, 'free');
INSERT INTO parking_spots (id, parking_lot_id, spot_number, zone, spot_row, spot_col, status) VALUES ('bc335053-b39a-5a10-9563-de1d64793366', '7021e6fc-7585-5463-bbb7-de9bb8f4c37b', 'f-l2-p0:G7', 'STANDARD', 7, 7, 'free');
INSERT INTO parking_spots (id, parking_lot_id, spot_number, zone, spot_row, spot_col, status) VALUES ('1d0f0295-650f-5857-9dc2-7e456bd8e941', '7021e6fc-7585-5463-bbb7-de9bb8f4c37b', 'f-l2-p0:G8', 'STANDARD', 7, 8, 'free');
INSERT INTO parking_spots (id, parking_lot_id, spot_number, zone, spot_row, spot_col, status) VALUES ('e80fd6b4-0478-5eee-a7d7-cd15061cb2e4', '7021e6fc-7585-5463-bbb7-de9bb8f4c37b', 'f-l2-p0:G9', 'STANDARD', 7, 9, 'free');
INSERT INTO parking_spots (id, parking_lot_id, spot_number, zone, spot_row, spot_col, status) VALUES ('a28d2d84-0214-5c3e-ab0c-4548dd3a8579', '7021e6fc-7585-5463-bbb7-de9bb8f4c37b', 'f-l2-p0:G10', 'STANDARD', 7, 10, 'free');
INSERT INTO parking_spots (id, parking_lot_id, spot_number, zone, spot_row, spot_col, status) VALUES ('8abbeb59-ac81-599a-890c-c2265d43fea0', '7021e6fc-7585-5463-bbb7-de9bb8f4c37b', 'f-l2-p0:G11', 'STANDARD', 7, 11, 'free');
INSERT INTO parking_spots (id, parking_lot_id, spot_number, zone, spot_row, spot_col, status) VALUES ('41a89ce7-a32a-51c5-8855-6b297511850e', '7021e6fc-7585-5463-bbb7-de9bb8f4c37b', 'f-l2-p0:G12', 'STANDARD', 7, 12, 'free');
INSERT INTO parking_spots (id, parking_lot_id, spot_number, zone, spot_row, spot_col, status) VALUES ('be6b238e-c578-555b-bd81-babe822a7268', '7021e6fc-7585-5463-bbb7-de9bb8f4c37b', 'f-l2-p0:G13', 'STANDARD', 7, 13, 'free');
INSERT INTO parking_spots (id, parking_lot_id, spot_number, zone, spot_row, spot_col, status) VALUES ('caabd9ab-79bb-5b94-b573-4871fb4a482c', '7021e6fc-7585-5463-bbb7-de9bb8f4c37b', 'f-l2-p0:G14', 'STANDARD', 7, 14, 'free');
INSERT INTO parking_spots (id, parking_lot_id, spot_number, zone, spot_row, spot_col, status) VALUES ('4f668a97-180a-5d6b-8344-5329e02e4da5', '7021e6fc-7585-5463-bbb7-de9bb8f4c37b', 'f-l2-p0:G15', 'STANDARD', 7, 15, 'free');
INSERT INTO parking_spots (id, parking_lot_id, spot_number, zone, spot_row, spot_col, status) VALUES ('30f53477-384c-571b-ac2c-b26668ac4528', '7021e6fc-7585-5463-bbb7-de9bb8f4c37b', 'f-l2-p0:G16', 'STANDARD', 7, 16, 'free');
INSERT INTO parking_spots (id, parking_lot_id, spot_number, zone, spot_row, spot_col, status) VALUES ('d372866f-43f2-528a-a095-2b8876e95ac9', '7021e6fc-7585-5463-bbb7-de9bb8f4c37b', 'f-l2-p0:G17', 'STANDARD', 7, 17, 'free');
INSERT INTO parking_spots (id, parking_lot_id, spot_number, zone, spot_row, spot_col, status) VALUES ('40c0ab9a-37f2-5dda-876d-24b7c19b9d23', '7021e6fc-7585-5463-bbb7-de9bb8f4c37b', 'f-l2-p0:G18', 'STANDARD', 7, 18, 'free');
INSERT INTO parking_spots (id, parking_lot_id, spot_number, zone, spot_row, spot_col, status) VALUES ('426cef5d-daf1-5099-9f26-d37a96e2ebfd', '7021e6fc-7585-5463-bbb7-de9bb8f4c37b', 'f-l2-p0:G19', 'STANDARD', 7, 19, 'free');
INSERT INTO parking_spots (id, parking_lot_id, spot_number, zone, spot_row, spot_col, status) VALUES ('ebb14e61-b9d5-598a-ab5a-8547a3dfbc68', '7021e6fc-7585-5463-bbb7-de9bb8f4c37b', 'f-l2-p0:G20', 'STANDARD', 7, 20, 'free');
INSERT INTO parking_spots (id, parking_lot_id, spot_number, zone, spot_row, spot_col, status) VALUES ('7b13ebdc-e1bd-5608-b21e-55a359c3d9c1', '7021e6fc-7585-5463-bbb7-de9bb8f4c37b', 'f-l2-p0:H1', 'STANDARD', 8, 1, 'free');
INSERT INTO parking_spots (id, parking_lot_id, spot_number, zone, spot_row, spot_col, status) VALUES ('8c9e9d2c-60e5-5949-ba10-58275a5cedf3', '7021e6fc-7585-5463-bbb7-de9bb8f4c37b', 'f-l2-p0:H2', 'STANDARD', 8, 2, 'free');
INSERT INTO parking_spots (id, parking_lot_id, spot_number, zone, spot_row, spot_col, status) VALUES ('07fdc248-fea7-544e-aa91-195af347948e', '7021e6fc-7585-5463-bbb7-de9bb8f4c37b', 'f-l2-p0:H3', 'STANDARD', 8, 3, 'free');
INSERT INTO parking_spots (id, parking_lot_id, spot_number, zone, spot_row, spot_col, status) VALUES ('ba771082-1435-543f-85d8-d4bdf2405c25', '7021e6fc-7585-5463-bbb7-de9bb8f4c37b', 'f-l2-p0:H4', 'STANDARD', 8, 4, 'free');
INSERT INTO parking_spots (id, parking_lot_id, spot_number, zone, spot_row, spot_col, status) VALUES ('386cd123-a5c2-5b15-9b7d-95b81f5f1a44', '7021e6fc-7585-5463-bbb7-de9bb8f4c37b', 'f-l2-p0:H5', 'STANDARD', 8, 5, 'free');
INSERT INTO parking_spots (id, parking_lot_id, spot_number, zone, spot_row, spot_col, status) VALUES ('ec10c89d-d4f8-55f0-bd94-be8b1ada4e42', '7021e6fc-7585-5463-bbb7-de9bb8f4c37b', 'f-l2-p0:H6', 'STANDARD', 8, 6, 'free');
INSERT INTO parking_spots (id, parking_lot_id, spot_number, zone, spot_row, spot_col, status) VALUES ('8a58aa8a-fbe5-5640-a837-1a52b2a1e0d3', '7021e6fc-7585-5463-bbb7-de9bb8f4c37b', 'f-l2-p0:H7', 'STANDARD', 8, 7, 'free');
INSERT INTO parking_spots (id, parking_lot_id, spot_number, zone, spot_row, spot_col, status) VALUES ('23cd5593-a768-5c29-9a19-64f231ff943c', '7021e6fc-7585-5463-bbb7-de9bb8f4c37b', 'f-l2-p0:H8', 'STANDARD', 8, 8, 'free');
INSERT INTO parking_spots (id, parking_lot_id, spot_number, zone, spot_row, spot_col, status) VALUES ('0a31fd35-a238-517b-ab3d-21a7dd4486f4', '7021e6fc-7585-5463-bbb7-de9bb8f4c37b', 'f-l2-p0:H9', 'STANDARD', 8, 9, 'free');
INSERT INTO parking_spots (id, parking_lot_id, spot_number, zone, spot_row, spot_col, status) VALUES ('87340f85-85df-5a2f-93f2-7656661e5035', '7021e6fc-7585-5463-bbb7-de9bb8f4c37b', 'f-l2-p0:H10', 'STANDARD', 8, 10, 'free');
INSERT INTO parking_spots (id, parking_lot_id, spot_number, zone, spot_row, spot_col, status) VALUES ('5aa8878a-4ec4-51d0-9c37-efac6eda17ca', '7021e6fc-7585-5463-bbb7-de9bb8f4c37b', 'f-l2-p0:H11', 'STANDARD', 8, 11, 'free');
INSERT INTO parking_spots (id, parking_lot_id, spot_number, zone, spot_row, spot_col, status) VALUES ('90f0e611-d252-5201-ac45-60f50f378dd6', '7021e6fc-7585-5463-bbb7-de9bb8f4c37b', 'f-l2-p0:H12', 'STANDARD', 8, 12, 'free');
INSERT INTO parking_spots (id, parking_lot_id, spot_number, zone, spot_row, spot_col, status) VALUES ('3119cea4-a557-5061-a85d-468c7275f969', '7021e6fc-7585-5463-bbb7-de9bb8f4c37b', 'f-l2-p0:H13', 'STANDARD', 8, 13, 'free');
INSERT INTO parking_spots (id, parking_lot_id, spot_number, zone, spot_row, spot_col, status) VALUES ('ddec9d30-cc3b-5d95-9e78-f36d179f8135', '7021e6fc-7585-5463-bbb7-de9bb8f4c37b', 'f-l2-p0:H14', 'STANDARD', 8, 14, 'free');
INSERT INTO parking_spots (id, parking_lot_id, spot_number, zone, spot_row, spot_col, status) VALUES ('c144628e-ea69-5075-ad79-8bd1117b945b', '7021e6fc-7585-5463-bbb7-de9bb8f4c37b', 'f-l2-p0:H15', 'STANDARD', 8, 15, 'free');
INSERT INTO parking_spots (id, parking_lot_id, spot_number, zone, spot_row, spot_col, status) VALUES ('112ac0eb-0465-597c-9605-b988577b015d', '7021e6fc-7585-5463-bbb7-de9bb8f4c37b', 'f-l2-p0:H16', 'STANDARD', 8, 16, 'free');
INSERT INTO parking_spots (id, parking_lot_id, spot_number, zone, spot_row, spot_col, status) VALUES ('109963bf-d459-5742-87ea-ef723d15cd7f', '7021e6fc-7585-5463-bbb7-de9bb8f4c37b', 'f-l2-p0:H17', 'STANDARD', 8, 17, 'free');
INSERT INTO parking_spots (id, parking_lot_id, spot_number, zone, spot_row, spot_col, status) VALUES ('aed6f007-fb40-5ab8-9227-e7009110829d', '7021e6fc-7585-5463-bbb7-de9bb8f4c37b', 'f-l2-p0:H18', 'STANDARD', 8, 18, 'free');
INSERT INTO parking_spots (id, parking_lot_id, spot_number, zone, spot_row, spot_col, status) VALUES ('1c63c7e9-ddc0-563c-b1e8-4799b4e424da', '7021e6fc-7585-5463-bbb7-de9bb8f4c37b', 'f-l2-p0:H19', 'STANDARD', 8, 19, 'free');
INSERT INTO parking_spots (id, parking_lot_id, spot_number, zone, spot_row, spot_col, status) VALUES ('27e8da2e-3e09-5690-9f7d-d5b7b387b6c6', '7021e6fc-7585-5463-bbb7-de9bb8f4c37b', 'f-l2-p0:H20', 'STANDARD', 8, 20, 'free');
INSERT INTO parking_spots (id, parking_lot_id, spot_number, zone, spot_row, spot_col, status) VALUES ('24685403-7282-508d-96bb-08fbb47dff99', '7021e6fc-7585-5463-bbb7-de9bb8f4c37b', 'f-l2-p0:I1', 'STANDARD', 9, 1, 'free');
INSERT INTO parking_spots (id, parking_lot_id, spot_number, zone, spot_row, spot_col, status) VALUES ('83737b4c-db1a-595d-8fe0-b0f8ef085c32', '7021e6fc-7585-5463-bbb7-de9bb8f4c37b', 'f-l2-p0:I2', 'STANDARD', 9, 2, 'free');
INSERT INTO parking_spots (id, parking_lot_id, spot_number, zone, spot_row, spot_col, status) VALUES ('e4e06ee8-8f3d-5ff1-84a9-2ceb302b8b32', '7021e6fc-7585-5463-bbb7-de9bb8f4c37b', 'f-l2-p0:I3', 'STANDARD', 9, 3, 'free');
INSERT INTO parking_spots (id, parking_lot_id, spot_number, zone, spot_row, spot_col, status) VALUES ('6d1122de-f102-5c96-a01e-407d7eb6cf6b', '7021e6fc-7585-5463-bbb7-de9bb8f4c37b', 'f-l2-p0:I4', 'STANDARD', 9, 4, 'free');
INSERT INTO parking_spots (id, parking_lot_id, spot_number, zone, spot_row, spot_col, status) VALUES ('c410cd28-b486-54ed-a573-d9319cc4ad42', '7021e6fc-7585-5463-bbb7-de9bb8f4c37b', 'f-l2-p0:I5', 'STANDARD', 9, 5, 'free');
INSERT INTO parking_spots (id, parking_lot_id, spot_number, zone, spot_row, spot_col, status) VALUES ('2e9e5166-51b6-58dd-a499-e80238600bb5', '7021e6fc-7585-5463-bbb7-de9bb8f4c37b', 'f-l2-p0:I6', 'STANDARD', 9, 6, 'free');
INSERT INTO parking_spots (id, parking_lot_id, spot_number, zone, spot_row, spot_col, status) VALUES ('d33fe3c7-8504-5bf1-8371-5519e1c0ec9d', '7021e6fc-7585-5463-bbb7-de9bb8f4c37b', 'f-l2-p0:I7', 'STANDARD', 9, 7, 'free');
INSERT INTO parking_spots (id, parking_lot_id, spot_number, zone, spot_row, spot_col, status) VALUES ('b970044f-3f34-588c-b76d-fe1d4fe64dca', '7021e6fc-7585-5463-bbb7-de9bb8f4c37b', 'f-l2-p0:I8', 'STANDARD', 9, 8, 'free');
INSERT INTO parking_spots (id, parking_lot_id, spot_number, zone, spot_row, spot_col, status) VALUES ('f811f386-4ce3-5631-a122-e6cc05c09c2b', '7021e6fc-7585-5463-bbb7-de9bb8f4c37b', 'f-l2-p0:I9', 'STANDARD', 9, 9, 'free');
INSERT INTO parking_spots (id, parking_lot_id, spot_number, zone, spot_row, spot_col, status) VALUES ('95caffee-edd1-5e81-9479-55a28353f42d', '7021e6fc-7585-5463-bbb7-de9bb8f4c37b', 'f-l2-p0:I10', 'STANDARD', 9, 10, 'free');
INSERT INTO parking_spots (id, parking_lot_id, spot_number, zone, spot_row, spot_col, status) VALUES ('f51e487d-897c-5451-bed8-3399dae9a418', '7021e6fc-7585-5463-bbb7-de9bb8f4c37b', 'f-l2-p0:I11', 'STANDARD', 9, 11, 'free');
INSERT INTO parking_spots (id, parking_lot_id, spot_number, zone, spot_row, spot_col, status) VALUES ('bb901ce1-8f23-551b-b019-441eb9dd5276', '7021e6fc-7585-5463-bbb7-de9bb8f4c37b', 'f-l2-p0:I12', 'STANDARD', 9, 12, 'free');
INSERT INTO parking_spots (id, parking_lot_id, spot_number, zone, spot_row, spot_col, status) VALUES ('f1fa293d-6beb-5f03-bff8-9147182988ca', '7021e6fc-7585-5463-bbb7-de9bb8f4c37b', 'f-l2-p0:I13', 'STANDARD', 9, 13, 'free');
INSERT INTO parking_spots (id, parking_lot_id, spot_number, zone, spot_row, spot_col, status) VALUES ('0144df01-aa46-550c-8c13-e80b61e93222', '7021e6fc-7585-5463-bbb7-de9bb8f4c37b', 'f-l2-p0:I14', 'STANDARD', 9, 14, 'free');
INSERT INTO parking_spots (id, parking_lot_id, spot_number, zone, spot_row, spot_col, status) VALUES ('70445176-5d6d-501c-b401-2401667df0ac', '7021e6fc-7585-5463-bbb7-de9bb8f4c37b', 'f-l2-p0:I15', 'STANDARD', 9, 15, 'free');
INSERT INTO parking_spots (id, parking_lot_id, spot_number, zone, spot_row, spot_col, status) VALUES ('1eb4e04c-92e6-5136-a710-7ceb14ac54f1', '7021e6fc-7585-5463-bbb7-de9bb8f4c37b', 'f-l2-p0:I16', 'STANDARD', 9, 16, 'free');
INSERT INTO parking_spots (id, parking_lot_id, spot_number, zone, spot_row, spot_col, status) VALUES ('bffe2a68-abf8-5586-8ad2-29c34e6bc6e4', '7021e6fc-7585-5463-bbb7-de9bb8f4c37b', 'f-l2-p0:I17', 'STANDARD', 9, 17, 'free');
INSERT INTO parking_spots (id, parking_lot_id, spot_number, zone, spot_row, spot_col, status) VALUES ('8e0e16ad-9ea2-5ebc-b99b-1309dcbe7516', '7021e6fc-7585-5463-bbb7-de9bb8f4c37b', 'f-l2-p0:I18', 'STANDARD', 9, 18, 'free');
INSERT INTO parking_spots (id, parking_lot_id, spot_number, zone, spot_row, spot_col, status) VALUES ('6e0ae25f-6ece-5622-a4c8-17f24f7de2ab', '7021e6fc-7585-5463-bbb7-de9bb8f4c37b', 'f-l2-p0:I19', 'STANDARD', 9, 19, 'free');
INSERT INTO parking_spots (id, parking_lot_id, spot_number, zone, spot_row, spot_col, status) VALUES ('d306ee3e-93b7-5f02-8178-0a134a0fc34a', '7021e6fc-7585-5463-bbb7-de9bb8f4c37b', 'f-l2-p0:I20', 'STANDARD', 9, 20, 'free');
INSERT INTO parking_spots (id, parking_lot_id, spot_number, zone, spot_row, spot_col, status) VALUES ('096191de-920a-5386-a0d0-e54fb47be4e4', '7021e6fc-7585-5463-bbb7-de9bb8f4c37b', 'f-l2-p0:J1', 'STANDARD', 10, 1, 'free');
INSERT INTO parking_spots (id, parking_lot_id, spot_number, zone, spot_row, spot_col, status) VALUES ('280e1db0-c594-578f-960b-447d61630fb7', '7021e6fc-7585-5463-bbb7-de9bb8f4c37b', 'f-l2-p0:J2', 'STANDARD', 10, 2, 'free');
INSERT INTO parking_spots (id, parking_lot_id, spot_number, zone, spot_row, spot_col, status) VALUES ('2b80ea52-8f62-589e-b4e7-08ea11e74a93', '7021e6fc-7585-5463-bbb7-de9bb8f4c37b', 'f-l2-p0:J3', 'STANDARD', 10, 3, 'free');
INSERT INTO parking_spots (id, parking_lot_id, spot_number, zone, spot_row, spot_col, status) VALUES ('f3433b80-2f34-5bd4-a054-effb99d910fa', '7021e6fc-7585-5463-bbb7-de9bb8f4c37b', 'f-l2-p0:J4', 'STANDARD', 10, 4, 'free');
INSERT INTO parking_spots (id, parking_lot_id, spot_number, zone, spot_row, spot_col, status) VALUES ('a839e9d8-01b6-57ad-bfce-35323bf420de', '7021e6fc-7585-5463-bbb7-de9bb8f4c37b', 'f-l2-p0:J5', 'STANDARD', 10, 5, 'free');
INSERT INTO parking_spots (id, parking_lot_id, spot_number, zone, spot_row, spot_col, status) VALUES ('d73dedf8-3f8a-5d51-8b3a-09a5218a4f76', '7021e6fc-7585-5463-bbb7-de9bb8f4c37b', 'f-l2-p0:J6', 'STANDARD', 10, 6, 'free');
INSERT INTO parking_spots (id, parking_lot_id, spot_number, zone, spot_row, spot_col, status) VALUES ('31ddddbe-f826-58bf-8e2a-101a283b51ce', '7021e6fc-7585-5463-bbb7-de9bb8f4c37b', 'f-l2-p0:J7', 'STANDARD', 10, 7, 'free');
INSERT INTO parking_spots (id, parking_lot_id, spot_number, zone, spot_row, spot_col, status) VALUES ('1539b0bc-b278-53b0-b6d4-efcd1ca8f66c', '7021e6fc-7585-5463-bbb7-de9bb8f4c37b', 'f-l2-p0:J8', 'STANDARD', 10, 8, 'free');
INSERT INTO parking_spots (id, parking_lot_id, spot_number, zone, spot_row, spot_col, status) VALUES ('3daf4ff5-df6e-5cff-9294-2ea3bd705a8a', '7021e6fc-7585-5463-bbb7-de9bb8f4c37b', 'f-l2-p0:J9', 'STANDARD', 10, 9, 'free');
INSERT INTO parking_spots (id, parking_lot_id, spot_number, zone, spot_row, spot_col, status) VALUES ('1d467ee2-ce92-5a83-a85d-4d5da213bb7b', '7021e6fc-7585-5463-bbb7-de9bb8f4c37b', 'f-l2-p0:J10', 'STANDARD', 10, 10, 'free');
INSERT INTO parking_spots (id, parking_lot_id, spot_number, zone, spot_row, spot_col, status) VALUES ('2d60b576-49d4-56ee-a23e-e39c80948679', '7021e6fc-7585-5463-bbb7-de9bb8f4c37b', 'f-l2-p0:J11', 'STANDARD', 10, 11, 'free');
INSERT INTO parking_spots (id, parking_lot_id, spot_number, zone, spot_row, spot_col, status) VALUES ('7476c125-0354-5304-bf9b-06ea2c76945d', '7021e6fc-7585-5463-bbb7-de9bb8f4c37b', 'f-l2-p0:J12', 'STANDARD', 10, 12, 'free');
INSERT INTO parking_spots (id, parking_lot_id, spot_number, zone, spot_row, spot_col, status) VALUES ('04587eac-b8fd-57fa-85f4-76a9b6542fe3', '7021e6fc-7585-5463-bbb7-de9bb8f4c37b', 'f-l2-p0:J13', 'STANDARD', 10, 13, 'free');
INSERT INTO parking_spots (id, parking_lot_id, spot_number, zone, spot_row, spot_col, status) VALUES ('c03a7686-b860-5553-b544-114d4f3c2a9d', '7021e6fc-7585-5463-bbb7-de9bb8f4c37b', 'f-l2-p0:J14', 'STANDARD', 10, 14, 'free');
INSERT INTO parking_spots (id, parking_lot_id, spot_number, zone, spot_row, spot_col, status) VALUES ('8da762b3-42a2-5b3b-b765-4026c8f02b9f', '7021e6fc-7585-5463-bbb7-de9bb8f4c37b', 'f-l2-p0:J15', 'STANDARD', 10, 15, 'free');
INSERT INTO parking_spots (id, parking_lot_id, spot_number, zone, spot_row, spot_col, status) VALUES ('d77ab82d-c2b5-5cc5-b62e-a0c5209ab6cd', '7021e6fc-7585-5463-bbb7-de9bb8f4c37b', 'f-l2-p0:J16', 'STANDARD', 10, 16, 'free');
INSERT INTO parking_spots (id, parking_lot_id, spot_number, zone, spot_row, spot_col, status) VALUES ('9b088587-9d10-5ad4-803a-decf38eb08e2', '7021e6fc-7585-5463-bbb7-de9bb8f4c37b', 'f-l2-p0:J17', 'STANDARD', 10, 17, 'free');
INSERT INTO parking_spots (id, parking_lot_id, spot_number, zone, spot_row, spot_col, status) VALUES ('050b1bf6-4fa2-58e4-a204-3c56f5c62eed', '7021e6fc-7585-5463-bbb7-de9bb8f4c37b', 'f-l2-p0:J18', 'STANDARD', 10, 18, 'free');
INSERT INTO parking_spots (id, parking_lot_id, spot_number, zone, spot_row, spot_col, status) VALUES ('04ae62a7-64ba-5f23-b74c-8a672535b912', '7021e6fc-7585-5463-bbb7-de9bb8f4c37b', 'f-l2-p0:J19', 'STANDARD', 10, 19, 'free');
INSERT INTO parking_spots (id, parking_lot_id, spot_number, zone, spot_row, spot_col, status) VALUES ('0e6f8c6e-9959-57a3-a6c5-4b251b13b395', '7021e6fc-7585-5463-bbb7-de9bb8f4c37b', 'f-l2-p0:J20', 'STANDARD', 10, 20, 'free');
INSERT INTO parking_spots (id, parking_lot_id, spot_number, zone, spot_row, spot_col, status) VALUES ('80ef8a8a-72e4-5d8b-a25a-4fad1ac0c9c3', '7021e6fc-7585-5463-bbb7-de9bb8f4c37b', 'f-l2-p0:K1', 'STANDARD', 11, 1, 'free');
INSERT INTO parking_spots (id, parking_lot_id, spot_number, zone, spot_row, spot_col, status) VALUES ('d078302e-38f1-5ad6-9e8f-24b326e86a94', '7021e6fc-7585-5463-bbb7-de9bb8f4c37b', 'f-l2-p0:K2', 'STANDARD', 11, 2, 'free');
INSERT INTO parking_spots (id, parking_lot_id, spot_number, zone, spot_row, spot_col, status) VALUES ('26ebcaf1-9a05-5ab9-94ee-3ceb5b2481e9', '7021e6fc-7585-5463-bbb7-de9bb8f4c37b', 'f-l2-p0:K3', 'STANDARD', 11, 3, 'free');
INSERT INTO parking_spots (id, parking_lot_id, spot_number, zone, spot_row, spot_col, status) VALUES ('26ff7e79-8c25-541b-b0eb-2fada2791833', '7021e6fc-7585-5463-bbb7-de9bb8f4c37b', 'f-l2-p0:K4', 'STANDARD', 11, 4, 'free');
INSERT INTO parking_spots (id, parking_lot_id, spot_number, zone, spot_row, spot_col, status) VALUES ('ec4b20fe-3c6b-5335-87ba-c8bbce68f5aa', '7021e6fc-7585-5463-bbb7-de9bb8f4c37b', 'f-l2-p0:K5', 'STANDARD', 11, 5, 'free');
INSERT INTO parking_spots (id, parking_lot_id, spot_number, zone, spot_row, spot_col, status) VALUES ('3332af80-2ba1-528b-8e1d-bf2f1d571449', '7021e6fc-7585-5463-bbb7-de9bb8f4c37b', 'f-l2-p0:K6', 'STANDARD', 11, 6, 'free');
INSERT INTO parking_spots (id, parking_lot_id, spot_number, zone, spot_row, spot_col, status) VALUES ('8041b7c4-10ec-580e-8ad5-5592ef8197c7', '7021e6fc-7585-5463-bbb7-de9bb8f4c37b', 'f-l2-p0:K7', 'STANDARD', 11, 7, 'free');
INSERT INTO parking_spots (id, parking_lot_id, spot_number, zone, spot_row, spot_col, status) VALUES ('ad1afb8e-d218-51ee-8f25-6d6c20c635b5', '7021e6fc-7585-5463-bbb7-de9bb8f4c37b', 'f-l2-p0:K8', 'STANDARD', 11, 8, 'free');
INSERT INTO parking_spots (id, parking_lot_id, spot_number, zone, spot_row, spot_col, status) VALUES ('80c6d992-a28b-5126-86b1-111202b8c447', '7021e6fc-7585-5463-bbb7-de9bb8f4c37b', 'f-l2-p0:K9', 'STANDARD', 11, 9, 'free');
INSERT INTO parking_spots (id, parking_lot_id, spot_number, zone, spot_row, spot_col, status) VALUES ('46383630-be08-52a2-9b83-3b130b2cd16e', '7021e6fc-7585-5463-bbb7-de9bb8f4c37b', 'f-l2-p0:K10', 'STANDARD', 11, 10, 'free');
INSERT INTO parking_spots (id, parking_lot_id, spot_number, zone, spot_row, spot_col, status) VALUES ('c6a9a5de-0b9b-596c-8167-c0a0e20df6e7', '7021e6fc-7585-5463-bbb7-de9bb8f4c37b', 'f-l2-p0:K11', 'STANDARD', 11, 11, 'free');
INSERT INTO parking_spots (id, parking_lot_id, spot_number, zone, spot_row, spot_col, status) VALUES ('1dcc8afe-fa46-5aa9-a64a-7e4bcb03ea03', '7021e6fc-7585-5463-bbb7-de9bb8f4c37b', 'f-l2-p0:K12', 'STANDARD', 11, 12, 'free');
INSERT INTO parking_spots (id, parking_lot_id, spot_number, zone, spot_row, spot_col, status) VALUES ('858176f0-9512-544e-a546-7791ed5e5989', '7021e6fc-7585-5463-bbb7-de9bb8f4c37b', 'f-l2-p0:K13', 'STANDARD', 11, 13, 'free');
INSERT INTO parking_spots (id, parking_lot_id, spot_number, zone, spot_row, spot_col, status) VALUES ('3ff61c06-7ed7-5f36-a5e5-48142ced437c', '7021e6fc-7585-5463-bbb7-de9bb8f4c37b', 'f-l2-p0:K14', 'STANDARD', 11, 14, 'free');
INSERT INTO parking_spots (id, parking_lot_id, spot_number, zone, spot_row, spot_col, status) VALUES ('0324301e-9d4b-58cf-a520-4a5a47918640', '7021e6fc-7585-5463-bbb7-de9bb8f4c37b', 'f-l2-p0:K15', 'STANDARD', 11, 15, 'free');
INSERT INTO parking_spots (id, parking_lot_id, spot_number, zone, spot_row, spot_col, status) VALUES ('7e1dda39-336a-58a4-a519-33264ee31c96', '7021e6fc-7585-5463-bbb7-de9bb8f4c37b', 'f-l2-p0:K16', 'STANDARD', 11, 16, 'free');
INSERT INTO parking_spots (id, parking_lot_id, spot_number, zone, spot_row, spot_col, status) VALUES ('7031576f-1a28-5ee1-8ba6-3f7075d71050', '7021e6fc-7585-5463-bbb7-de9bb8f4c37b', 'f-l2-p0:K17', 'STANDARD', 11, 17, 'free');
INSERT INTO parking_spots (id, parking_lot_id, spot_number, zone, spot_row, spot_col, status) VALUES ('da64a28a-475a-54bd-b395-4c5c3ff0db0f', '7021e6fc-7585-5463-bbb7-de9bb8f4c37b', 'f-l2-p0:K18', 'STANDARD', 11, 18, 'free');
INSERT INTO parking_spots (id, parking_lot_id, spot_number, zone, spot_row, spot_col, status) VALUES ('35583f7c-6189-50c7-9398-ccf7241e6fd7', '7021e6fc-7585-5463-bbb7-de9bb8f4c37b', 'f-l2-p0:K19', 'STANDARD', 11, 19, 'free');
INSERT INTO parking_spots (id, parking_lot_id, spot_number, zone, spot_row, spot_col, status) VALUES ('3c73cd19-9785-5ed6-add1-7193dfa5d186', '7021e6fc-7585-5463-bbb7-de9bb8f4c37b', 'f-l2-p0:K20', 'STANDARD', 11, 20, 'free');
INSERT INTO parking_spots (id, parking_lot_id, spot_number, zone, spot_row, spot_col, status) VALUES ('7e60dcb1-8618-5cff-bcbb-00b212634031', '7021e6fc-7585-5463-bbb7-de9bb8f4c37b', 'f-l2-p0:L1', 'STANDARD', 12, 1, 'free');
INSERT INTO parking_spots (id, parking_lot_id, spot_number, zone, spot_row, spot_col, status) VALUES ('fb0bc1d8-4edd-535c-9222-743ce6b05523', '7021e6fc-7585-5463-bbb7-de9bb8f4c37b', 'f-l2-p0:L2', 'STANDARD', 12, 2, 'free');
INSERT INTO parking_spots (id, parking_lot_id, spot_number, zone, spot_row, spot_col, status) VALUES ('6a7d1d29-7993-58da-8976-ccb2d757e9b9', '7021e6fc-7585-5463-bbb7-de9bb8f4c37b', 'f-l2-p0:L3', 'STANDARD', 12, 3, 'free');
INSERT INTO parking_spots (id, parking_lot_id, spot_number, zone, spot_row, spot_col, status) VALUES ('00f9081f-87e3-554c-925b-c221b5c05ab7', '7021e6fc-7585-5463-bbb7-de9bb8f4c37b', 'f-l2-p0:L4', 'STANDARD', 12, 4, 'free');
INSERT INTO parking_spots (id, parking_lot_id, spot_number, zone, spot_row, spot_col, status) VALUES ('ba638e94-f85f-5f27-94dc-e687a2c0fd59', '7021e6fc-7585-5463-bbb7-de9bb8f4c37b', 'f-l2-p0:L5', 'STANDARD', 12, 5, 'free');
INSERT INTO parking_spots (id, parking_lot_id, spot_number, zone, spot_row, spot_col, status) VALUES ('ce7919f0-5264-5c12-b1b2-39136617a4e6', '7021e6fc-7585-5463-bbb7-de9bb8f4c37b', 'f-l2-p0:L6', 'STANDARD', 12, 6, 'free');
INSERT INTO parking_spots (id, parking_lot_id, spot_number, zone, spot_row, spot_col, status) VALUES ('8ae0a647-8c82-5146-a76b-9fb604bcc464', '7021e6fc-7585-5463-bbb7-de9bb8f4c37b', 'f-l2-p0:L7', 'STANDARD', 12, 7, 'free');
INSERT INTO parking_spots (id, parking_lot_id, spot_number, zone, spot_row, spot_col, status) VALUES ('05bde705-cfd7-58a2-9a6c-5a0ad3e691a0', '7021e6fc-7585-5463-bbb7-de9bb8f4c37b', 'f-l2-p0:L8', 'STANDARD', 12, 8, 'free');
INSERT INTO parking_spots (id, parking_lot_id, spot_number, zone, spot_row, spot_col, status) VALUES ('e22dcc14-15b4-5222-92c5-8e344c0a27a2', '7021e6fc-7585-5463-bbb7-de9bb8f4c37b', 'f-l2-p0:L9', 'STANDARD', 12, 9, 'free');
INSERT INTO parking_spots (id, parking_lot_id, spot_number, zone, spot_row, spot_col, status) VALUES ('2619df55-b5ba-5abe-8648-f3dbe5a29bd1', '7021e6fc-7585-5463-bbb7-de9bb8f4c37b', 'f-l2-p0:L10', 'STANDARD', 12, 10, 'free');
INSERT INTO parking_spots (id, parking_lot_id, spot_number, zone, spot_row, spot_col, status) VALUES ('c8e074c3-1e22-574f-97ec-d00b43d6e6a6', '7021e6fc-7585-5463-bbb7-de9bb8f4c37b', 'f-l2-p0:L11', 'STANDARD', 12, 11, 'free');
INSERT INTO parking_spots (id, parking_lot_id, spot_number, zone, spot_row, spot_col, status) VALUES ('108c9d42-9db2-5b38-80b8-1878acc4a3e0', '7021e6fc-7585-5463-bbb7-de9bb8f4c37b', 'f-l2-p0:L12', 'STANDARD', 12, 12, 'free');
INSERT INTO parking_spots (id, parking_lot_id, spot_number, zone, spot_row, spot_col, status) VALUES ('3525674d-f192-533a-a8bb-6d90fc0c2a20', '7021e6fc-7585-5463-bbb7-de9bb8f4c37b', 'f-l2-p0:L13', 'STANDARD', 12, 13, 'free');
INSERT INTO parking_spots (id, parking_lot_id, spot_number, zone, spot_row, spot_col, status) VALUES ('775deda7-585e-5efe-8562-029e5f9aa3b0', '7021e6fc-7585-5463-bbb7-de9bb8f4c37b', 'f-l2-p0:L14', 'STANDARD', 12, 14, 'free');
INSERT INTO parking_spots (id, parking_lot_id, spot_number, zone, spot_row, spot_col, status) VALUES ('f4dc8c8b-1173-5923-994a-c4e911599d9d', '7021e6fc-7585-5463-bbb7-de9bb8f4c37b', 'f-l2-p0:L15', 'STANDARD', 12, 15, 'free');
INSERT INTO parking_spots (id, parking_lot_id, spot_number, zone, spot_row, spot_col, status) VALUES ('455781e9-bbda-5e18-a766-e722eddc828c', '7021e6fc-7585-5463-bbb7-de9bb8f4c37b', 'f-l2-p0:L16', 'STANDARD', 12, 16, 'free');
INSERT INTO parking_spots (id, parking_lot_id, spot_number, zone, spot_row, spot_col, status) VALUES ('c8abaebd-71a2-5dd3-b6e2-72afe32f718a', '7021e6fc-7585-5463-bbb7-de9bb8f4c37b', 'f-l2-p0:L17', 'STANDARD', 12, 17, 'free');
INSERT INTO parking_spots (id, parking_lot_id, spot_number, zone, spot_row, spot_col, status) VALUES ('2d55d0d8-f158-51bc-b23d-5f5c1f4116ea', '7021e6fc-7585-5463-bbb7-de9bb8f4c37b', 'f-l2-p0:L18', 'STANDARD', 12, 18, 'free');
INSERT INTO parking_spots (id, parking_lot_id, spot_number, zone, spot_row, spot_col, status) VALUES ('bd5e5a8c-49eb-583e-94f6-2c52e351d575', '7021e6fc-7585-5463-bbb7-de9bb8f4c37b', 'f-l2-p0:L19', 'STANDARD', 12, 19, 'free');
INSERT INTO parking_spots (id, parking_lot_id, spot_number, zone, spot_row, spot_col, status) VALUES ('aef480c1-0ced-5f62-ba1a-c50486369fe8', '7021e6fc-7585-5463-bbb7-de9bb8f4c37b', 'f-l2-p0:L20', 'STANDARD', 12, 20, 'free');
INSERT INTO parking_spots (id, parking_lot_id, spot_number, zone, spot_row, spot_col, status) VALUES ('4f1db41a-8d36-5008-9b0c-5f10a0a79da3', '7021e6fc-7585-5463-bbb7-de9bb8f4c37b', 'f-l2-p0:M1', 'STANDARD', 13, 1, 'free');
INSERT INTO parking_spots (id, parking_lot_id, spot_number, zone, spot_row, spot_col, status) VALUES ('27226fc7-0d90-5dc6-accd-fe8b4e2f64cd', '7021e6fc-7585-5463-bbb7-de9bb8f4c37b', 'f-l2-p0:M2', 'STANDARD', 13, 2, 'free');
INSERT INTO parking_spots (id, parking_lot_id, spot_number, zone, spot_row, spot_col, status) VALUES ('e0885221-c1c3-526f-abf0-e5818bc0638b', '7021e6fc-7585-5463-bbb7-de9bb8f4c37b', 'f-l2-p0:M3', 'STANDARD', 13, 3, 'free');
INSERT INTO parking_spots (id, parking_lot_id, spot_number, zone, spot_row, spot_col, status) VALUES ('45fda1eb-2888-597c-b55a-f2c6bad28922', '7021e6fc-7585-5463-bbb7-de9bb8f4c37b', 'f-l2-p0:M4', 'STANDARD', 13, 4, 'free');
INSERT INTO parking_spots (id, parking_lot_id, spot_number, zone, spot_row, spot_col, status) VALUES ('f79955f2-9cef-5cfa-9b6b-1faf0704cae8', '7021e6fc-7585-5463-bbb7-de9bb8f4c37b', 'f-l2-p0:M5', 'STANDARD', 13, 5, 'free');
INSERT INTO parking_spots (id, parking_lot_id, spot_number, zone, spot_row, spot_col, status) VALUES ('2d060c86-7570-5a0d-85fe-a2421e632dc5', '7021e6fc-7585-5463-bbb7-de9bb8f4c37b', 'f-l2-p0:M6', 'STANDARD', 13, 6, 'free');
INSERT INTO parking_spots (id, parking_lot_id, spot_number, zone, spot_row, spot_col, status) VALUES ('235cba8b-2d84-54df-8173-bd1ff6cf858f', '7021e6fc-7585-5463-bbb7-de9bb8f4c37b', 'f-l2-p0:M7', 'STANDARD', 13, 7, 'free');
INSERT INTO parking_spots (id, parking_lot_id, spot_number, zone, spot_row, spot_col, status) VALUES ('d468c0a9-9973-50ba-b2a8-2782d37276f2', '7021e6fc-7585-5463-bbb7-de9bb8f4c37b', 'f-l2-p0:M8', 'STANDARD', 13, 8, 'free');
INSERT INTO parking_spots (id, parking_lot_id, spot_number, zone, spot_row, spot_col, status) VALUES ('4167c8fe-af5a-54c6-8899-40f307088272', '7021e6fc-7585-5463-bbb7-de9bb8f4c37b', 'f-l2-p0:M9', 'STANDARD', 13, 9, 'free');
INSERT INTO parking_spots (id, parking_lot_id, spot_number, zone, spot_row, spot_col, status) VALUES ('001d0659-f4e6-5cdc-b0df-1253c75a4950', '7021e6fc-7585-5463-bbb7-de9bb8f4c37b', 'f-l2-p0:M10', 'STANDARD', 13, 10, 'free');
INSERT INTO parking_spots (id, parking_lot_id, spot_number, zone, spot_row, spot_col, status) VALUES ('b06930eb-7fd5-5c97-ba19-35e4e7702a77', '7021e6fc-7585-5463-bbb7-de9bb8f4c37b', 'f-l2-p0:M11', 'STANDARD', 13, 11, 'free');
INSERT INTO parking_spots (id, parking_lot_id, spot_number, zone, spot_row, spot_col, status) VALUES ('90be628f-9fdb-5145-839e-d0d71fbb8937', '7021e6fc-7585-5463-bbb7-de9bb8f4c37b', 'f-l2-p0:M12', 'STANDARD', 13, 12, 'free');
INSERT INTO parking_spots (id, parking_lot_id, spot_number, zone, spot_row, spot_col, status) VALUES ('55568f19-9a90-5fe9-af9b-1ba646a052d9', '7021e6fc-7585-5463-bbb7-de9bb8f4c37b', 'f-l2-p0:M13', 'STANDARD', 13, 13, 'free');
INSERT INTO parking_spots (id, parking_lot_id, spot_number, zone, spot_row, spot_col, status) VALUES ('f7296af7-8c6f-584a-8f42-3b3069153063', '7021e6fc-7585-5463-bbb7-de9bb8f4c37b', 'f-l2-p0:M14', 'STANDARD', 13, 14, 'free');
INSERT INTO parking_spots (id, parking_lot_id, spot_number, zone, spot_row, spot_col, status) VALUES ('7a65b51f-f41b-5a32-b1b5-ca2766caf925', '7021e6fc-7585-5463-bbb7-de9bb8f4c37b', 'f-l2-p0:M15', 'STANDARD', 13, 15, 'free');
INSERT INTO parking_spots (id, parking_lot_id, spot_number, zone, spot_row, spot_col, status) VALUES ('ff67f122-447e-5fd6-bb64-7767c7f58e82', '7021e6fc-7585-5463-bbb7-de9bb8f4c37b', 'f-l2-p0:M16', 'STANDARD', 13, 16, 'free');
INSERT INTO parking_spots (id, parking_lot_id, spot_number, zone, spot_row, spot_col, status) VALUES ('e804a5e4-8c6e-533c-abb7-8bfd3f08547d', '7021e6fc-7585-5463-bbb7-de9bb8f4c37b', 'f-l2-p0:M17', 'STANDARD', 13, 17, 'free');
INSERT INTO parking_spots (id, parking_lot_id, spot_number, zone, spot_row, spot_col, status) VALUES ('bc2dab24-ec79-56a5-a82a-c907c33c1e5b', '7021e6fc-7585-5463-bbb7-de9bb8f4c37b', 'f-l2-p0:M18', 'STANDARD', 13, 18, 'free');
INSERT INTO parking_spots (id, parking_lot_id, spot_number, zone, spot_row, spot_col, status) VALUES ('9a68df88-9aec-5133-8bf0-db42cad95a38', '7021e6fc-7585-5463-bbb7-de9bb8f4c37b', 'f-l2-p0:M19', 'STANDARD', 13, 19, 'free');
INSERT INTO parking_spots (id, parking_lot_id, spot_number, zone, spot_row, spot_col, status) VALUES ('4beaae82-6be4-5c3b-a726-f0c458cabe5d', '7021e6fc-7585-5463-bbb7-de9bb8f4c37b', 'f-l2-p0:M20', 'STANDARD', 13, 20, 'free');
INSERT INTO parking_spots (id, parking_lot_id, spot_number, zone, spot_row, spot_col, status) VALUES ('f7d8cd22-89fb-5d6a-9e96-871b14638eaf', '7021e6fc-7585-5463-bbb7-de9bb8f4c37b', 'f-l2-p0:N1', 'STANDARD', 14, 1, 'free');
INSERT INTO parking_spots (id, parking_lot_id, spot_number, zone, spot_row, spot_col, status) VALUES ('4d9a2352-bfe0-59aa-863f-f59b3f7c1200', '7021e6fc-7585-5463-bbb7-de9bb8f4c37b', 'f-l2-p0:N2', 'STANDARD', 14, 2, 'free');
INSERT INTO parking_spots (id, parking_lot_id, spot_number, zone, spot_row, spot_col, status) VALUES ('0ef8b7e8-cf3b-5f6e-a5f6-e1358a735981', '7021e6fc-7585-5463-bbb7-de9bb8f4c37b', 'f-l2-p0:N3', 'STANDARD', 14, 3, 'free');
INSERT INTO parking_spots (id, parking_lot_id, spot_number, zone, spot_row, spot_col, status) VALUES ('e8d00a00-1126-50f3-8a3d-921d81046171', '7021e6fc-7585-5463-bbb7-de9bb8f4c37b', 'f-l2-p0:N4', 'STANDARD', 14, 4, 'free');
INSERT INTO parking_spots (id, parking_lot_id, spot_number, zone, spot_row, spot_col, status) VALUES ('c66615ca-7f99-5c33-a787-f67f393fd1b2', '7021e6fc-7585-5463-bbb7-de9bb8f4c37b', 'f-l2-p0:N5', 'STANDARD', 14, 5, 'free');
INSERT INTO parking_spots (id, parking_lot_id, spot_number, zone, spot_row, spot_col, status) VALUES ('105ac41f-6cf3-5daf-8319-2a335859c144', '7021e6fc-7585-5463-bbb7-de9bb8f4c37b', 'f-l2-p0:N6', 'STANDARD', 14, 6, 'free');
INSERT INTO parking_spots (id, parking_lot_id, spot_number, zone, spot_row, spot_col, status) VALUES ('ac36b79a-21ce-55aa-91ee-45bbcf1dba01', '7021e6fc-7585-5463-bbb7-de9bb8f4c37b', 'f-l2-p0:N7', 'STANDARD', 14, 7, 'free');
INSERT INTO parking_spots (id, parking_lot_id, spot_number, zone, spot_row, spot_col, status) VALUES ('ab62a5d1-ed6e-5f5d-b601-6c76930e3300', '7021e6fc-7585-5463-bbb7-de9bb8f4c37b', 'f-l2-p0:N8', 'STANDARD', 14, 8, 'free');
INSERT INTO parking_spots (id, parking_lot_id, spot_number, zone, spot_row, spot_col, status) VALUES ('9aec7aae-c4fd-5b93-bc2b-f7470a4c1d23', '7021e6fc-7585-5463-bbb7-de9bb8f4c37b', 'f-l2-p0:N9', 'STANDARD', 14, 9, 'free');
INSERT INTO parking_spots (id, parking_lot_id, spot_number, zone, spot_row, spot_col, status) VALUES ('e36556bc-22aa-5e87-86c1-090baba2caf8', '7021e6fc-7585-5463-bbb7-de9bb8f4c37b', 'f-l2-p0:N10', 'STANDARD', 14, 10, 'free');
INSERT INTO parking_spots (id, parking_lot_id, spot_number, zone, spot_row, spot_col, status) VALUES ('adad063a-f8b3-549f-b5cc-cabd14d2cea9', '7021e6fc-7585-5463-bbb7-de9bb8f4c37b', 'f-l2-p0:N11', 'STANDARD', 14, 11, 'free');
INSERT INTO parking_spots (id, parking_lot_id, spot_number, zone, spot_row, spot_col, status) VALUES ('c1cd7734-23ca-5a49-8a5b-33f1e9d4d9c8', '7021e6fc-7585-5463-bbb7-de9bb8f4c37b', 'f-l2-p0:N12', 'STANDARD', 14, 12, 'free');
INSERT INTO parking_spots (id, parking_lot_id, spot_number, zone, spot_row, spot_col, status) VALUES ('62f8e032-ad8b-59ed-a55a-bda4822d7c4b', '7021e6fc-7585-5463-bbb7-de9bb8f4c37b', 'f-l2-p0:N13', 'STANDARD', 14, 13, 'free');
INSERT INTO parking_spots (id, parking_lot_id, spot_number, zone, spot_row, spot_col, status) VALUES ('dc32addb-5807-58e4-8f1b-80e7bca02225', '7021e6fc-7585-5463-bbb7-de9bb8f4c37b', 'f-l2-p0:N14', 'STANDARD', 14, 14, 'free');
INSERT INTO parking_spots (id, parking_lot_id, spot_number, zone, spot_row, spot_col, status) VALUES ('0be2aab8-bb1e-5d6f-8dd7-b079b03c4955', '7021e6fc-7585-5463-bbb7-de9bb8f4c37b', 'f-l2-p0:N15', 'STANDARD', 14, 15, 'free');
INSERT INTO parking_spots (id, parking_lot_id, spot_number, zone, spot_row, spot_col, status) VALUES ('a760e34d-114e-597d-8c8b-5395cfea15ad', '7021e6fc-7585-5463-bbb7-de9bb8f4c37b', 'f-l2-p0:N16', 'STANDARD', 14, 16, 'free');
INSERT INTO parking_spots (id, parking_lot_id, spot_number, zone, spot_row, spot_col, status) VALUES ('b32efdb4-4a87-5a87-ad2b-e26f3a8d27fd', '7021e6fc-7585-5463-bbb7-de9bb8f4c37b', 'f-l2-p0:N17', 'STANDARD', 14, 17, 'free');
INSERT INTO parking_spots (id, parking_lot_id, spot_number, zone, spot_row, spot_col, status) VALUES ('1a2c0797-7fae-5594-b5ad-d0047b290bc4', '7021e6fc-7585-5463-bbb7-de9bb8f4c37b', 'f-l2-p0:N18', 'STANDARD', 14, 18, 'free');
INSERT INTO parking_spots (id, parking_lot_id, spot_number, zone, spot_row, spot_col, status) VALUES ('69326a65-c07c-5fb8-b13f-96c995674d36', '7021e6fc-7585-5463-bbb7-de9bb8f4c37b', 'f-l2-p0:N19', 'STANDARD', 14, 19, 'free');
INSERT INTO parking_spots (id, parking_lot_id, spot_number, zone, spot_row, spot_col, status) VALUES ('6f71eaae-366d-5d4d-a31f-a7cd078c54e1', '7021e6fc-7585-5463-bbb7-de9bb8f4c37b', 'f-l2-p0:N20', 'STANDARD', 14, 20, 'free');
INSERT INTO parking_spots (id, parking_lot_id, spot_number, zone, spot_row, spot_col, status) VALUES ('96327c8b-e048-5b5b-aad1-0f4024c46fd4', '7021e6fc-7585-5463-bbb7-de9bb8f4c37b', 'f-l2-p0:O1', 'STANDARD', 15, 1, 'free');
INSERT INTO parking_spots (id, parking_lot_id, spot_number, zone, spot_row, spot_col, status) VALUES ('7017d6dc-99e1-5d84-92a1-1e2b22c8c6f7', '7021e6fc-7585-5463-bbb7-de9bb8f4c37b', 'f-l2-p0:O2', 'STANDARD', 15, 2, 'free');
INSERT INTO parking_spots (id, parking_lot_id, spot_number, zone, spot_row, spot_col, status) VALUES ('5754565d-9369-5119-b0f8-8e4cb9c39f51', '7021e6fc-7585-5463-bbb7-de9bb8f4c37b', 'f-l2-p0:O3', 'STANDARD', 15, 3, 'free');
INSERT INTO parking_spots (id, parking_lot_id, spot_number, zone, spot_row, spot_col, status) VALUES ('060ac41c-9bd4-596b-a8ff-dea4b9533844', '7021e6fc-7585-5463-bbb7-de9bb8f4c37b', 'f-l2-p0:O4', 'STANDARD', 15, 4, 'free');
INSERT INTO parking_spots (id, parking_lot_id, spot_number, zone, spot_row, spot_col, status) VALUES ('41b46b52-11d4-522b-b9e4-74cd6ebd864b', '7021e6fc-7585-5463-bbb7-de9bb8f4c37b', 'f-l2-p0:O5', 'STANDARD', 15, 5, 'free');
INSERT INTO parking_spots (id, parking_lot_id, spot_number, zone, spot_row, spot_col, status) VALUES ('83f5d8a1-e478-53a9-8001-38f48b16ec1c', '7021e6fc-7585-5463-bbb7-de9bb8f4c37b', 'f-l2-p0:O6', 'STANDARD', 15, 6, 'free');
INSERT INTO parking_spots (id, parking_lot_id, spot_number, zone, spot_row, spot_col, status) VALUES ('9861d6cf-b63b-5e45-8211-e20ba6843412', '7021e6fc-7585-5463-bbb7-de9bb8f4c37b', 'f-l2-p0:O7', 'STANDARD', 15, 7, 'free');
INSERT INTO parking_spots (id, parking_lot_id, spot_number, zone, spot_row, spot_col, status) VALUES ('3a5923f5-93c0-502b-b128-71af882aaada', '7021e6fc-7585-5463-bbb7-de9bb8f4c37b', 'f-l2-p0:O8', 'STANDARD', 15, 8, 'free');
INSERT INTO parking_spots (id, parking_lot_id, spot_number, zone, spot_row, spot_col, status) VALUES ('44937366-e6af-5ab7-928b-ef35ba7716e9', '7021e6fc-7585-5463-bbb7-de9bb8f4c37b', 'f-l2-p0:O9', 'STANDARD', 15, 9, 'free');
INSERT INTO parking_spots (id, parking_lot_id, spot_number, zone, spot_row, spot_col, status) VALUES ('08a7beaf-e422-5fab-b9f3-b480c41ddefd', '7021e6fc-7585-5463-bbb7-de9bb8f4c37b', 'f-l2-p0:O10', 'STANDARD', 15, 10, 'free');
INSERT INTO parking_spots (id, parking_lot_id, spot_number, zone, spot_row, spot_col, status) VALUES ('fa492c4c-4e80-592b-9876-71a5fdaba71e', '7021e6fc-7585-5463-bbb7-de9bb8f4c37b', 'f-l2-p0:O11', 'EV', 15, 11, 'ev');
INSERT INTO parking_spots (id, parking_lot_id, spot_number, zone, spot_row, spot_col, status) VALUES ('e79a0056-77f9-526f-842f-3655fcc740e8', '7021e6fc-7585-5463-bbb7-de9bb8f4c37b', 'f-l2-p0:O12', 'STANDARD', 15, 12, 'free');
INSERT INTO parking_spots (id, parking_lot_id, spot_number, zone, spot_row, spot_col, status) VALUES ('d90575bd-acaf-5035-b39b-6c2f3f470f75', '7021e6fc-7585-5463-bbb7-de9bb8f4c37b', 'f-l2-p0:O13', 'STANDARD', 15, 13, 'free');
INSERT INTO parking_spots (id, parking_lot_id, spot_number, zone, spot_row, spot_col, status) VALUES ('a4bea6e7-f59d-5ea1-b873-a775d80d8417', '7021e6fc-7585-5463-bbb7-de9bb8f4c37b', 'f-l2-p0:O14', 'STANDARD', 15, 14, 'free');
INSERT INTO parking_spots (id, parking_lot_id, spot_number, zone, spot_row, spot_col, status) VALUES ('a471b3e7-fdc5-5b96-81ce-493395f023b9', '7021e6fc-7585-5463-bbb7-de9bb8f4c37b', 'f-l2-p0:O15', 'STANDARD', 15, 15, 'free');
INSERT INTO parking_spots (id, parking_lot_id, spot_number, zone, spot_row, spot_col, status) VALUES ('3aba2799-223d-5727-a20e-7e9b3a9a3140', '7021e6fc-7585-5463-bbb7-de9bb8f4c37b', 'f-l2-p0:O16', 'STANDARD', 15, 16, 'free');
INSERT INTO parking_spots (id, parking_lot_id, spot_number, zone, spot_row, spot_col, status) VALUES ('9c10a1b7-9782-59be-9c18-41bb819f9e64', '7021e6fc-7585-5463-bbb7-de9bb8f4c37b', 'f-l2-p0:O17', 'STANDARD', 15, 17, 'free');
INSERT INTO parking_spots (id, parking_lot_id, spot_number, zone, spot_row, spot_col, status) VALUES ('4aa07d2e-65f0-5071-aa01-bdea62ad36e8', '7021e6fc-7585-5463-bbb7-de9bb8f4c37b', 'f-l2-p0:O18', 'STANDARD', 15, 18, 'free');
INSERT INTO parking_spots (id, parking_lot_id, spot_number, zone, spot_row, spot_col, status) VALUES ('1b90f26a-0004-5105-b444-f914fc4ca999', '7021e6fc-7585-5463-bbb7-de9bb8f4c37b', 'f-l2-p0:O19', 'STANDARD', 15, 19, 'free');
INSERT INTO parking_spots (id, parking_lot_id, spot_number, zone, spot_row, spot_col, status) VALUES ('ba160600-f03b-5d61-9925-5c41b2986e4e', '7021e6fc-7585-5463-bbb7-de9bb8f4c37b', 'f-l2-p0:O20', 'STANDARD', 15, 20, 'free');
INSERT INTO parking_spots (id, parking_lot_id, spot_number, zone, spot_row, spot_col, status) VALUES ('9fb5f4f3-6b0d-5c30-bc3e-226c7c957d00', '7021e6fc-7585-5463-bbb7-de9bb8f4c37b', 'f-l2-p-1:A1', 'STANDARD', 1, 1, 'free');
INSERT INTO parking_spots (id, parking_lot_id, spot_number, zone, spot_row, spot_col, status) VALUES ('e1e55707-93e9-570a-8143-391f5f74c41d', '7021e6fc-7585-5463-bbb7-de9bb8f4c37b', 'f-l2-p-1:A2', 'STANDARD', 1, 2, 'free');
INSERT INTO parking_spots (id, parking_lot_id, spot_number, zone, spot_row, spot_col, status) VALUES ('b52c31d1-6726-5304-822d-1737f955160c', '7021e6fc-7585-5463-bbb7-de9bb8f4c37b', 'f-l2-p-1:A3', 'STANDARD', 1, 3, 'free');
INSERT INTO parking_spots (id, parking_lot_id, spot_number, zone, spot_row, spot_col, status) VALUES ('56e929db-0472-5852-82d0-49330e17adf4', '7021e6fc-7585-5463-bbb7-de9bb8f4c37b', 'f-l2-p-1:A4', 'STANDARD', 1, 4, 'free');
INSERT INTO parking_spots (id, parking_lot_id, spot_number, zone, spot_row, spot_col, status) VALUES ('3af5d571-cd61-5f52-a55b-884605323e7c', '7021e6fc-7585-5463-bbb7-de9bb8f4c37b', 'f-l2-p-1:A5', 'STANDARD', 1, 5, 'free');
INSERT INTO parking_spots (id, parking_lot_id, spot_number, zone, spot_row, spot_col, status) VALUES ('0f86c5a9-ee2a-5a8b-bb41-3fb2f7d2a35b', '7021e6fc-7585-5463-bbb7-de9bb8f4c37b', 'f-l2-p-1:A6', 'STANDARD', 1, 6, 'free');
INSERT INTO parking_spots (id, parking_lot_id, spot_number, zone, spot_row, spot_col, status) VALUES ('89595ca8-82c5-55ed-ac01-9b0e929f87f0', '7021e6fc-7585-5463-bbb7-de9bb8f4c37b', 'f-l2-p-1:A7', 'STANDARD', 1, 7, 'free');
INSERT INTO parking_spots (id, parking_lot_id, spot_number, zone, spot_row, spot_col, status) VALUES ('37371750-a093-5c11-b2ab-951c51603379', '7021e6fc-7585-5463-bbb7-de9bb8f4c37b', 'f-l2-p-1:A8', 'STANDARD', 1, 8, 'free');
INSERT INTO parking_spots (id, parking_lot_id, spot_number, zone, spot_row, spot_col, status) VALUES ('0fee2dec-c14e-5cc9-a410-ad24a5ef4312', '7021e6fc-7585-5463-bbb7-de9bb8f4c37b', 'f-l2-p-1:A9', 'STANDARD', 1, 9, 'free');
INSERT INTO parking_spots (id, parking_lot_id, spot_number, zone, spot_row, spot_col, status) VALUES ('4e92142e-9a4e-50d4-a38a-1c7caa33b71e', '7021e6fc-7585-5463-bbb7-de9bb8f4c37b', 'f-l2-p-1:A10', 'STANDARD', 1, 10, 'free');
INSERT INTO parking_spots (id, parking_lot_id, spot_number, zone, spot_row, spot_col, status) VALUES ('dcf7e61a-2b1c-5e74-a5b0-970c29b4ceb0', '7021e6fc-7585-5463-bbb7-de9bb8f4c37b', 'f-l2-p-1:A11', 'STANDARD', 1, 11, 'occupied');
INSERT INTO parking_spots (id, parking_lot_id, spot_number, zone, spot_row, spot_col, status) VALUES ('79361687-e13c-5fa9-a93d-e2b741a206a9', '7021e6fc-7585-5463-bbb7-de9bb8f4c37b', 'f-l2-p-1:A12', 'STANDARD', 1, 12, 'free');
INSERT INTO parking_spots (id, parking_lot_id, spot_number, zone, spot_row, spot_col, status) VALUES ('b619a1e2-1acd-5d23-b67b-706e74ee0c0c', '7021e6fc-7585-5463-bbb7-de9bb8f4c37b', 'f-l2-p-1:A13', 'STANDARD', 1, 13, 'free');
INSERT INTO parking_spots (id, parking_lot_id, spot_number, zone, spot_row, spot_col, status) VALUES ('a97885be-6515-54b9-a1e3-d6c305f33bd2', '7021e6fc-7585-5463-bbb7-de9bb8f4c37b', 'f-l2-p-1:A14', 'STANDARD', 1, 14, 'free');
INSERT INTO parking_spots (id, parking_lot_id, spot_number, zone, spot_row, spot_col, status) VALUES ('802fe961-4603-584f-ac0f-ceb204ecabd5', '7021e6fc-7585-5463-bbb7-de9bb8f4c37b', 'f-l2-p-1:A15', 'STANDARD', 1, 15, 'free');
INSERT INTO parking_spots (id, parking_lot_id, spot_number, zone, spot_row, spot_col, status) VALUES ('6cdb833a-979f-5fc6-acd8-9cf467d20f7a', '7021e6fc-7585-5463-bbb7-de9bb8f4c37b', 'f-l2-p-1:A16', 'STANDARD', 1, 16, 'free');
INSERT INTO parking_spots (id, parking_lot_id, spot_number, zone, spot_row, spot_col, status) VALUES ('fd908858-6c60-54ab-a927-b057515cdeda', '7021e6fc-7585-5463-bbb7-de9bb8f4c37b', 'f-l2-p-1:A17', 'STANDARD', 1, 17, 'free');
INSERT INTO parking_spots (id, parking_lot_id, spot_number, zone, spot_row, spot_col, status) VALUES ('e8ec06d5-319e-5e6c-9ac3-10d980040719', '7021e6fc-7585-5463-bbb7-de9bb8f4c37b', 'f-l2-p-1:A18', 'STANDARD', 1, 18, 'free');
INSERT INTO parking_spots (id, parking_lot_id, spot_number, zone, spot_row, spot_col, status) VALUES ('41419027-9732-508a-9cf3-d5750d717b2f', '7021e6fc-7585-5463-bbb7-de9bb8f4c37b', 'f-l2-p-1:A19', 'STANDARD', 1, 19, 'free');
INSERT INTO parking_spots (id, parking_lot_id, spot_number, zone, spot_row, spot_col, status) VALUES ('de91e796-dbc5-5366-b1cd-d00165ee9f1d', '7021e6fc-7585-5463-bbb7-de9bb8f4c37b', 'f-l2-p-1:A20', 'STANDARD', 1, 20, 'free');
INSERT INTO parking_spots (id, parking_lot_id, spot_number, zone, spot_row, spot_col, status) VALUES ('90ff411b-9275-5b7b-88c4-c780326530ef', '7021e6fc-7585-5463-bbb7-de9bb8f4c37b', 'f-l2-p-1:B1', 'STANDARD', 2, 1, 'occupied');
INSERT INTO parking_spots (id, parking_lot_id, spot_number, zone, spot_row, spot_col, status) VALUES ('d332a344-287c-5524-bb4b-9adea9b4976b', '7021e6fc-7585-5463-bbb7-de9bb8f4c37b', 'f-l2-p-1:B2', 'STANDARD', 2, 2, 'free');
INSERT INTO parking_spots (id, parking_lot_id, spot_number, zone, spot_row, spot_col, status) VALUES ('6aea4a60-d9d9-5f90-9122-ae636e2d20b3', '7021e6fc-7585-5463-bbb7-de9bb8f4c37b', 'f-l2-p-1:B3', 'STANDARD', 2, 3, 'free');
INSERT INTO parking_spots (id, parking_lot_id, spot_number, zone, spot_row, spot_col, status) VALUES ('b54bb7a7-3a08-50db-853a-fc4ecc6822c3', '7021e6fc-7585-5463-bbb7-de9bb8f4c37b', 'f-l2-p-1:B4', 'STANDARD', 2, 4, 'free');
INSERT INTO parking_spots (id, parking_lot_id, spot_number, zone, spot_row, spot_col, status) VALUES ('0c949557-1029-5e4f-89f8-5ca04f996929', '7021e6fc-7585-5463-bbb7-de9bb8f4c37b', 'f-l2-p-1:B5', 'STANDARD', 2, 5, 'free');
INSERT INTO parking_spots (id, parking_lot_id, spot_number, zone, spot_row, spot_col, status) VALUES ('9a5bf2a0-6128-5e66-aefc-823feaaaa7f9', '7021e6fc-7585-5463-bbb7-de9bb8f4c37b', 'f-l2-p-1:B6', 'STANDARD', 2, 6, 'free');
INSERT INTO parking_spots (id, parking_lot_id, spot_number, zone, spot_row, spot_col, status) VALUES ('727ea4c7-07da-5c49-97e5-05737ca797ce', '7021e6fc-7585-5463-bbb7-de9bb8f4c37b', 'f-l2-p-1:B7', 'STANDARD', 2, 7, 'free');
INSERT INTO parking_spots (id, parking_lot_id, spot_number, zone, spot_row, spot_col, status) VALUES ('043343c4-419f-51b0-aa85-a38e19f2e4b6', '7021e6fc-7585-5463-bbb7-de9bb8f4c37b', 'f-l2-p-1:B8', 'STANDARD', 2, 8, 'free');
INSERT INTO parking_spots (id, parking_lot_id, spot_number, zone, spot_row, spot_col, status) VALUES ('ba0f654a-9288-5ef3-af26-897fd95d4b3d', '7021e6fc-7585-5463-bbb7-de9bb8f4c37b', 'f-l2-p-1:B9', 'STANDARD', 2, 9, 'free');
INSERT INTO parking_spots (id, parking_lot_id, spot_number, zone, spot_row, spot_col, status) VALUES ('cc362d0c-b9b0-527d-af22-738db34be706', '7021e6fc-7585-5463-bbb7-de9bb8f4c37b', 'f-l2-p-1:B10', 'STANDARD', 2, 10, 'free');
INSERT INTO parking_spots (id, parking_lot_id, spot_number, zone, spot_row, spot_col, status) VALUES ('8313ac06-f8d2-52e0-87db-076308ab2a8b', '7021e6fc-7585-5463-bbb7-de9bb8f4c37b', 'f-l2-p-1:B11', 'STANDARD', 2, 11, 'occupied');
INSERT INTO parking_spots (id, parking_lot_id, spot_number, zone, spot_row, spot_col, status) VALUES ('c789f52b-e079-58d3-9b27-506bd15b8b00', '7021e6fc-7585-5463-bbb7-de9bb8f4c37b', 'f-l2-p-1:B12', 'STANDARD', 2, 12, 'free');
INSERT INTO parking_spots (id, parking_lot_id, spot_number, zone, spot_row, spot_col, status) VALUES ('552eb6f3-e6cc-520b-b8a4-7e81a1dc59de', '7021e6fc-7585-5463-bbb7-de9bb8f4c37b', 'f-l2-p-1:B13', 'STANDARD', 2, 13, 'free');
INSERT INTO parking_spots (id, parking_lot_id, spot_number, zone, spot_row, spot_col, status) VALUES ('71d11ad9-3638-5509-9f23-e309ebd54e6b', '7021e6fc-7585-5463-bbb7-de9bb8f4c37b', 'f-l2-p-1:B14', 'STANDARD', 2, 14, 'free');
INSERT INTO parking_spots (id, parking_lot_id, spot_number, zone, spot_row, spot_col, status) VALUES ('a9750fad-c06e-537d-98f0-11153fb40ea1', '7021e6fc-7585-5463-bbb7-de9bb8f4c37b', 'f-l2-p-1:B15', 'STANDARD', 2, 15, 'free');
INSERT INTO parking_spots (id, parking_lot_id, spot_number, zone, spot_row, spot_col, status) VALUES ('debfabf2-45ef-5618-9ab9-ed9fbeea31bd', '7021e6fc-7585-5463-bbb7-de9bb8f4c37b', 'f-l2-p-1:B16', 'STANDARD', 2, 16, 'free');
INSERT INTO parking_spots (id, parking_lot_id, spot_number, zone, spot_row, spot_col, status) VALUES ('ccee694c-d7ea-599d-a044-003423a364f0', '7021e6fc-7585-5463-bbb7-de9bb8f4c37b', 'f-l2-p-1:B17', 'STANDARD', 2, 17, 'free');
INSERT INTO parking_spots (id, parking_lot_id, spot_number, zone, spot_row, spot_col, status) VALUES ('edbb5b8d-3d66-556e-92e2-97010ca54e9b', '7021e6fc-7585-5463-bbb7-de9bb8f4c37b', 'f-l2-p-1:B18', 'STANDARD', 2, 18, 'free');
INSERT INTO parking_spots (id, parking_lot_id, spot_number, zone, spot_row, spot_col, status) VALUES ('a481ce07-68dc-5a37-9bff-2164e80d1de0', '7021e6fc-7585-5463-bbb7-de9bb8f4c37b', 'f-l2-p-1:B19', 'STANDARD', 2, 19, 'free');
INSERT INTO parking_spots (id, parking_lot_id, spot_number, zone, spot_row, spot_col, status) VALUES ('fae18dd4-bfe6-56ec-95c2-4a3fba3b6702', '7021e6fc-7585-5463-bbb7-de9bb8f4c37b', 'f-l2-p-1:B20', 'STANDARD', 2, 20, 'free');
INSERT INTO parking_spots (id, parking_lot_id, spot_number, zone, spot_row, spot_col, status) VALUES ('b53b69cb-f505-5d52-afb1-ee23d81c121c', '7021e6fc-7585-5463-bbb7-de9bb8f4c37b', 'f-l2-p-1:C1', 'STANDARD', 3, 1, 'free');
INSERT INTO parking_spots (id, parking_lot_id, spot_number, zone, spot_row, spot_col, status) VALUES ('1d13eeb6-b63d-5737-9b83-03c55f1a0c89', '7021e6fc-7585-5463-bbb7-de9bb8f4c37b', 'f-l2-p-1:C2', 'STANDARD', 3, 2, 'free');
INSERT INTO parking_spots (id, parking_lot_id, spot_number, zone, spot_row, spot_col, status) VALUES ('d12cdc20-d9a2-5047-87e8-7cf404071248', '7021e6fc-7585-5463-bbb7-de9bb8f4c37b', 'f-l2-p-1:C3', 'STANDARD', 3, 3, 'free');
INSERT INTO parking_spots (id, parking_lot_id, spot_number, zone, spot_row, spot_col, status) VALUES ('de2686f5-e689-514e-9aec-3a0ba86b19cc', '7021e6fc-7585-5463-bbb7-de9bb8f4c37b', 'f-l2-p-1:C4', 'STANDARD', 3, 4, 'free');
INSERT INTO parking_spots (id, parking_lot_id, spot_number, zone, spot_row, spot_col, status) VALUES ('801b151b-e398-5545-bab6-f17ad0a55107', '7021e6fc-7585-5463-bbb7-de9bb8f4c37b', 'f-l2-p-1:C5', 'STANDARD', 3, 5, 'free');
INSERT INTO parking_spots (id, parking_lot_id, spot_number, zone, spot_row, spot_col, status) VALUES ('3d08a71d-ccfa-566a-aa56-31e33fca0455', '7021e6fc-7585-5463-bbb7-de9bb8f4c37b', 'f-l2-p-1:C6', 'STANDARD', 3, 6, 'free');
INSERT INTO parking_spots (id, parking_lot_id, spot_number, zone, spot_row, spot_col, status) VALUES ('c08b5f04-a421-5990-b1bc-c19c9715e83f', '7021e6fc-7585-5463-bbb7-de9bb8f4c37b', 'f-l2-p-1:C7', 'STANDARD', 3, 7, 'free');
INSERT INTO parking_spots (id, parking_lot_id, spot_number, zone, spot_row, spot_col, status) VALUES ('3350f930-0415-5c1a-8a52-696f3c2c4a28', '7021e6fc-7585-5463-bbb7-de9bb8f4c37b', 'f-l2-p-1:C8', 'STANDARD', 3, 8, 'free');
INSERT INTO parking_spots (id, parking_lot_id, spot_number, zone, spot_row, spot_col, status) VALUES ('4fa87d94-2015-5b98-9e97-003d3e34a464', '7021e6fc-7585-5463-bbb7-de9bb8f4c37b', 'f-l2-p-1:C9', 'STANDARD', 3, 9, 'free');
INSERT INTO parking_spots (id, parking_lot_id, spot_number, zone, spot_row, spot_col, status) VALUES ('3a294330-c981-5cca-a690-8e2e1b4301d2', '7021e6fc-7585-5463-bbb7-de9bb8f4c37b', 'f-l2-p-1:C10', 'STANDARD', 3, 10, 'free');
INSERT INTO parking_spots (id, parking_lot_id, spot_number, zone, spot_row, spot_col, status) VALUES ('d04aa7fb-0335-576b-ad89-7c5c7370e3cc', '7021e6fc-7585-5463-bbb7-de9bb8f4c37b', 'f-l2-p-1:C11', 'STANDARD', 3, 11, 'free');
INSERT INTO parking_spots (id, parking_lot_id, spot_number, zone, spot_row, spot_col, status) VALUES ('6bc9d413-1788-5040-9f87-e17c1e25c83a', '7021e6fc-7585-5463-bbb7-de9bb8f4c37b', 'f-l2-p-1:C12', 'STANDARD', 3, 12, 'free');
INSERT INTO parking_spots (id, parking_lot_id, spot_number, zone, spot_row, spot_col, status) VALUES ('768ce28c-2963-5b8b-8a43-e288b4f09c64', '7021e6fc-7585-5463-bbb7-de9bb8f4c37b', 'f-l2-p-1:C13', 'STANDARD', 3, 13, 'free');
INSERT INTO parking_spots (id, parking_lot_id, spot_number, zone, spot_row, spot_col, status) VALUES ('57f24e70-e9b0-5537-ac4a-f86e963bc75e', '7021e6fc-7585-5463-bbb7-de9bb8f4c37b', 'f-l2-p-1:C14', 'STANDARD', 3, 14, 'free');
INSERT INTO parking_spots (id, parking_lot_id, spot_number, zone, spot_row, spot_col, status) VALUES ('6f98f4d0-f67a-506a-9d3a-a7a16a7abfcf', '7021e6fc-7585-5463-bbb7-de9bb8f4c37b', 'f-l2-p-1:C15', 'STANDARD', 3, 15, 'free');
INSERT INTO parking_spots (id, parking_lot_id, spot_number, zone, spot_row, spot_col, status) VALUES ('121bc834-60d9-56fd-8e34-67e22126034f', '7021e6fc-7585-5463-bbb7-de9bb8f4c37b', 'f-l2-p-1:C16', 'STANDARD', 3, 16, 'free');
INSERT INTO parking_spots (id, parking_lot_id, spot_number, zone, spot_row, spot_col, status) VALUES ('cd318051-dbc5-5f2b-88ff-8027121c7648', '7021e6fc-7585-5463-bbb7-de9bb8f4c37b', 'f-l2-p-1:C17', 'STANDARD', 3, 17, 'free');
INSERT INTO parking_spots (id, parking_lot_id, spot_number, zone, spot_row, spot_col, status) VALUES ('9677c34c-03bc-5203-8c5c-1ddc908d008c', '7021e6fc-7585-5463-bbb7-de9bb8f4c37b', 'f-l2-p-1:C18', 'STANDARD', 3, 18, 'free');
INSERT INTO parking_spots (id, parking_lot_id, spot_number, zone, spot_row, spot_col, status) VALUES ('98a72896-45d4-550f-8ee3-c0edb11534cf', '7021e6fc-7585-5463-bbb7-de9bb8f4c37b', 'f-l2-p-1:C19', 'STANDARD', 3, 19, 'free');
INSERT INTO parking_spots (id, parking_lot_id, spot_number, zone, spot_row, spot_col, status) VALUES ('7be44cfc-1983-5599-bbf7-b15ceacf201d', '7021e6fc-7585-5463-bbb7-de9bb8f4c37b', 'f-l2-p-1:C20', 'STANDARD', 3, 20, 'free');
INSERT INTO parking_spots (id, parking_lot_id, spot_number, zone, spot_row, spot_col, status) VALUES ('7db4332e-b59b-5e81-bf87-b6a219e9cb1f', '7021e6fc-7585-5463-bbb7-de9bb8f4c37b', 'f-l2-p-1:D1', 'STANDARD', 4, 1, 'free');
INSERT INTO parking_spots (id, parking_lot_id, spot_number, zone, spot_row, spot_col, status) VALUES ('83456fd0-3609-564f-91e5-ddf4a44e8546', '7021e6fc-7585-5463-bbb7-de9bb8f4c37b', 'f-l2-p-1:D2', 'STANDARD', 4, 2, 'free');
INSERT INTO parking_spots (id, parking_lot_id, spot_number, zone, spot_row, spot_col, status) VALUES ('87d975a3-3214-5e75-80c6-39d6719011af', '7021e6fc-7585-5463-bbb7-de9bb8f4c37b', 'f-l2-p-1:D3', 'STANDARD', 4, 3, 'free');
INSERT INTO parking_spots (id, parking_lot_id, spot_number, zone, spot_row, spot_col, status) VALUES ('d35ea6cc-d10c-50c9-99aa-d5050047afbf', '7021e6fc-7585-5463-bbb7-de9bb8f4c37b', 'f-l2-p-1:D4', 'STANDARD', 4, 4, 'free');
INSERT INTO parking_spots (id, parking_lot_id, spot_number, zone, spot_row, spot_col, status) VALUES ('48e5a137-1982-5e43-aee7-84d12efc5f48', '7021e6fc-7585-5463-bbb7-de9bb8f4c37b', 'f-l2-p-1:D5', 'STANDARD', 4, 5, 'free');
INSERT INTO parking_spots (id, parking_lot_id, spot_number, zone, spot_row, spot_col, status) VALUES ('dc604051-3d88-59dc-a75a-09851c80d7b6', '7021e6fc-7585-5463-bbb7-de9bb8f4c37b', 'f-l2-p-1:D6', 'STANDARD', 4, 6, 'free');
INSERT INTO parking_spots (id, parking_lot_id, spot_number, zone, spot_row, spot_col, status) VALUES ('e00b07db-b3b4-5904-852f-c501325490dc', '7021e6fc-7585-5463-bbb7-de9bb8f4c37b', 'f-l2-p-1:D7', 'STANDARD', 4, 7, 'free');
INSERT INTO parking_spots (id, parking_lot_id, spot_number, zone, spot_row, spot_col, status) VALUES ('d209ca2c-ecda-55f3-b7ad-c7c5d2933c07', '7021e6fc-7585-5463-bbb7-de9bb8f4c37b', 'f-l2-p-1:D8', 'STANDARD', 4, 8, 'free');
INSERT INTO parking_spots (id, parking_lot_id, spot_number, zone, spot_row, spot_col, status) VALUES ('194fd905-ecb6-585a-9709-da3a4b3e75ff', '7021e6fc-7585-5463-bbb7-de9bb8f4c37b', 'f-l2-p-1:D9', 'STANDARD', 4, 9, 'free');
INSERT INTO parking_spots (id, parking_lot_id, spot_number, zone, spot_row, spot_col, status) VALUES ('5f503151-7856-5b8e-93e7-2142d16e2a07', '7021e6fc-7585-5463-bbb7-de9bb8f4c37b', 'f-l2-p-1:D10', 'STANDARD', 4, 10, 'free');
INSERT INTO parking_spots (id, parking_lot_id, spot_number, zone, spot_row, spot_col, status) VALUES ('b30a7599-6f05-5736-958a-0d45df0e73df', '7021e6fc-7585-5463-bbb7-de9bb8f4c37b', 'f-l2-p-1:D11', 'STANDARD', 4, 11, 'free');
INSERT INTO parking_spots (id, parking_lot_id, spot_number, zone, spot_row, spot_col, status) VALUES ('c3dc0649-a1c7-53d0-8d05-83d980cecfe2', '7021e6fc-7585-5463-bbb7-de9bb8f4c37b', 'f-l2-p-1:D12', 'STANDARD', 4, 12, 'free');
INSERT INTO parking_spots (id, parking_lot_id, spot_number, zone, spot_row, spot_col, status) VALUES ('48b507ab-5515-54bf-9560-18d8dfce64b9', '7021e6fc-7585-5463-bbb7-de9bb8f4c37b', 'f-l2-p-1:D13', 'STANDARD', 4, 13, 'free');
INSERT INTO parking_spots (id, parking_lot_id, spot_number, zone, spot_row, spot_col, status) VALUES ('63b95234-d78c-59b8-9e1f-40a391e7bfe2', '7021e6fc-7585-5463-bbb7-de9bb8f4c37b', 'f-l2-p-1:D14', 'STANDARD', 4, 14, 'free');
INSERT INTO parking_spots (id, parking_lot_id, spot_number, zone, spot_row, spot_col, status) VALUES ('4d102f5b-4d32-5f9f-b746-91f8657387b4', '7021e6fc-7585-5463-bbb7-de9bb8f4c37b', 'f-l2-p-1:D15', 'STANDARD', 4, 15, 'free');
INSERT INTO parking_spots (id, parking_lot_id, spot_number, zone, spot_row, spot_col, status) VALUES ('5311af43-edd1-526b-af5b-452bbe566161', '7021e6fc-7585-5463-bbb7-de9bb8f4c37b', 'f-l2-p-1:D16', 'STANDARD', 4, 16, 'free');
INSERT INTO parking_spots (id, parking_lot_id, spot_number, zone, spot_row, spot_col, status) VALUES ('216e1d86-b80f-5f1f-9fcb-261e192101b9', '7021e6fc-7585-5463-bbb7-de9bb8f4c37b', 'f-l2-p-1:D17', 'STANDARD', 4, 17, 'free');
INSERT INTO parking_spots (id, parking_lot_id, spot_number, zone, spot_row, spot_col, status) VALUES ('f1b7409a-90bb-5096-bfc1-af0d1f80d224', '7021e6fc-7585-5463-bbb7-de9bb8f4c37b', 'f-l2-p-1:D18', 'STANDARD', 4, 18, 'free');
INSERT INTO parking_spots (id, parking_lot_id, spot_number, zone, spot_row, spot_col, status) VALUES ('970d57f6-a928-5109-88e8-d870b14a2914', '7021e6fc-7585-5463-bbb7-de9bb8f4c37b', 'f-l2-p-1:D19', 'STANDARD', 4, 19, 'free');
INSERT INTO parking_spots (id, parking_lot_id, spot_number, zone, spot_row, spot_col, status) VALUES ('7efb230d-8008-5f3a-a3a3-5963948d651e', '7021e6fc-7585-5463-bbb7-de9bb8f4c37b', 'f-l2-p-1:D20', 'STANDARD', 4, 20, 'free');
INSERT INTO parking_spots (id, parking_lot_id, spot_number, zone, spot_row, spot_col, status) VALUES ('a76f5a4e-168c-5dc9-b4c0-c30e89b36c55', '7021e6fc-7585-5463-bbb7-de9bb8f4c37b', 'f-l2-p-1:E1', 'STANDARD', 5, 1, 'free');
INSERT INTO parking_spots (id, parking_lot_id, spot_number, zone, spot_row, spot_col, status) VALUES ('146f8c83-706c-5953-8273-e63fce2ae367', '7021e6fc-7585-5463-bbb7-de9bb8f4c37b', 'f-l2-p-1:E2', 'STANDARD', 5, 2, 'free');
INSERT INTO parking_spots (id, parking_lot_id, spot_number, zone, spot_row, spot_col, status) VALUES ('cdbc8d58-5b6b-5580-a0a0-4232b2c01d71', '7021e6fc-7585-5463-bbb7-de9bb8f4c37b', 'f-l2-p-1:E3', 'STANDARD', 5, 3, 'free');
INSERT INTO parking_spots (id, parking_lot_id, spot_number, zone, spot_row, spot_col, status) VALUES ('e5d3330f-f67e-5d7e-abd4-43be568191e4', '7021e6fc-7585-5463-bbb7-de9bb8f4c37b', 'f-l2-p-1:E4', 'STANDARD', 5, 4, 'free');
INSERT INTO parking_spots (id, parking_lot_id, spot_number, zone, spot_row, spot_col, status) VALUES ('dcc784eb-1f2b-5040-96b7-99eb39d2e58f', '7021e6fc-7585-5463-bbb7-de9bb8f4c37b', 'f-l2-p-1:E5', 'STANDARD', 5, 5, 'free');
INSERT INTO parking_spots (id, parking_lot_id, spot_number, zone, spot_row, spot_col, status) VALUES ('04d937ef-eee6-5800-988b-1037d1d9d542', '7021e6fc-7585-5463-bbb7-de9bb8f4c37b', 'f-l2-p-1:E6', 'STANDARD', 5, 6, 'free');
INSERT INTO parking_spots (id, parking_lot_id, spot_number, zone, spot_row, spot_col, status) VALUES ('ab8db2fb-c545-5400-933a-30ff50e71ae1', '7021e6fc-7585-5463-bbb7-de9bb8f4c37b', 'f-l2-p-1:E7', 'STANDARD', 5, 7, 'free');
INSERT INTO parking_spots (id, parking_lot_id, spot_number, zone, spot_row, spot_col, status) VALUES ('bb5a8bfa-46f0-545b-9939-60e2483ee72b', '7021e6fc-7585-5463-bbb7-de9bb8f4c37b', 'f-l2-p-1:E8', 'STANDARD', 5, 8, 'free');
INSERT INTO parking_spots (id, parking_lot_id, spot_number, zone, spot_row, spot_col, status) VALUES ('2d29c0aa-b58e-5f28-b52f-500bb4f5fd18', '7021e6fc-7585-5463-bbb7-de9bb8f4c37b', 'f-l2-p-1:E9', 'STANDARD', 5, 9, 'free');
INSERT INTO parking_spots (id, parking_lot_id, spot_number, zone, spot_row, spot_col, status) VALUES ('0185a0a7-bfc3-515e-9b1b-e5220b8bae1b', '7021e6fc-7585-5463-bbb7-de9bb8f4c37b', 'f-l2-p-1:E10', 'STANDARD', 5, 10, 'free');
INSERT INTO parking_spots (id, parking_lot_id, spot_number, zone, spot_row, spot_col, status) VALUES ('ae4b3841-7107-5532-981c-94ecc3a80b09', '7021e6fc-7585-5463-bbb7-de9bb8f4c37b', 'f-l2-p-1:E11', 'STANDARD', 5, 11, 'free');
INSERT INTO parking_spots (id, parking_lot_id, spot_number, zone, spot_row, spot_col, status) VALUES ('369177aa-5125-50bd-9413-777af99446f8', '7021e6fc-7585-5463-bbb7-de9bb8f4c37b', 'f-l2-p-1:E12', 'STANDARD', 5, 12, 'free');
INSERT INTO parking_spots (id, parking_lot_id, spot_number, zone, spot_row, spot_col, status) VALUES ('a9532a85-14c0-597d-adff-f35586a2b873', '7021e6fc-7585-5463-bbb7-de9bb8f4c37b', 'f-l2-p-1:E13', 'STANDARD', 5, 13, 'free');
INSERT INTO parking_spots (id, parking_lot_id, spot_number, zone, spot_row, spot_col, status) VALUES ('d82bd56b-61d8-57ab-9069-2d4aacfe5dd6', '7021e6fc-7585-5463-bbb7-de9bb8f4c37b', 'f-l2-p-1:E14', 'STANDARD', 5, 14, 'free');
INSERT INTO parking_spots (id, parking_lot_id, spot_number, zone, spot_row, spot_col, status) VALUES ('797afd4f-acef-5777-8ace-db761f9bbc27', '7021e6fc-7585-5463-bbb7-de9bb8f4c37b', 'f-l2-p-1:E15', 'STANDARD', 5, 15, 'free');
INSERT INTO parking_spots (id, parking_lot_id, spot_number, zone, spot_row, spot_col, status) VALUES ('c0c0a54a-9d30-52b5-a5b1-b70c07313e81', '7021e6fc-7585-5463-bbb7-de9bb8f4c37b', 'f-l2-p-1:E16', 'STANDARD', 5, 16, 'free');
INSERT INTO parking_spots (id, parking_lot_id, spot_number, zone, spot_row, spot_col, status) VALUES ('fde8814c-875e-5608-9242-64c446a88c09', '7021e6fc-7585-5463-bbb7-de9bb8f4c37b', 'f-l2-p-1:E17', 'STANDARD', 5, 17, 'free');
INSERT INTO parking_spots (id, parking_lot_id, spot_number, zone, spot_row, spot_col, status) VALUES ('9b66c541-b69a-57dc-947b-d19cf8bde513', '7021e6fc-7585-5463-bbb7-de9bb8f4c37b', 'f-l2-p-1:E18', 'STANDARD', 5, 18, 'free');
INSERT INTO parking_spots (id, parking_lot_id, spot_number, zone, spot_row, spot_col, status) VALUES ('a657faaa-301c-5d5c-881d-46613df341bf', '7021e6fc-7585-5463-bbb7-de9bb8f4c37b', 'f-l2-p-1:E19', 'STANDARD', 5, 19, 'free');
INSERT INTO parking_spots (id, parking_lot_id, spot_number, zone, spot_row, spot_col, status) VALUES ('25e141f3-903e-5aba-a497-92956edb7f5a', '7021e6fc-7585-5463-bbb7-de9bb8f4c37b', 'f-l2-p-1:E20', 'STANDARD', 5, 20, 'free');
INSERT INTO parking_spots (id, parking_lot_id, spot_number, zone, spot_row, spot_col, status) VALUES ('3d1b3e1b-9edc-561c-9844-7eb938a73c15', '7021e6fc-7585-5463-bbb7-de9bb8f4c37b', 'f-l2-p-1:F1', 'STANDARD', 6, 1, 'free');
INSERT INTO parking_spots (id, parking_lot_id, spot_number, zone, spot_row, spot_col, status) VALUES ('9249675a-5294-5742-93b5-900958e9874b', '7021e6fc-7585-5463-bbb7-de9bb8f4c37b', 'f-l2-p-1:F2', 'STANDARD', 6, 2, 'free');
INSERT INTO parking_spots (id, parking_lot_id, spot_number, zone, spot_row, spot_col, status) VALUES ('2c7d5e40-0609-5285-b046-56553ab200b0', '7021e6fc-7585-5463-bbb7-de9bb8f4c37b', 'f-l2-p-1:F3', 'STANDARD', 6, 3, 'free');
INSERT INTO parking_spots (id, parking_lot_id, spot_number, zone, spot_row, spot_col, status) VALUES ('465ebc07-4304-5a42-af0a-96b5b50648db', '7021e6fc-7585-5463-bbb7-de9bb8f4c37b', 'f-l2-p-1:F4', 'STANDARD', 6, 4, 'free');
INSERT INTO parking_spots (id, parking_lot_id, spot_number, zone, spot_row, spot_col, status) VALUES ('19a40c63-7f5e-5edd-88ac-e6380ad02ce3', '7021e6fc-7585-5463-bbb7-de9bb8f4c37b', 'f-l2-p-1:F5', 'STANDARD', 6, 5, 'free');
INSERT INTO parking_spots (id, parking_lot_id, spot_number, zone, spot_row, spot_col, status) VALUES ('f9c81775-b7d6-5344-a610-463a27017939', '7021e6fc-7585-5463-bbb7-de9bb8f4c37b', 'f-l2-p-1:F6', 'STANDARD', 6, 6, 'free');
INSERT INTO parking_spots (id, parking_lot_id, spot_number, zone, spot_row, spot_col, status) VALUES ('95bdd202-6522-5aef-9a61-c7f409273f52', '7021e6fc-7585-5463-bbb7-de9bb8f4c37b', 'f-l2-p-1:F7', 'STANDARD', 6, 7, 'free');
INSERT INTO parking_spots (id, parking_lot_id, spot_number, zone, spot_row, spot_col, status) VALUES ('ecc5f75e-807d-5c18-bf0d-116f25a76341', '7021e6fc-7585-5463-bbb7-de9bb8f4c37b', 'f-l2-p-1:F8', 'STANDARD', 6, 8, 'free');
INSERT INTO parking_spots (id, parking_lot_id, spot_number, zone, spot_row, spot_col, status) VALUES ('96a45491-9405-5785-ba2f-b6a049715038', '7021e6fc-7585-5463-bbb7-de9bb8f4c37b', 'f-l2-p-1:F9', 'STANDARD', 6, 9, 'free');
INSERT INTO parking_spots (id, parking_lot_id, spot_number, zone, spot_row, spot_col, status) VALUES ('96cb9448-6d35-5e9b-bee1-6d5dca4e3359', '7021e6fc-7585-5463-bbb7-de9bb8f4c37b', 'f-l2-p-1:F10', 'STANDARD', 6, 10, 'free');
INSERT INTO parking_spots (id, parking_lot_id, spot_number, zone, spot_row, spot_col, status) VALUES ('ed50e00d-0131-5cf4-8a25-d4b9051e1926', '7021e6fc-7585-5463-bbb7-de9bb8f4c37b', 'f-l2-p-1:F11', 'STANDARD', 6, 11, 'free');
INSERT INTO parking_spots (id, parking_lot_id, spot_number, zone, spot_row, spot_col, status) VALUES ('dfb2fadb-19cf-5444-a143-fbe78e66660c', '7021e6fc-7585-5463-bbb7-de9bb8f4c37b', 'f-l2-p-1:F12', 'STANDARD', 6, 12, 'free');
INSERT INTO parking_spots (id, parking_lot_id, spot_number, zone, spot_row, spot_col, status) VALUES ('381f72f7-55bb-5884-94ec-d8b681e65b10', '7021e6fc-7585-5463-bbb7-de9bb8f4c37b', 'f-l2-p-1:F13', 'STANDARD', 6, 13, 'free');
INSERT INTO parking_spots (id, parking_lot_id, spot_number, zone, spot_row, spot_col, status) VALUES ('644d473e-0721-598a-9361-c02c10bb1c46', '7021e6fc-7585-5463-bbb7-de9bb8f4c37b', 'f-l2-p-1:F14', 'STANDARD', 6, 14, 'free');
INSERT INTO parking_spots (id, parking_lot_id, spot_number, zone, spot_row, spot_col, status) VALUES ('ee9be9cd-f23b-5e75-b11f-10495f2ce35d', '7021e6fc-7585-5463-bbb7-de9bb8f4c37b', 'f-l2-p-1:F15', 'STANDARD', 6, 15, 'free');
INSERT INTO parking_spots (id, parking_lot_id, spot_number, zone, spot_row, spot_col, status) VALUES ('02710e61-8380-587d-9fce-7b1f8c478620', '7021e6fc-7585-5463-bbb7-de9bb8f4c37b', 'f-l2-p-1:F16', 'STANDARD', 6, 16, 'free');
INSERT INTO parking_spots (id, parking_lot_id, spot_number, zone, spot_row, spot_col, status) VALUES ('e1a3c085-356f-5635-a667-0858b4480b05', '7021e6fc-7585-5463-bbb7-de9bb8f4c37b', 'f-l2-p-1:F17', 'STANDARD', 6, 17, 'free');
INSERT INTO parking_spots (id, parking_lot_id, spot_number, zone, spot_row, spot_col, status) VALUES ('8364566e-6309-5070-84dd-4d65cf65214e', '7021e6fc-7585-5463-bbb7-de9bb8f4c37b', 'f-l2-p-1:F18', 'STANDARD', 6, 18, 'free');
INSERT INTO parking_spots (id, parking_lot_id, spot_number, zone, spot_row, spot_col, status) VALUES ('d663613b-12c3-5fd2-b6eb-6259d74f407a', '7021e6fc-7585-5463-bbb7-de9bb8f4c37b', 'f-l2-p-1:F19', 'STANDARD', 6, 19, 'free');
INSERT INTO parking_spots (id, parking_lot_id, spot_number, zone, spot_row, spot_col, status) VALUES ('8ae27d8d-8405-5ac1-9a9b-3d84265210af', '7021e6fc-7585-5463-bbb7-de9bb8f4c37b', 'f-l2-p-1:F20', 'STANDARD', 6, 20, 'free');
INSERT INTO parking_spots (id, parking_lot_id, spot_number, zone, spot_row, spot_col, status) VALUES ('efc6a399-5d84-5b34-90a2-b30a5991e839', '7021e6fc-7585-5463-bbb7-de9bb8f4c37b', 'f-l2-p-1:G1', 'STANDARD', 7, 1, 'free');
INSERT INTO parking_spots (id, parking_lot_id, spot_number, zone, spot_row, spot_col, status) VALUES ('241a1f0f-9971-5bb4-a7c8-98c9ea1df8f9', '7021e6fc-7585-5463-bbb7-de9bb8f4c37b', 'f-l2-p-1:G2', 'STANDARD', 7, 2, 'free');
INSERT INTO parking_spots (id, parking_lot_id, spot_number, zone, spot_row, spot_col, status) VALUES ('8f897955-8a73-5942-b2f5-3c6cec687462', '7021e6fc-7585-5463-bbb7-de9bb8f4c37b', 'f-l2-p-1:G3', 'STANDARD', 7, 3, 'free');
INSERT INTO parking_spots (id, parking_lot_id, spot_number, zone, spot_row, spot_col, status) VALUES ('c5b6b180-53cb-5b81-84d9-56e9a487eb3c', '7021e6fc-7585-5463-bbb7-de9bb8f4c37b', 'f-l2-p-1:G4', 'STANDARD', 7, 4, 'free');
INSERT INTO parking_spots (id, parking_lot_id, spot_number, zone, spot_row, spot_col, status) VALUES ('dcec928e-5872-53da-832c-7d5c16fe4947', '7021e6fc-7585-5463-bbb7-de9bb8f4c37b', 'f-l2-p-1:G5', 'STANDARD', 7, 5, 'free');
INSERT INTO parking_spots (id, parking_lot_id, spot_number, zone, spot_row, spot_col, status) VALUES ('2338cfdd-1364-5c32-bb34-6e5078b5f51f', '7021e6fc-7585-5463-bbb7-de9bb8f4c37b', 'f-l2-p-1:G6', 'STANDARD', 7, 6, 'free');
INSERT INTO parking_spots (id, parking_lot_id, spot_number, zone, spot_row, spot_col, status) VALUES ('3ca6ca5c-d227-563d-96c6-d3d556a5f01d', '7021e6fc-7585-5463-bbb7-de9bb8f4c37b', 'f-l2-p-1:G7', 'STANDARD', 7, 7, 'free');
INSERT INTO parking_spots (id, parking_lot_id, spot_number, zone, spot_row, spot_col, status) VALUES ('51c6b115-5f30-533f-9718-bbc0b3ef1edd', '7021e6fc-7585-5463-bbb7-de9bb8f4c37b', 'f-l2-p-1:G8', 'STANDARD', 7, 8, 'free');
INSERT INTO parking_spots (id, parking_lot_id, spot_number, zone, spot_row, spot_col, status) VALUES ('07425c92-d9a1-5db9-a425-b1159b86b42c', '7021e6fc-7585-5463-bbb7-de9bb8f4c37b', 'f-l2-p-1:G9', 'STANDARD', 7, 9, 'free');
INSERT INTO parking_spots (id, parking_lot_id, spot_number, zone, spot_row, spot_col, status) VALUES ('de6686e8-37a8-5b14-acc8-a2fb3b9882a1', '7021e6fc-7585-5463-bbb7-de9bb8f4c37b', 'f-l2-p-1:G10', 'STANDARD', 7, 10, 'free');
INSERT INTO parking_spots (id, parking_lot_id, spot_number, zone, spot_row, spot_col, status) VALUES ('44a1f0b6-5548-50cf-942d-a8c4e169a5ca', '7021e6fc-7585-5463-bbb7-de9bb8f4c37b', 'f-l2-p-1:G11', 'STANDARD', 7, 11, 'free');
INSERT INTO parking_spots (id, parking_lot_id, spot_number, zone, spot_row, spot_col, status) VALUES ('5a0c1ce9-18f9-58c8-9b49-72c2672908b1', '7021e6fc-7585-5463-bbb7-de9bb8f4c37b', 'f-l2-p-1:G12', 'STANDARD', 7, 12, 'free');
INSERT INTO parking_spots (id, parking_lot_id, spot_number, zone, spot_row, spot_col, status) VALUES ('c1c742fa-bf2b-53e4-90a2-d9ad7ba8d4d7', '7021e6fc-7585-5463-bbb7-de9bb8f4c37b', 'f-l2-p-1:G13', 'STANDARD', 7, 13, 'free');
INSERT INTO parking_spots (id, parking_lot_id, spot_number, zone, spot_row, spot_col, status) VALUES ('2998f1be-fd55-542e-9b5a-ff498a2af9a4', '7021e6fc-7585-5463-bbb7-de9bb8f4c37b', 'f-l2-p-1:G14', 'STANDARD', 7, 14, 'free');
INSERT INTO parking_spots (id, parking_lot_id, spot_number, zone, spot_row, spot_col, status) VALUES ('040d83e2-72f4-545e-b3c0-ceaf1ca0cc3e', '7021e6fc-7585-5463-bbb7-de9bb8f4c37b', 'f-l2-p-1:G15', 'STANDARD', 7, 15, 'free');
INSERT INTO parking_spots (id, parking_lot_id, spot_number, zone, spot_row, spot_col, status) VALUES ('07ab4f24-aec7-5a06-bac1-1f0ec930e53f', '7021e6fc-7585-5463-bbb7-de9bb8f4c37b', 'f-l2-p-1:G16', 'STANDARD', 7, 16, 'free');
INSERT INTO parking_spots (id, parking_lot_id, spot_number, zone, spot_row, spot_col, status) VALUES ('876f2e77-8182-5b31-8bb6-2f8e33a874c2', '7021e6fc-7585-5463-bbb7-de9bb8f4c37b', 'f-l2-p-1:G17', 'STANDARD', 7, 17, 'free');
INSERT INTO parking_spots (id, parking_lot_id, spot_number, zone, spot_row, spot_col, status) VALUES ('38454101-f1ea-5780-9d5a-7ed37a3f12e1', '7021e6fc-7585-5463-bbb7-de9bb8f4c37b', 'f-l2-p-1:G18', 'STANDARD', 7, 18, 'free');
INSERT INTO parking_spots (id, parking_lot_id, spot_number, zone, spot_row, spot_col, status) VALUES ('fb758752-9a35-558a-baef-65203e4ed5ff', '7021e6fc-7585-5463-bbb7-de9bb8f4c37b', 'f-l2-p-1:G19', 'STANDARD', 7, 19, 'free');
INSERT INTO parking_spots (id, parking_lot_id, spot_number, zone, spot_row, spot_col, status) VALUES ('39b73b62-81dc-512a-a5c1-ab3899e7924a', '7021e6fc-7585-5463-bbb7-de9bb8f4c37b', 'f-l2-p-1:G20', 'STANDARD', 7, 20, 'free');
INSERT INTO parking_spots (id, parking_lot_id, spot_number, zone, spot_row, spot_col, status) VALUES ('66c4db5e-a4ac-598a-a110-370c77139822', '7021e6fc-7585-5463-bbb7-de9bb8f4c37b', 'f-l2-p-1:H1', 'STANDARD', 8, 1, 'free');
INSERT INTO parking_spots (id, parking_lot_id, spot_number, zone, spot_row, spot_col, status) VALUES ('9d7537cc-fff6-5da2-a9e0-81ef89359c9f', '7021e6fc-7585-5463-bbb7-de9bb8f4c37b', 'f-l2-p-1:H2', 'STANDARD', 8, 2, 'free');
INSERT INTO parking_spots (id, parking_lot_id, spot_number, zone, spot_row, spot_col, status) VALUES ('f24085ac-86b1-5338-994c-7f5107058ba6', '7021e6fc-7585-5463-bbb7-de9bb8f4c37b', 'f-l2-p-1:H3', 'STANDARD', 8, 3, 'free');
INSERT INTO parking_spots (id, parking_lot_id, spot_number, zone, spot_row, spot_col, status) VALUES ('1329298d-6cc3-53ad-a1f8-d8dddeab9888', '7021e6fc-7585-5463-bbb7-de9bb8f4c37b', 'f-l2-p-1:H4', 'STANDARD', 8, 4, 'free');
INSERT INTO parking_spots (id, parking_lot_id, spot_number, zone, spot_row, spot_col, status) VALUES ('c25fd870-4b73-5d77-9647-e147ad9518f5', '7021e6fc-7585-5463-bbb7-de9bb8f4c37b', 'f-l2-p-1:H5', 'STANDARD', 8, 5, 'free');
INSERT INTO parking_spots (id, parking_lot_id, spot_number, zone, spot_row, spot_col, status) VALUES ('c4ad44d2-610f-553c-9f1a-e6f46ebb6640', '7021e6fc-7585-5463-bbb7-de9bb8f4c37b', 'f-l2-p-1:H6', 'STANDARD', 8, 6, 'free');
INSERT INTO parking_spots (id, parking_lot_id, spot_number, zone, spot_row, spot_col, status) VALUES ('f16b66cb-1576-5c3c-b55c-b6926e69fb8b', '7021e6fc-7585-5463-bbb7-de9bb8f4c37b', 'f-l2-p-1:H7', 'STANDARD', 8, 7, 'free');
INSERT INTO parking_spots (id, parking_lot_id, spot_number, zone, spot_row, spot_col, status) VALUES ('71ae7795-3b3d-59f9-b5f8-e7c43d8edbaa', '7021e6fc-7585-5463-bbb7-de9bb8f4c37b', 'f-l2-p-1:H8', 'STANDARD', 8, 8, 'free');
INSERT INTO parking_spots (id, parking_lot_id, spot_number, zone, spot_row, spot_col, status) VALUES ('e9fbf032-22ef-57cc-ba79-45982613b448', '7021e6fc-7585-5463-bbb7-de9bb8f4c37b', 'f-l2-p-1:H9', 'STANDARD', 8, 9, 'free');
INSERT INTO parking_spots (id, parking_lot_id, spot_number, zone, spot_row, spot_col, status) VALUES ('7e1a02c0-3d4b-5392-9a54-92076e2e1662', '7021e6fc-7585-5463-bbb7-de9bb8f4c37b', 'f-l2-p-1:H10', 'STANDARD', 8, 10, 'free');
INSERT INTO parking_spots (id, parking_lot_id, spot_number, zone, spot_row, spot_col, status) VALUES ('ebf22330-bb2b-53a3-a2ec-0cfb58d75fb4', '7021e6fc-7585-5463-bbb7-de9bb8f4c37b', 'f-l2-p-1:H11', 'STANDARD', 8, 11, 'free');
INSERT INTO parking_spots (id, parking_lot_id, spot_number, zone, spot_row, spot_col, status) VALUES ('8a7f609d-f812-532d-92bd-78da80bebdd2', '7021e6fc-7585-5463-bbb7-de9bb8f4c37b', 'f-l2-p-1:H12', 'STANDARD', 8, 12, 'free');
INSERT INTO parking_spots (id, parking_lot_id, spot_number, zone, spot_row, spot_col, status) VALUES ('ea953084-32ae-5a63-9402-dfc9c0a8e5e0', '7021e6fc-7585-5463-bbb7-de9bb8f4c37b', 'f-l2-p-1:H13', 'STANDARD', 8, 13, 'free');
INSERT INTO parking_spots (id, parking_lot_id, spot_number, zone, spot_row, spot_col, status) VALUES ('4b57693b-9042-55c4-b3eb-2409ef66fc2b', '7021e6fc-7585-5463-bbb7-de9bb8f4c37b', 'f-l2-p-1:H14', 'STANDARD', 8, 14, 'free');
INSERT INTO parking_spots (id, parking_lot_id, spot_number, zone, spot_row, spot_col, status) VALUES ('3431cac0-b6f4-5cba-bbeb-ad1c5eeea118', '7021e6fc-7585-5463-bbb7-de9bb8f4c37b', 'f-l2-p-1:H15', 'STANDARD', 8, 15, 'free');
INSERT INTO parking_spots (id, parking_lot_id, spot_number, zone, spot_row, spot_col, status) VALUES ('48a9059f-85b4-563f-bfd7-1718b00ed95b', '7021e6fc-7585-5463-bbb7-de9bb8f4c37b', 'f-l2-p-1:H16', 'STANDARD', 8, 16, 'free');
INSERT INTO parking_spots (id, parking_lot_id, spot_number, zone, spot_row, spot_col, status) VALUES ('af746eba-78f8-5774-b95e-a7449f83e5ef', '7021e6fc-7585-5463-bbb7-de9bb8f4c37b', 'f-l2-p-1:H17', 'STANDARD', 8, 17, 'free');
INSERT INTO parking_spots (id, parking_lot_id, spot_number, zone, spot_row, spot_col, status) VALUES ('743e9807-6fa0-5f2c-b35b-ce3c757959ad', '7021e6fc-7585-5463-bbb7-de9bb8f4c37b', 'f-l2-p-1:H18', 'STANDARD', 8, 18, 'free');
INSERT INTO parking_spots (id, parking_lot_id, spot_number, zone, spot_row, spot_col, status) VALUES ('ac00e96e-b283-5497-b46c-6cde69790694', '7021e6fc-7585-5463-bbb7-de9bb8f4c37b', 'f-l2-p-1:H19', 'STANDARD', 8, 19, 'free');
INSERT INTO parking_spots (id, parking_lot_id, spot_number, zone, spot_row, spot_col, status) VALUES ('2ba5ae53-b181-5239-a9cf-76519b2a39da', '7021e6fc-7585-5463-bbb7-de9bb8f4c37b', 'f-l2-p-1:H20', 'STANDARD', 8, 20, 'free');
INSERT INTO parking_spots (id, parking_lot_id, spot_number, zone, spot_row, spot_col, status) VALUES ('aa46bd95-849c-5f7e-a003-fd0349a94e8e', '7021e6fc-7585-5463-bbb7-de9bb8f4c37b', 'f-l2-p-1:I1', 'STANDARD', 9, 1, 'free');
INSERT INTO parking_spots (id, parking_lot_id, spot_number, zone, spot_row, spot_col, status) VALUES ('90cc1af1-1d2c-5935-ac55-28728b360ae0', '7021e6fc-7585-5463-bbb7-de9bb8f4c37b', 'f-l2-p-1:I2', 'STANDARD', 9, 2, 'free');
INSERT INTO parking_spots (id, parking_lot_id, spot_number, zone, spot_row, spot_col, status) VALUES ('cc92ec1c-52ab-5563-8dc5-fa0c9aef7417', '7021e6fc-7585-5463-bbb7-de9bb8f4c37b', 'f-l2-p-1:I3', 'STANDARD', 9, 3, 'free');
INSERT INTO parking_spots (id, parking_lot_id, spot_number, zone, spot_row, spot_col, status) VALUES ('1121836e-7d93-5bf8-b6e8-66f8e3eaa6de', '7021e6fc-7585-5463-bbb7-de9bb8f4c37b', 'f-l2-p-1:I4', 'STANDARD', 9, 4, 'free');
INSERT INTO parking_spots (id, parking_lot_id, spot_number, zone, spot_row, spot_col, status) VALUES ('17906f06-f4eb-50e2-97f0-030717be2738', '7021e6fc-7585-5463-bbb7-de9bb8f4c37b', 'f-l2-p-1:I5', 'STANDARD', 9, 5, 'free');
INSERT INTO parking_spots (id, parking_lot_id, spot_number, zone, spot_row, spot_col, status) VALUES ('1ed49270-7cca-5670-a850-e52f9d726a16', '7021e6fc-7585-5463-bbb7-de9bb8f4c37b', 'f-l2-p-1:I6', 'STANDARD', 9, 6, 'free');
INSERT INTO parking_spots (id, parking_lot_id, spot_number, zone, spot_row, spot_col, status) VALUES ('f2f4fd1b-dc3b-5ec5-86bd-9cbad122aa83', '7021e6fc-7585-5463-bbb7-de9bb8f4c37b', 'f-l2-p-1:I7', 'STANDARD', 9, 7, 'free');
INSERT INTO parking_spots (id, parking_lot_id, spot_number, zone, spot_row, spot_col, status) VALUES ('01c01aa0-135a-5058-982a-93f0a81fa4f4', '7021e6fc-7585-5463-bbb7-de9bb8f4c37b', 'f-l2-p-1:I8', 'STANDARD', 9, 8, 'free');
INSERT INTO parking_spots (id, parking_lot_id, spot_number, zone, spot_row, spot_col, status) VALUES ('d659f2d0-39c8-54eb-a48d-6b7cbd9ee788', '7021e6fc-7585-5463-bbb7-de9bb8f4c37b', 'f-l2-p-1:I9', 'STANDARD', 9, 9, 'free');
INSERT INTO parking_spots (id, parking_lot_id, spot_number, zone, spot_row, spot_col, status) VALUES ('c537eaac-cecf-5dbb-86e4-6114216a28de', '7021e6fc-7585-5463-bbb7-de9bb8f4c37b', 'f-l2-p-1:I10', 'STANDARD', 9, 10, 'free');
INSERT INTO parking_spots (id, parking_lot_id, spot_number, zone, spot_row, spot_col, status) VALUES ('f5c05a23-73fc-59eb-8b13-c302d5e2d0fd', '7021e6fc-7585-5463-bbb7-de9bb8f4c37b', 'f-l2-p-1:I11', 'STANDARD', 9, 11, 'free');
INSERT INTO parking_spots (id, parking_lot_id, spot_number, zone, spot_row, spot_col, status) VALUES ('7b670cfa-162e-53ec-bb41-451e8ccc79d0', '7021e6fc-7585-5463-bbb7-de9bb8f4c37b', 'f-l2-p-1:I12', 'STANDARD', 9, 12, 'free');
INSERT INTO parking_spots (id, parking_lot_id, spot_number, zone, spot_row, spot_col, status) VALUES ('3ec98942-9826-57bf-8cf9-43c51b046c50', '7021e6fc-7585-5463-bbb7-de9bb8f4c37b', 'f-l2-p-1:I13', 'STANDARD', 9, 13, 'free');
INSERT INTO parking_spots (id, parking_lot_id, spot_number, zone, spot_row, spot_col, status) VALUES ('9de847f6-d48c-5764-b7df-9e25e66547ac', '7021e6fc-7585-5463-bbb7-de9bb8f4c37b', 'f-l2-p-1:I14', 'STANDARD', 9, 14, 'free');
INSERT INTO parking_spots (id, parking_lot_id, spot_number, zone, spot_row, spot_col, status) VALUES ('4c83db67-cf4b-5bc1-b59d-5ac70b08b1bd', '7021e6fc-7585-5463-bbb7-de9bb8f4c37b', 'f-l2-p-1:I15', 'STANDARD', 9, 15, 'free');
INSERT INTO parking_spots (id, parking_lot_id, spot_number, zone, spot_row, spot_col, status) VALUES ('cf5167e3-9f25-52d1-9cbd-890cb3f0fb5d', '7021e6fc-7585-5463-bbb7-de9bb8f4c37b', 'f-l2-p-1:I16', 'STANDARD', 9, 16, 'free');
INSERT INTO parking_spots (id, parking_lot_id, spot_number, zone, spot_row, spot_col, status) VALUES ('053d4827-bfba-5cf3-adaf-79be78138821', '7021e6fc-7585-5463-bbb7-de9bb8f4c37b', 'f-l2-p-1:I17', 'STANDARD', 9, 17, 'free');
INSERT INTO parking_spots (id, parking_lot_id, spot_number, zone, spot_row, spot_col, status) VALUES ('62f273c5-f210-5a4b-a5bf-1890fa1b2e04', '7021e6fc-7585-5463-bbb7-de9bb8f4c37b', 'f-l2-p-1:I18', 'STANDARD', 9, 18, 'free');
INSERT INTO parking_spots (id, parking_lot_id, spot_number, zone, spot_row, spot_col, status) VALUES ('7fa2903d-4c22-5291-9dc4-527e348ba25a', '7021e6fc-7585-5463-bbb7-de9bb8f4c37b', 'f-l2-p-1:I19', 'STANDARD', 9, 19, 'free');
INSERT INTO parking_spots (id, parking_lot_id, spot_number, zone, spot_row, spot_col, status) VALUES ('9c084daf-7d8f-5eac-87b5-29201fb452cf', '7021e6fc-7585-5463-bbb7-de9bb8f4c37b', 'f-l2-p-1:I20', 'STANDARD', 9, 20, 'free');
INSERT INTO parking_spots (id, parking_lot_id, spot_number, zone, spot_row, spot_col, status) VALUES ('5be8fff4-999b-5a62-80f8-9afe534cf5f1', '7021e6fc-7585-5463-bbb7-de9bb8f4c37b', 'f-l2-p-1:J1', 'STANDARD', 10, 1, 'free');
INSERT INTO parking_spots (id, parking_lot_id, spot_number, zone, spot_row, spot_col, status) VALUES ('f56e7971-4c12-5710-8734-f78ba9c7d8ab', '7021e6fc-7585-5463-bbb7-de9bb8f4c37b', 'f-l2-p-1:J2', 'STANDARD', 10, 2, 'free');
INSERT INTO parking_spots (id, parking_lot_id, spot_number, zone, spot_row, spot_col, status) VALUES ('bb112c28-665b-5223-953f-4785bc9954ea', '7021e6fc-7585-5463-bbb7-de9bb8f4c37b', 'f-l2-p-1:J3', 'STANDARD', 10, 3, 'free');
INSERT INTO parking_spots (id, parking_lot_id, spot_number, zone, spot_row, spot_col, status) VALUES ('4c3594f2-6a36-52a4-8173-e80e728f67eb', '7021e6fc-7585-5463-bbb7-de9bb8f4c37b', 'f-l2-p-1:J4', 'STANDARD', 10, 4, 'free');
INSERT INTO parking_spots (id, parking_lot_id, spot_number, zone, spot_row, spot_col, status) VALUES ('1ac4a1e2-596b-517e-925f-387ba5595bc1', '7021e6fc-7585-5463-bbb7-de9bb8f4c37b', 'f-l2-p-1:J5', 'STANDARD', 10, 5, 'free');
INSERT INTO parking_spots (id, parking_lot_id, spot_number, zone, spot_row, spot_col, status) VALUES ('bdbc1d5f-b932-5d18-85b9-a8caa023dacf', '7021e6fc-7585-5463-bbb7-de9bb8f4c37b', 'f-l2-p-1:J6', 'STANDARD', 10, 6, 'free');
INSERT INTO parking_spots (id, parking_lot_id, spot_number, zone, spot_row, spot_col, status) VALUES ('16a191cb-2210-51d9-ab8f-b8124cda6c7a', '7021e6fc-7585-5463-bbb7-de9bb8f4c37b', 'f-l2-p-1:J7', 'STANDARD', 10, 7, 'free');
INSERT INTO parking_spots (id, parking_lot_id, spot_number, zone, spot_row, spot_col, status) VALUES ('974ec88a-e287-5579-b675-59e5db0e650c', '7021e6fc-7585-5463-bbb7-de9bb8f4c37b', 'f-l2-p-1:J8', 'STANDARD', 10, 8, 'free');
INSERT INTO parking_spots (id, parking_lot_id, spot_number, zone, spot_row, spot_col, status) VALUES ('18cdd0a1-8e62-5677-8ce2-ac8f411c2996', '7021e6fc-7585-5463-bbb7-de9bb8f4c37b', 'f-l2-p-1:J9', 'STANDARD', 10, 9, 'free');
INSERT INTO parking_spots (id, parking_lot_id, spot_number, zone, spot_row, spot_col, status) VALUES ('ef88e1a8-cd8d-5ac7-a289-0476e4a60e3d', '7021e6fc-7585-5463-bbb7-de9bb8f4c37b', 'f-l2-p-1:J10', 'STANDARD', 10, 10, 'free');
INSERT INTO parking_spots (id, parking_lot_id, spot_number, zone, spot_row, spot_col, status) VALUES ('1790be3a-5cd4-51f7-b7e8-384161207c8d', '7021e6fc-7585-5463-bbb7-de9bb8f4c37b', 'f-l2-p-1:J11', 'STANDARD', 10, 11, 'free');
INSERT INTO parking_spots (id, parking_lot_id, spot_number, zone, spot_row, spot_col, status) VALUES ('d018a0b0-eeae-564c-83a3-f9f6db170a47', '7021e6fc-7585-5463-bbb7-de9bb8f4c37b', 'f-l2-p-1:J12', 'STANDARD', 10, 12, 'free');
INSERT INTO parking_spots (id, parking_lot_id, spot_number, zone, spot_row, spot_col, status) VALUES ('4ecc1bd6-6c4a-5181-b53f-f555c45613e3', '7021e6fc-7585-5463-bbb7-de9bb8f4c37b', 'f-l2-p-1:J13', 'STANDARD', 10, 13, 'free');
INSERT INTO parking_spots (id, parking_lot_id, spot_number, zone, spot_row, spot_col, status) VALUES ('3d048399-ddaf-5b5f-831f-3268b2052e2f', '7021e6fc-7585-5463-bbb7-de9bb8f4c37b', 'f-l2-p-1:J14', 'STANDARD', 10, 14, 'free');
INSERT INTO parking_spots (id, parking_lot_id, spot_number, zone, spot_row, spot_col, status) VALUES ('dbc9c73f-4426-5091-80a8-c410a8c02030', '7021e6fc-7585-5463-bbb7-de9bb8f4c37b', 'f-l2-p-1:J15', 'STANDARD', 10, 15, 'free');
INSERT INTO parking_spots (id, parking_lot_id, spot_number, zone, spot_row, spot_col, status) VALUES ('a6e55be2-d858-5241-bb04-3483399db6c3', '7021e6fc-7585-5463-bbb7-de9bb8f4c37b', 'f-l2-p-1:J16', 'STANDARD', 10, 16, 'free');
INSERT INTO parking_spots (id, parking_lot_id, spot_number, zone, spot_row, spot_col, status) VALUES ('32cd3c65-3954-54b1-9e73-35751db39f0f', '7021e6fc-7585-5463-bbb7-de9bb8f4c37b', 'f-l2-p-1:J17', 'STANDARD', 10, 17, 'free');
INSERT INTO parking_spots (id, parking_lot_id, spot_number, zone, spot_row, spot_col, status) VALUES ('787b02b8-5adf-5d2a-ad39-f74b7d29eaa7', '7021e6fc-7585-5463-bbb7-de9bb8f4c37b', 'f-l2-p-1:J18', 'STANDARD', 10, 18, 'free');
INSERT INTO parking_spots (id, parking_lot_id, spot_number, zone, spot_row, spot_col, status) VALUES ('7c840fae-4ccb-5837-9f75-c45a37d12169', '7021e6fc-7585-5463-bbb7-de9bb8f4c37b', 'f-l2-p-1:J19', 'STANDARD', 10, 19, 'free');
INSERT INTO parking_spots (id, parking_lot_id, spot_number, zone, spot_row, spot_col, status) VALUES ('e9c6f3f6-67d2-5a70-b656-8f1e17279aa3', '7021e6fc-7585-5463-bbb7-de9bb8f4c37b', 'f-l2-p-1:J20', 'STANDARD', 10, 20, 'free');
INSERT INTO parking_spots (id, parking_lot_id, spot_number, zone, spot_row, spot_col, status) VALUES ('31f57f85-6028-51a9-83a9-e8f4bf9f3efb', '7021e6fc-7585-5463-bbb7-de9bb8f4c37b', 'f-l2-p-1:K1', 'STANDARD', 11, 1, 'free');
INSERT INTO parking_spots (id, parking_lot_id, spot_number, zone, spot_row, spot_col, status) VALUES ('ee3c4e40-7c69-5187-84bc-220cc45217d5', '7021e6fc-7585-5463-bbb7-de9bb8f4c37b', 'f-l2-p-1:K2', 'STANDARD', 11, 2, 'free');
INSERT INTO parking_spots (id, parking_lot_id, spot_number, zone, spot_row, spot_col, status) VALUES ('b33a1822-ccaa-519b-85e2-5f50bee738a1', '7021e6fc-7585-5463-bbb7-de9bb8f4c37b', 'f-l2-p-1:K3', 'STANDARD', 11, 3, 'free');
INSERT INTO parking_spots (id, parking_lot_id, spot_number, zone, spot_row, spot_col, status) VALUES ('e5b97266-d679-5fd2-807b-7303d1331008', '7021e6fc-7585-5463-bbb7-de9bb8f4c37b', 'f-l2-p-1:K4', 'STANDARD', 11, 4, 'free');
INSERT INTO parking_spots (id, parking_lot_id, spot_number, zone, spot_row, spot_col, status) VALUES ('fb03e8fc-7a63-566c-84b7-6ecb7cf17110', '7021e6fc-7585-5463-bbb7-de9bb8f4c37b', 'f-l2-p-1:K5', 'STANDARD', 11, 5, 'free');
INSERT INTO parking_spots (id, parking_lot_id, spot_number, zone, spot_row, spot_col, status) VALUES ('b882a47f-d1e8-5bd3-aee7-7675e8574421', '7021e6fc-7585-5463-bbb7-de9bb8f4c37b', 'f-l2-p-1:K6', 'STANDARD', 11, 6, 'free');
INSERT INTO parking_spots (id, parking_lot_id, spot_number, zone, spot_row, spot_col, status) VALUES ('16067db3-251b-589a-8bfa-7e0ab0e75f1d', '7021e6fc-7585-5463-bbb7-de9bb8f4c37b', 'f-l2-p-1:K7', 'STANDARD', 11, 7, 'free');
INSERT INTO parking_spots (id, parking_lot_id, spot_number, zone, spot_row, spot_col, status) VALUES ('73d0e419-6083-5e10-8472-9afe66bcc7e0', '7021e6fc-7585-5463-bbb7-de9bb8f4c37b', 'f-l2-p-1:K8', 'STANDARD', 11, 8, 'free');
INSERT INTO parking_spots (id, parking_lot_id, spot_number, zone, spot_row, spot_col, status) VALUES ('794fa899-be71-5ce4-a29b-5e5b90b696ba', '7021e6fc-7585-5463-bbb7-de9bb8f4c37b', 'f-l2-p-1:K9', 'STANDARD', 11, 9, 'free');
INSERT INTO parking_spots (id, parking_lot_id, spot_number, zone, spot_row, spot_col, status) VALUES ('6240f617-f47c-593f-b28b-521ee20b9978', '7021e6fc-7585-5463-bbb7-de9bb8f4c37b', 'f-l2-p-1:K10', 'STANDARD', 11, 10, 'free');
INSERT INTO parking_spots (id, parking_lot_id, spot_number, zone, spot_row, spot_col, status) VALUES ('75afb1f2-accd-5fff-afdb-5491c5661b84', '7021e6fc-7585-5463-bbb7-de9bb8f4c37b', 'f-l2-p-1:K11', 'STANDARD', 11, 11, 'free');
INSERT INTO parking_spots (id, parking_lot_id, spot_number, zone, spot_row, spot_col, status) VALUES ('2bcc880c-3669-5dfd-ae03-b51718933837', '7021e6fc-7585-5463-bbb7-de9bb8f4c37b', 'f-l2-p-1:K12', 'STANDARD', 11, 12, 'free');
INSERT INTO parking_spots (id, parking_lot_id, spot_number, zone, spot_row, spot_col, status) VALUES ('ec2ac07b-cfab-5848-af88-26332e777475', '7021e6fc-7585-5463-bbb7-de9bb8f4c37b', 'f-l2-p-1:K13', 'STANDARD', 11, 13, 'free');
INSERT INTO parking_spots (id, parking_lot_id, spot_number, zone, spot_row, spot_col, status) VALUES ('a35f7e66-dc65-57cb-85a5-a6d9d2fd8925', '7021e6fc-7585-5463-bbb7-de9bb8f4c37b', 'f-l2-p-1:K14', 'STANDARD', 11, 14, 'free');
INSERT INTO parking_spots (id, parking_lot_id, spot_number, zone, spot_row, spot_col, status) VALUES ('a69fb8ff-65be-5686-952a-891cbb3aca43', '7021e6fc-7585-5463-bbb7-de9bb8f4c37b', 'f-l2-p-1:K15', 'STANDARD', 11, 15, 'free');
INSERT INTO parking_spots (id, parking_lot_id, spot_number, zone, spot_row, spot_col, status) VALUES ('141cfc03-bfc9-539e-b844-28a5703809e4', '7021e6fc-7585-5463-bbb7-de9bb8f4c37b', 'f-l2-p-1:K16', 'STANDARD', 11, 16, 'free');
INSERT INTO parking_spots (id, parking_lot_id, spot_number, zone, spot_row, spot_col, status) VALUES ('8ea11e1d-641f-5e2c-b317-6659bfcfc8af', '7021e6fc-7585-5463-bbb7-de9bb8f4c37b', 'f-l2-p-1:K17', 'STANDARD', 11, 17, 'free');
INSERT INTO parking_spots (id, parking_lot_id, spot_number, zone, spot_row, spot_col, status) VALUES ('c31e9c8d-91ae-5c67-9166-0cebb932af9e', '7021e6fc-7585-5463-bbb7-de9bb8f4c37b', 'f-l2-p-1:K18', 'STANDARD', 11, 18, 'free');
INSERT INTO parking_spots (id, parking_lot_id, spot_number, zone, spot_row, spot_col, status) VALUES ('d12a643c-9e7c-52cd-b362-a32cb51da5e0', '7021e6fc-7585-5463-bbb7-de9bb8f4c37b', 'f-l2-p-1:K19', 'STANDARD', 11, 19, 'free');
INSERT INTO parking_spots (id, parking_lot_id, spot_number, zone, spot_row, spot_col, status) VALUES ('b5b1455a-d52e-5213-a4c0-42308fe3028d', '7021e6fc-7585-5463-bbb7-de9bb8f4c37b', 'f-l2-p-1:K20', 'STANDARD', 11, 20, 'free');
INSERT INTO parking_spots (id, parking_lot_id, spot_number, zone, spot_row, spot_col, status) VALUES ('d8ea8acc-8794-5825-9d6b-f2f252c53128', '7021e6fc-7585-5463-bbb7-de9bb8f4c37b', 'f-l2-p-1:L1', 'STANDARD', 12, 1, 'free');
INSERT INTO parking_spots (id, parking_lot_id, spot_number, zone, spot_row, spot_col, status) VALUES ('2b387cab-19a4-5ce0-8a84-bc8223d9298b', '7021e6fc-7585-5463-bbb7-de9bb8f4c37b', 'f-l2-p-1:L2', 'STANDARD', 12, 2, 'free');
INSERT INTO parking_spots (id, parking_lot_id, spot_number, zone, spot_row, spot_col, status) VALUES ('d2553aa0-bd92-5ac2-a927-599a699aa748', '7021e6fc-7585-5463-bbb7-de9bb8f4c37b', 'f-l2-p-1:L3', 'STANDARD', 12, 3, 'free');
INSERT INTO parking_spots (id, parking_lot_id, spot_number, zone, spot_row, spot_col, status) VALUES ('31fa8d9f-72ff-59fb-bb96-77721d0528a3', '7021e6fc-7585-5463-bbb7-de9bb8f4c37b', 'f-l2-p-1:L4', 'STANDARD', 12, 4, 'free');
INSERT INTO parking_spots (id, parking_lot_id, spot_number, zone, spot_row, spot_col, status) VALUES ('b8ab512c-42a8-5bd8-86a8-25a2ff3ace28', '7021e6fc-7585-5463-bbb7-de9bb8f4c37b', 'f-l2-p-1:L5', 'STANDARD', 12, 5, 'free');
INSERT INTO parking_spots (id, parking_lot_id, spot_number, zone, spot_row, spot_col, status) VALUES ('137c6d00-4623-5a24-bf4a-293d428f0290', '7021e6fc-7585-5463-bbb7-de9bb8f4c37b', 'f-l2-p-1:L6', 'STANDARD', 12, 6, 'free');
INSERT INTO parking_spots (id, parking_lot_id, spot_number, zone, spot_row, spot_col, status) VALUES ('3371cd74-6912-5fe0-ac13-50175e55b29d', '7021e6fc-7585-5463-bbb7-de9bb8f4c37b', 'f-l2-p-1:L7', 'STANDARD', 12, 7, 'free');
INSERT INTO parking_spots (id, parking_lot_id, spot_number, zone, spot_row, spot_col, status) VALUES ('2101acf9-5409-5912-8ad7-26506e2470aa', '7021e6fc-7585-5463-bbb7-de9bb8f4c37b', 'f-l2-p-1:L8', 'STANDARD', 12, 8, 'free');
INSERT INTO parking_spots (id, parking_lot_id, spot_number, zone, spot_row, spot_col, status) VALUES ('b6ee7b1d-ebb6-58c5-ac31-47436d352798', '7021e6fc-7585-5463-bbb7-de9bb8f4c37b', 'f-l2-p-1:L9', 'STANDARD', 12, 9, 'free');
INSERT INTO parking_spots (id, parking_lot_id, spot_number, zone, spot_row, spot_col, status) VALUES ('bd3531e1-4ea5-5b47-ae24-ea02e0342668', '7021e6fc-7585-5463-bbb7-de9bb8f4c37b', 'f-l2-p-1:L10', 'STANDARD', 12, 10, 'free');
INSERT INTO parking_spots (id, parking_lot_id, spot_number, zone, spot_row, spot_col, status) VALUES ('2a6cafba-da13-57cf-bb52-c645a0c58ad6', '7021e6fc-7585-5463-bbb7-de9bb8f4c37b', 'f-l2-p-1:L11', 'STANDARD', 12, 11, 'free');
INSERT INTO parking_spots (id, parking_lot_id, spot_number, zone, spot_row, spot_col, status) VALUES ('fa79b766-ee14-5d1a-a9ed-596f77e7eaee', '7021e6fc-7585-5463-bbb7-de9bb8f4c37b', 'f-l2-p-1:L12', 'STANDARD', 12, 12, 'free');
INSERT INTO parking_spots (id, parking_lot_id, spot_number, zone, spot_row, spot_col, status) VALUES ('79c067e0-a943-5484-9c6c-59b030d97bfc', '7021e6fc-7585-5463-bbb7-de9bb8f4c37b', 'f-l2-p-1:L13', 'STANDARD', 12, 13, 'free');
INSERT INTO parking_spots (id, parking_lot_id, spot_number, zone, spot_row, spot_col, status) VALUES ('15c2e23e-5840-5bf0-a71c-b292524abb06', '7021e6fc-7585-5463-bbb7-de9bb8f4c37b', 'f-l2-p-1:L14', 'STANDARD', 12, 14, 'free');
INSERT INTO parking_spots (id, parking_lot_id, spot_number, zone, spot_row, spot_col, status) VALUES ('878bbd31-9a6e-5fd6-aa75-a66f59c60391', '7021e6fc-7585-5463-bbb7-de9bb8f4c37b', 'f-l2-p-1:L15', 'STANDARD', 12, 15, 'free');
INSERT INTO parking_spots (id, parking_lot_id, spot_number, zone, spot_row, spot_col, status) VALUES ('9db6f6ae-5184-5195-963e-b8f3a3c49c57', '7021e6fc-7585-5463-bbb7-de9bb8f4c37b', 'f-l2-p-1:L16', 'STANDARD', 12, 16, 'free');
INSERT INTO parking_spots (id, parking_lot_id, spot_number, zone, spot_row, spot_col, status) VALUES ('7a62f993-b110-55ff-98be-c8cdf6fbedb0', '7021e6fc-7585-5463-bbb7-de9bb8f4c37b', 'f-l2-p-1:L17', 'STANDARD', 12, 17, 'free');
INSERT INTO parking_spots (id, parking_lot_id, spot_number, zone, spot_row, spot_col, status) VALUES ('9acc3789-332b-5069-90f4-bad3c58be8ff', '7021e6fc-7585-5463-bbb7-de9bb8f4c37b', 'f-l2-p-1:L18', 'STANDARD', 12, 18, 'free');
INSERT INTO parking_spots (id, parking_lot_id, spot_number, zone, spot_row, spot_col, status) VALUES ('a91836ca-4261-5929-99f5-039fab74077b', '7021e6fc-7585-5463-bbb7-de9bb8f4c37b', 'f-l2-p-1:L19', 'STANDARD', 12, 19, 'free');
INSERT INTO parking_spots (id, parking_lot_id, spot_number, zone, spot_row, spot_col, status) VALUES ('5b5891a4-37a0-5884-ac45-95f58f88f3be', '7021e6fc-7585-5463-bbb7-de9bb8f4c37b', 'f-l2-p-1:L20', 'STANDARD', 12, 20, 'free');
INSERT INTO parking_spots (id, parking_lot_id, spot_number, zone, spot_row, spot_col, status) VALUES ('0cac39f1-3033-513d-a052-a2df989009a9', '7021e6fc-7585-5463-bbb7-de9bb8f4c37b', 'f-l2-p-1:M1', 'STANDARD', 13, 1, 'free');
INSERT INTO parking_spots (id, parking_lot_id, spot_number, zone, spot_row, spot_col, status) VALUES ('5e01bcd9-9c1a-5661-9efa-6cd32e29f0b8', '7021e6fc-7585-5463-bbb7-de9bb8f4c37b', 'f-l2-p-1:M2', 'STANDARD', 13, 2, 'free');
INSERT INTO parking_spots (id, parking_lot_id, spot_number, zone, spot_row, spot_col, status) VALUES ('53f0e4dd-c1dc-53e2-8ff2-64998faf4853', '7021e6fc-7585-5463-bbb7-de9bb8f4c37b', 'f-l2-p-1:M3', 'STANDARD', 13, 3, 'free');
INSERT INTO parking_spots (id, parking_lot_id, spot_number, zone, spot_row, spot_col, status) VALUES ('c44dd6de-27ce-5aff-b5a3-f9267dc3346c', '7021e6fc-7585-5463-bbb7-de9bb8f4c37b', 'f-l2-p-1:M4', 'STANDARD', 13, 4, 'free');
INSERT INTO parking_spots (id, parking_lot_id, spot_number, zone, spot_row, spot_col, status) VALUES ('6da2249f-e260-5f1f-a6fe-356378f12f35', '7021e6fc-7585-5463-bbb7-de9bb8f4c37b', 'f-l2-p-1:M5', 'STANDARD', 13, 5, 'free');
INSERT INTO parking_spots (id, parking_lot_id, spot_number, zone, spot_row, spot_col, status) VALUES ('d57279d2-2a10-572f-85ca-825cec9bb103', '7021e6fc-7585-5463-bbb7-de9bb8f4c37b', 'f-l2-p-1:M6', 'STANDARD', 13, 6, 'free');
INSERT INTO parking_spots (id, parking_lot_id, spot_number, zone, spot_row, spot_col, status) VALUES ('918a54b1-3afe-56b2-9906-c8259d3f99c3', '7021e6fc-7585-5463-bbb7-de9bb8f4c37b', 'f-l2-p-1:M7', 'STANDARD', 13, 7, 'free');
INSERT INTO parking_spots (id, parking_lot_id, spot_number, zone, spot_row, spot_col, status) VALUES ('a4969526-f0a1-5ef9-96c7-3abad87c0bb5', '7021e6fc-7585-5463-bbb7-de9bb8f4c37b', 'f-l2-p-1:M8', 'STANDARD', 13, 8, 'free');
INSERT INTO parking_spots (id, parking_lot_id, spot_number, zone, spot_row, spot_col, status) VALUES ('7599315b-bcba-51dd-8e73-b4af8339599a', '7021e6fc-7585-5463-bbb7-de9bb8f4c37b', 'f-l2-p-1:M9', 'STANDARD', 13, 9, 'free');
INSERT INTO parking_spots (id, parking_lot_id, spot_number, zone, spot_row, spot_col, status) VALUES ('1c283fc1-2e28-561f-a9f7-2ce0f9a62706', '7021e6fc-7585-5463-bbb7-de9bb8f4c37b', 'f-l2-p-1:M10', 'STANDARD', 13, 10, 'free');
INSERT INTO parking_spots (id, parking_lot_id, spot_number, zone, spot_row, spot_col, status) VALUES ('e5fb6790-3f67-50ab-a684-66ea8feca9bc', '7021e6fc-7585-5463-bbb7-de9bb8f4c37b', 'f-l2-p-1:M11', 'STANDARD', 13, 11, 'free');
INSERT INTO parking_spots (id, parking_lot_id, spot_number, zone, spot_row, spot_col, status) VALUES ('5d0b5a7a-9a4c-5f61-8a54-e4347944e119', '7021e6fc-7585-5463-bbb7-de9bb8f4c37b', 'f-l2-p-1:M12', 'STANDARD', 13, 12, 'free');
INSERT INTO parking_spots (id, parking_lot_id, spot_number, zone, spot_row, spot_col, status) VALUES ('b0adda41-4252-5af6-b94f-68296bfc422e', '7021e6fc-7585-5463-bbb7-de9bb8f4c37b', 'f-l2-p-1:M13', 'STANDARD', 13, 13, 'free');
INSERT INTO parking_spots (id, parking_lot_id, spot_number, zone, spot_row, spot_col, status) VALUES ('3367e34c-5b0d-590e-8d74-c49eb3db6228', '7021e6fc-7585-5463-bbb7-de9bb8f4c37b', 'f-l2-p-1:M14', 'STANDARD', 13, 14, 'free');
INSERT INTO parking_spots (id, parking_lot_id, spot_number, zone, spot_row, spot_col, status) VALUES ('ff7c2104-712b-5560-9ed8-6c151cabad0e', '7021e6fc-7585-5463-bbb7-de9bb8f4c37b', 'f-l2-p-1:M15', 'STANDARD', 13, 15, 'free');
INSERT INTO parking_spots (id, parking_lot_id, spot_number, zone, spot_row, spot_col, status) VALUES ('1fcdae55-3106-5152-940e-3087210f70f1', '7021e6fc-7585-5463-bbb7-de9bb8f4c37b', 'f-l2-p-1:M16', 'STANDARD', 13, 16, 'free');
INSERT INTO parking_spots (id, parking_lot_id, spot_number, zone, spot_row, spot_col, status) VALUES ('9809ac59-28bf-59dc-8be5-16f133a78de5', '7021e6fc-7585-5463-bbb7-de9bb8f4c37b', 'f-l2-p-1:M17', 'STANDARD', 13, 17, 'free');
INSERT INTO parking_spots (id, parking_lot_id, spot_number, zone, spot_row, spot_col, status) VALUES ('c1236e1f-20ba-5a47-b769-3dbc327a874b', '7021e6fc-7585-5463-bbb7-de9bb8f4c37b', 'f-l2-p-1:M18', 'STANDARD', 13, 18, 'free');
INSERT INTO parking_spots (id, parking_lot_id, spot_number, zone, spot_row, spot_col, status) VALUES ('5fcb00bf-8dd1-5772-9ac7-cfcb0f49e432', '7021e6fc-7585-5463-bbb7-de9bb8f4c37b', 'f-l2-p-1:M19', 'STANDARD', 13, 19, 'free');
INSERT INTO parking_spots (id, parking_lot_id, spot_number, zone, spot_row, spot_col, status) VALUES ('e549d64a-20ae-54c3-8d8e-4902e59f1293', '7021e6fc-7585-5463-bbb7-de9bb8f4c37b', 'f-l2-p-1:M20', 'STANDARD', 13, 20, 'free');
INSERT INTO parking_spots (id, parking_lot_id, spot_number, zone, spot_row, spot_col, status) VALUES ('0fe3a5ec-1899-52ce-a6eb-c18e833aa949', '7021e6fc-7585-5463-bbb7-de9bb8f4c37b', 'f-l2-p-1:N1', 'STANDARD', 14, 1, 'free');
INSERT INTO parking_spots (id, parking_lot_id, spot_number, zone, spot_row, spot_col, status) VALUES ('b56d4cbf-5dcf-5ce4-bab6-d9d0563e6bce', '7021e6fc-7585-5463-bbb7-de9bb8f4c37b', 'f-l2-p-1:N2', 'STANDARD', 14, 2, 'free');
INSERT INTO parking_spots (id, parking_lot_id, spot_number, zone, spot_row, spot_col, status) VALUES ('2bc0f4a4-64cf-5822-9ebb-69128b7bf56a', '7021e6fc-7585-5463-bbb7-de9bb8f4c37b', 'f-l2-p-1:N3', 'STANDARD', 14, 3, 'free');
INSERT INTO parking_spots (id, parking_lot_id, spot_number, zone, spot_row, spot_col, status) VALUES ('86f5bbde-0b97-53c4-bab5-ef82100b846a', '7021e6fc-7585-5463-bbb7-de9bb8f4c37b', 'f-l2-p-1:N4', 'STANDARD', 14, 4, 'free');
INSERT INTO parking_spots (id, parking_lot_id, spot_number, zone, spot_row, spot_col, status) VALUES ('17c29008-e1bd-5bdf-9b1b-33c1dbfbcf20', '7021e6fc-7585-5463-bbb7-de9bb8f4c37b', 'f-l2-p-1:N5', 'STANDARD', 14, 5, 'free');
INSERT INTO parking_spots (id, parking_lot_id, spot_number, zone, spot_row, spot_col, status) VALUES ('16455f4b-a1d0-58ea-96da-63fc710f2120', '7021e6fc-7585-5463-bbb7-de9bb8f4c37b', 'f-l2-p-1:N6', 'STANDARD', 14, 6, 'free');
INSERT INTO parking_spots (id, parking_lot_id, spot_number, zone, spot_row, spot_col, status) VALUES ('da0e20ed-c06d-5aa3-87fe-d903390fa04e', '7021e6fc-7585-5463-bbb7-de9bb8f4c37b', 'f-l2-p-1:N7', 'STANDARD', 14, 7, 'free');
INSERT INTO parking_spots (id, parking_lot_id, spot_number, zone, spot_row, spot_col, status) VALUES ('6d89b7e0-68f1-5419-abf9-a09aa3bcb145', '7021e6fc-7585-5463-bbb7-de9bb8f4c37b', 'f-l2-p-1:N8', 'STANDARD', 14, 8, 'free');
INSERT INTO parking_spots (id, parking_lot_id, spot_number, zone, spot_row, spot_col, status) VALUES ('43f05a25-7aac-5532-8f9e-b0336833a962', '7021e6fc-7585-5463-bbb7-de9bb8f4c37b', 'f-l2-p-1:N9', 'STANDARD', 14, 9, 'free');
INSERT INTO parking_spots (id, parking_lot_id, spot_number, zone, spot_row, spot_col, status) VALUES ('8dfcf9cf-7b9b-56ce-86a2-00e7b856575c', '7021e6fc-7585-5463-bbb7-de9bb8f4c37b', 'f-l2-p-1:N10', 'STANDARD', 14, 10, 'free');
INSERT INTO parking_spots (id, parking_lot_id, spot_number, zone, spot_row, spot_col, status) VALUES ('9d2956b5-2130-59a6-bc46-77e2d81d65b8', '7021e6fc-7585-5463-bbb7-de9bb8f4c37b', 'f-l2-p-1:N11', 'STANDARD', 14, 11, 'free');
INSERT INTO parking_spots (id, parking_lot_id, spot_number, zone, spot_row, spot_col, status) VALUES ('f2dee224-3c52-50b9-b36d-f74577febd89', '7021e6fc-7585-5463-bbb7-de9bb8f4c37b', 'f-l2-p-1:N12', 'STANDARD', 14, 12, 'free');
INSERT INTO parking_spots (id, parking_lot_id, spot_number, zone, spot_row, spot_col, status) VALUES ('73ee792b-896d-5cac-91f0-f2d2148372ba', '7021e6fc-7585-5463-bbb7-de9bb8f4c37b', 'f-l2-p-1:N13', 'STANDARD', 14, 13, 'free');
INSERT INTO parking_spots (id, parking_lot_id, spot_number, zone, spot_row, spot_col, status) VALUES ('f684a9f3-cff7-5614-beea-2ca7786c85f8', '7021e6fc-7585-5463-bbb7-de9bb8f4c37b', 'f-l2-p-1:N14', 'STANDARD', 14, 14, 'free');
INSERT INTO parking_spots (id, parking_lot_id, spot_number, zone, spot_row, spot_col, status) VALUES ('78f5b46f-1aff-5a47-9291-8d2db765153e', '7021e6fc-7585-5463-bbb7-de9bb8f4c37b', 'f-l2-p-1:N15', 'STANDARD', 14, 15, 'free');
INSERT INTO parking_spots (id, parking_lot_id, spot_number, zone, spot_row, spot_col, status) VALUES ('8db8c041-b73a-552c-92d8-74f1c25892ad', '7021e6fc-7585-5463-bbb7-de9bb8f4c37b', 'f-l2-p-1:N16', 'STANDARD', 14, 16, 'free');
INSERT INTO parking_spots (id, parking_lot_id, spot_number, zone, spot_row, spot_col, status) VALUES ('3e8e0cad-1958-58fd-8ae9-d6bba5f70cbe', '7021e6fc-7585-5463-bbb7-de9bb8f4c37b', 'f-l2-p-1:N17', 'STANDARD', 14, 17, 'free');
INSERT INTO parking_spots (id, parking_lot_id, spot_number, zone, spot_row, spot_col, status) VALUES ('29d5ca71-ad68-519b-a744-cb1bffa512ab', '7021e6fc-7585-5463-bbb7-de9bb8f4c37b', 'f-l2-p-1:N18', 'STANDARD', 14, 18, 'free');
INSERT INTO parking_spots (id, parking_lot_id, spot_number, zone, spot_row, spot_col, status) VALUES ('88dd3c61-0e17-5e8f-baad-1bf3cda01654', '7021e6fc-7585-5463-bbb7-de9bb8f4c37b', 'f-l2-p-1:N19', 'STANDARD', 14, 19, 'free');
INSERT INTO parking_spots (id, parking_lot_id, spot_number, zone, spot_row, spot_col, status) VALUES ('f438dc21-6102-58d5-962d-40800008a696', '7021e6fc-7585-5463-bbb7-de9bb8f4c37b', 'f-l2-p-1:N20', 'STANDARD', 14, 20, 'free');
INSERT INTO parking_spots (id, parking_lot_id, spot_number, zone, spot_row, spot_col, status) VALUES ('ff6346ba-56af-548d-a694-9e5a3ed8a982', '7021e6fc-7585-5463-bbb7-de9bb8f4c37b', 'f-l2-p-1:O1', 'STANDARD', 15, 1, 'free');
INSERT INTO parking_spots (id, parking_lot_id, spot_number, zone, spot_row, spot_col, status) VALUES ('693e2648-e4af-56d2-aa7d-9046f19bc42b', '7021e6fc-7585-5463-bbb7-de9bb8f4c37b', 'f-l2-p-1:O2', 'STANDARD', 15, 2, 'free');
INSERT INTO parking_spots (id, parking_lot_id, spot_number, zone, spot_row, spot_col, status) VALUES ('b95abeac-171f-5955-a897-8e46c1c3f353', '7021e6fc-7585-5463-bbb7-de9bb8f4c37b', 'f-l2-p-1:O3', 'STANDARD', 15, 3, 'free');
INSERT INTO parking_spots (id, parking_lot_id, spot_number, zone, spot_row, spot_col, status) VALUES ('6a2807b3-322e-5f6e-b7c3-10f7688e1932', '7021e6fc-7585-5463-bbb7-de9bb8f4c37b', 'f-l2-p-1:O4', 'STANDARD', 15, 4, 'free');
INSERT INTO parking_spots (id, parking_lot_id, spot_number, zone, spot_row, spot_col, status) VALUES ('b7c71795-3b85-53a5-82b0-d09bc0d1bb60', '7021e6fc-7585-5463-bbb7-de9bb8f4c37b', 'f-l2-p-1:O5', 'STANDARD', 15, 5, 'free');
INSERT INTO parking_spots (id, parking_lot_id, spot_number, zone, spot_row, spot_col, status) VALUES ('932b97d6-11af-5e34-a9ba-87dc670db0de', '7021e6fc-7585-5463-bbb7-de9bb8f4c37b', 'f-l2-p-1:O6', 'STANDARD', 15, 6, 'free');
INSERT INTO parking_spots (id, parking_lot_id, spot_number, zone, spot_row, spot_col, status) VALUES ('de9a6022-9f8f-526a-a54d-02c696b5b01a', '7021e6fc-7585-5463-bbb7-de9bb8f4c37b', 'f-l2-p-1:O7', 'STANDARD', 15, 7, 'free');
INSERT INTO parking_spots (id, parking_lot_id, spot_number, zone, spot_row, spot_col, status) VALUES ('017702c1-a157-5c79-9753-2ddd2e509317', '7021e6fc-7585-5463-bbb7-de9bb8f4c37b', 'f-l2-p-1:O8', 'STANDARD', 15, 8, 'free');
INSERT INTO parking_spots (id, parking_lot_id, spot_number, zone, spot_row, spot_col, status) VALUES ('4eb7b646-2d4b-58ab-bfea-499bbfe1bde4', '7021e6fc-7585-5463-bbb7-de9bb8f4c37b', 'f-l2-p-1:O9', 'STANDARD', 15, 9, 'free');
INSERT INTO parking_spots (id, parking_lot_id, spot_number, zone, spot_row, spot_col, status) VALUES ('043629b9-3d8a-58c0-b7b4-37769aff2ebc', '7021e6fc-7585-5463-bbb7-de9bb8f4c37b', 'f-l2-p-1:O10', 'STANDARD', 15, 10, 'free');
INSERT INTO parking_spots (id, parking_lot_id, spot_number, zone, spot_row, spot_col, status) VALUES ('4285526d-0400-536a-be93-ad9bc9da4193', '7021e6fc-7585-5463-bbb7-de9bb8f4c37b', 'f-l2-p-1:O11', 'STANDARD', 15, 11, 'free');
INSERT INTO parking_spots (id, parking_lot_id, spot_number, zone, spot_row, spot_col, status) VALUES ('bdfd2ee1-2662-532a-b30d-30e5e3b62ddd', '7021e6fc-7585-5463-bbb7-de9bb8f4c37b', 'f-l2-p-1:O12', 'STANDARD', 15, 12, 'free');
INSERT INTO parking_spots (id, parking_lot_id, spot_number, zone, spot_row, spot_col, status) VALUES ('22b6607f-18ff-5d55-911b-ec6990adadf9', '7021e6fc-7585-5463-bbb7-de9bb8f4c37b', 'f-l2-p-1:O13', 'STANDARD', 15, 13, 'free');
INSERT INTO parking_spots (id, parking_lot_id, spot_number, zone, spot_row, spot_col, status) VALUES ('76762307-d679-5a5d-a520-3b5d58dffaf0', '7021e6fc-7585-5463-bbb7-de9bb8f4c37b', 'f-l2-p-1:O14', 'STANDARD', 15, 14, 'free');
INSERT INTO parking_spots (id, parking_lot_id, spot_number, zone, spot_row, spot_col, status) VALUES ('8e1ad70e-b7f6-555c-a81d-78abaf163bad', '7021e6fc-7585-5463-bbb7-de9bb8f4c37b', 'f-l2-p-1:O15', 'STANDARD', 15, 15, 'free');
INSERT INTO parking_spots (id, parking_lot_id, spot_number, zone, spot_row, spot_col, status) VALUES ('b3519883-93dc-5f80-96ba-854b4278da6d', '7021e6fc-7585-5463-bbb7-de9bb8f4c37b', 'f-l2-p-1:O16', 'STANDARD', 15, 16, 'free');
INSERT INTO parking_spots (id, parking_lot_id, spot_number, zone, spot_row, spot_col, status) VALUES ('75a20b96-e1b7-5cac-b01f-aeab8e74ab7d', '7021e6fc-7585-5463-bbb7-de9bb8f4c37b', 'f-l2-p-1:O17', 'STANDARD', 15, 17, 'free');
INSERT INTO parking_spots (id, parking_lot_id, spot_number, zone, spot_row, spot_col, status) VALUES ('9db7dab8-29a9-58ca-80d0-b8265425705e', '7021e6fc-7585-5463-bbb7-de9bb8f4c37b', 'f-l2-p-1:O18', 'STANDARD', 15, 18, 'free');
INSERT INTO parking_spots (id, parking_lot_id, spot_number, zone, spot_row, spot_col, status) VALUES ('1b30084b-9774-556d-a97f-759e5bee73f9', '7021e6fc-7585-5463-bbb7-de9bb8f4c37b', 'f-l2-p-1:O19', 'STANDARD', 15, 19, 'free');
INSERT INTO parking_spots (id, parking_lot_id, spot_number, zone, spot_row, spot_col, status) VALUES ('7c83ecb9-1fc5-5caf-96fa-7c486cdbe65f', '7021e6fc-7585-5463-bbb7-de9bb8f4c37b', 'f-l2-p-1:O20', 'STANDARD', 15, 20, 'free');

INSERT INTO parking_lots (id, name, city, address, latitude, longitude, opening_hours, total_spaces)
VALUES ('33cce245-2bff-5ad3-9cf4-5b6abf1076b4', 'Gaivotas', 'Figueira da Foz', 'Av. do Mar, Figueira da Foz', 40.15, -8.868, 'Aberto 24h', 70)
ON CONFLICT (id) DO UPDATE SET
  name = EXCLUDED.name,
  city = EXCLUDED.city,
  address = EXCLUDED.address,
  latitude = EXCLUDED.latitude,
  longitude = EXCLUDED.longitude,
  opening_hours = EXCLUDED.opening_hours,
  total_spaces = EXCLUDED.total_spaces;
DELETE FROM parking_lot_amenities WHERE parking_lot_id = '33cce245-2bff-5ad3-9cf4-5b6abf1076b4';
INSERT INTO parking_lot_amenities (parking_lot_id, amenity) VALUES ('33cce245-2bff-5ad3-9cf4-5b6abf1076b4', 'câmeras');
INSERT INTO tariffs (id, parking_lot_id, name, description, price_per_hour, max_daily, monthly, price_per_kwh, status)
VALUES ('707b41fc-dace-54fa-8044-403f7bd81715', '33cce245-2bff-5ad3-9cf4-5b6abf1076b4', 'Standard', 'Tarifa normal de estacionamento', 1.00, 8.00, 70.00, NULL, 'ACTIVE')
ON CONFLICT (id) DO UPDATE SET
  price_per_hour = EXCLUDED.price_per_hour,
  max_daily = EXCLUDED.max_daily,
  monthly = EXCLUDED.monthly,
  status = EXCLUDED.status;
DELETE FROM accessible_spots WHERE parking_lot_id = '33cce245-2bff-5ad3-9cf4-5b6abf1076b4';
DELETE FROM parking_spots WHERE parking_lot_id = '33cce245-2bff-5ad3-9cf4-5b6abf1076b4';
INSERT INTO parking_spots (id, parking_lot_id, spot_number, zone, spot_row, spot_col, status) VALUES ('c252b73b-9aa4-52a8-9e05-7f5af579e3af', '33cce245-2bff-5ad3-9cf4-5b6abf1076b4', 'f-f1-p0:A1', 'ACCESSIBLE', 1, 1, 'accessible');
INSERT INTO parking_spots (id, parking_lot_id, spot_number, zone, spot_row, spot_col, status) VALUES ('c35b4d30-9f00-54a0-9e49-02e5ce42d88e', '33cce245-2bff-5ad3-9cf4-5b6abf1076b4', 'f-f1-p0:A2', 'STANDARD', 1, 2, 'occupied');
INSERT INTO parking_spots (id, parking_lot_id, spot_number, zone, spot_row, spot_col, status) VALUES ('c0d082c0-42d6-56e8-aa75-d58165433c3d', '33cce245-2bff-5ad3-9cf4-5b6abf1076b4', 'f-f1-p0:A3', 'STANDARD', 1, 3, 'free');
INSERT INTO parking_spots (id, parking_lot_id, spot_number, zone, spot_row, spot_col, status) VALUES ('042d720e-fc7b-5387-87af-22d77e95e919', '33cce245-2bff-5ad3-9cf4-5b6abf1076b4', 'f-f1-p0:A4', 'STANDARD', 1, 4, 'free');
INSERT INTO parking_spots (id, parking_lot_id, spot_number, zone, spot_row, spot_col, status) VALUES ('c51b064f-b6a1-5cf2-aa12-6d07e5be014e', '33cce245-2bff-5ad3-9cf4-5b6abf1076b4', 'f-f1-p0:A5', 'STANDARD', 1, 5, 'free');
INSERT INTO parking_spots (id, parking_lot_id, spot_number, zone, spot_row, spot_col, status) VALUES ('9e306fe4-ba0e-5864-920d-a23092bdc8d5', '33cce245-2bff-5ad3-9cf4-5b6abf1076b4', 'f-f1-p0:A6', 'STANDARD', 1, 6, 'free');
INSERT INTO parking_spots (id, parking_lot_id, spot_number, zone, spot_row, spot_col, status) VALUES ('31349508-add3-57b3-813d-4946bc78c53a', '33cce245-2bff-5ad3-9cf4-5b6abf1076b4', 'f-f1-p0:A7', 'STANDARD', 1, 7, 'free');
INSERT INTO parking_spots (id, parking_lot_id, spot_number, zone, spot_row, spot_col, status) VALUES ('2485b264-5818-56a9-89a5-0a835d375257', '33cce245-2bff-5ad3-9cf4-5b6abf1076b4', 'f-f1-p0:A8', 'STANDARD', 1, 8, 'free');
INSERT INTO parking_spots (id, parking_lot_id, spot_number, zone, spot_row, spot_col, status) VALUES ('5c50e411-4ec6-500a-be7e-c49a0da4b531', '33cce245-2bff-5ad3-9cf4-5b6abf1076b4', 'f-f1-p0:A9', 'STANDARD', 1, 9, 'free');
INSERT INTO parking_spots (id, parking_lot_id, spot_number, zone, spot_row, spot_col, status) VALUES ('92e77310-8380-5cb5-a987-6e9d7792e1cf', '33cce245-2bff-5ad3-9cf4-5b6abf1076b4', 'f-f1-p0:A10', 'STANDARD', 1, 10, 'free');
INSERT INTO parking_spots (id, parking_lot_id, spot_number, zone, spot_row, spot_col, status) VALUES ('b4a2ea29-31c6-56de-8e40-a4eca5a87fd2', '33cce245-2bff-5ad3-9cf4-5b6abf1076b4', 'f-f1-p0:B1', 'STANDARD', 2, 1, 'occupied');
INSERT INTO parking_spots (id, parking_lot_id, spot_number, zone, spot_row, spot_col, status) VALUES ('85315d9f-b5ac-5212-97c7-1a1d8f44ff09', '33cce245-2bff-5ad3-9cf4-5b6abf1076b4', 'f-f1-p0:B2', 'STANDARD', 2, 2, 'free');
INSERT INTO parking_spots (id, parking_lot_id, spot_number, zone, spot_row, spot_col, status) VALUES ('56dab9c5-396f-5ecf-9132-747270e94228', '33cce245-2bff-5ad3-9cf4-5b6abf1076b4', 'f-f1-p0:B3', 'STANDARD', 2, 3, 'free');
INSERT INTO parking_spots (id, parking_lot_id, spot_number, zone, spot_row, spot_col, status) VALUES ('f14dcee5-1fae-51d3-aed4-e4cf93ed68cc', '33cce245-2bff-5ad3-9cf4-5b6abf1076b4', 'f-f1-p0:B4', 'STANDARD', 2, 4, 'free');
INSERT INTO parking_spots (id, parking_lot_id, spot_number, zone, spot_row, spot_col, status) VALUES ('9d910139-f77a-5994-85cf-25a48707fdb6', '33cce245-2bff-5ad3-9cf4-5b6abf1076b4', 'f-f1-p0:B5', 'STANDARD', 2, 5, 'free');
INSERT INTO parking_spots (id, parking_lot_id, spot_number, zone, spot_row, spot_col, status) VALUES ('8b210704-4511-5564-913c-f82b1bb3d485', '33cce245-2bff-5ad3-9cf4-5b6abf1076b4', 'f-f1-p0:B6', 'STANDARD', 2, 6, 'free');
INSERT INTO parking_spots (id, parking_lot_id, spot_number, zone, spot_row, spot_col, status) VALUES ('27a733b7-815b-5e2b-b204-93c3be85c0ac', '33cce245-2bff-5ad3-9cf4-5b6abf1076b4', 'f-f1-p0:B7', 'STANDARD', 2, 7, 'free');
INSERT INTO parking_spots (id, parking_lot_id, spot_number, zone, spot_row, spot_col, status) VALUES ('c4145751-6e8d-5ea9-be1d-8bde858ed21a', '33cce245-2bff-5ad3-9cf4-5b6abf1076b4', 'f-f1-p0:B8', 'STANDARD', 2, 8, 'free');
INSERT INTO parking_spots (id, parking_lot_id, spot_number, zone, spot_row, spot_col, status) VALUES ('2d3e9b24-bda8-5244-a9af-a6425fe0c133', '33cce245-2bff-5ad3-9cf4-5b6abf1076b4', 'f-f1-p0:B9', 'STANDARD', 2, 9, 'free');
INSERT INTO parking_spots (id, parking_lot_id, spot_number, zone, spot_row, spot_col, status) VALUES ('41ebd9e3-a186-5675-becb-b08f3ce3cf0d', '33cce245-2bff-5ad3-9cf4-5b6abf1076b4', 'f-f1-p0:B10', 'STANDARD', 2, 10, 'free');
INSERT INTO parking_spots (id, parking_lot_id, spot_number, zone, spot_row, spot_col, status) VALUES ('1fd09ec3-098d-551c-a3e5-66df5bddf72f', '33cce245-2bff-5ad3-9cf4-5b6abf1076b4', 'f-f1-p0:C1', 'STANDARD', 3, 1, 'occupied');
INSERT INTO parking_spots (id, parking_lot_id, spot_number, zone, spot_row, spot_col, status) VALUES ('3be1ca27-e3ad-5c80-93f1-8d6195b0fe2e', '33cce245-2bff-5ad3-9cf4-5b6abf1076b4', 'f-f1-p0:C2', 'STANDARD', 3, 2, 'free');
INSERT INTO parking_spots (id, parking_lot_id, spot_number, zone, spot_row, spot_col, status) VALUES ('5acc07a1-1848-5b77-a787-d6960cd94283', '33cce245-2bff-5ad3-9cf4-5b6abf1076b4', 'f-f1-p0:C3', 'STANDARD', 3, 3, 'free');
INSERT INTO parking_spots (id, parking_lot_id, spot_number, zone, spot_row, spot_col, status) VALUES ('a7448eb5-8e5f-5cff-84a3-49457c2b17aa', '33cce245-2bff-5ad3-9cf4-5b6abf1076b4', 'f-f1-p0:C4', 'STANDARD', 3, 4, 'free');
INSERT INTO parking_spots (id, parking_lot_id, spot_number, zone, spot_row, spot_col, status) VALUES ('e60a7a34-8fd1-51b1-85ee-379ee57712f2', '33cce245-2bff-5ad3-9cf4-5b6abf1076b4', 'f-f1-p0:C5', 'STANDARD', 3, 5, 'free');
INSERT INTO parking_spots (id, parking_lot_id, spot_number, zone, spot_row, spot_col, status) VALUES ('6651c3c8-77af-52b7-a536-b2aae906d8eb', '33cce245-2bff-5ad3-9cf4-5b6abf1076b4', 'f-f1-p0:C6', 'STANDARD', 3, 6, 'free');
INSERT INTO parking_spots (id, parking_lot_id, spot_number, zone, spot_row, spot_col, status) VALUES ('993394f7-fd87-5337-b8f8-6eb81062c839', '33cce245-2bff-5ad3-9cf4-5b6abf1076b4', 'f-f1-p0:C7', 'STANDARD', 3, 7, 'free');
INSERT INTO parking_spots (id, parking_lot_id, spot_number, zone, spot_row, spot_col, status) VALUES ('fc368777-b6f4-5d66-94fb-995deeff0256', '33cce245-2bff-5ad3-9cf4-5b6abf1076b4', 'f-f1-p0:C8', 'STANDARD', 3, 8, 'free');
INSERT INTO parking_spots (id, parking_lot_id, spot_number, zone, spot_row, spot_col, status) VALUES ('2bccef2e-fb85-5ece-8703-37ca3330be52', '33cce245-2bff-5ad3-9cf4-5b6abf1076b4', 'f-f1-p0:C9', 'STANDARD', 3, 9, 'free');
INSERT INTO parking_spots (id, parking_lot_id, spot_number, zone, spot_row, spot_col, status) VALUES ('c707c946-cbb4-5a99-bae8-0fe8a7238143', '33cce245-2bff-5ad3-9cf4-5b6abf1076b4', 'f-f1-p0:C10', 'STANDARD', 3, 10, 'free');
INSERT INTO parking_spots (id, parking_lot_id, spot_number, zone, spot_row, spot_col, status) VALUES ('7bbc1f00-edf2-5072-80c8-01ae70ea8474', '33cce245-2bff-5ad3-9cf4-5b6abf1076b4', 'f-f1-p0:D1', 'STANDARD', 4, 1, 'free');
INSERT INTO parking_spots (id, parking_lot_id, spot_number, zone, spot_row, spot_col, status) VALUES ('82b2a908-5da3-50c7-9d2e-d12af31540b7', '33cce245-2bff-5ad3-9cf4-5b6abf1076b4', 'f-f1-p0:D2', 'STANDARD', 4, 2, 'free');
INSERT INTO parking_spots (id, parking_lot_id, spot_number, zone, spot_row, spot_col, status) VALUES ('55628ec1-13fc-54e2-939b-871f97218501', '33cce245-2bff-5ad3-9cf4-5b6abf1076b4', 'f-f1-p0:D3', 'STANDARD', 4, 3, 'free');
INSERT INTO parking_spots (id, parking_lot_id, spot_number, zone, spot_row, spot_col, status) VALUES ('ebdd43ec-7967-5d81-8416-de8c8c24900a', '33cce245-2bff-5ad3-9cf4-5b6abf1076b4', 'f-f1-p0:D4', 'STANDARD', 4, 4, 'free');
INSERT INTO parking_spots (id, parking_lot_id, spot_number, zone, spot_row, spot_col, status) VALUES ('9e961999-4b83-5e54-86e8-d2e4f16eac84', '33cce245-2bff-5ad3-9cf4-5b6abf1076b4', 'f-f1-p0:D5', 'STANDARD', 4, 5, 'free');
INSERT INTO parking_spots (id, parking_lot_id, spot_number, zone, spot_row, spot_col, status) VALUES ('8f76f8c2-14b2-5932-88d1-696ea478e9a8', '33cce245-2bff-5ad3-9cf4-5b6abf1076b4', 'f-f1-p0:D6', 'STANDARD', 4, 6, 'free');
INSERT INTO parking_spots (id, parking_lot_id, spot_number, zone, spot_row, spot_col, status) VALUES ('e8478737-deaa-54fa-a132-f895f772bf3c', '33cce245-2bff-5ad3-9cf4-5b6abf1076b4', 'f-f1-p0:D7', 'STANDARD', 4, 7, 'free');
INSERT INTO parking_spots (id, parking_lot_id, spot_number, zone, spot_row, spot_col, status) VALUES ('311b92f9-93d6-54cc-a2d4-87c612f49146', '33cce245-2bff-5ad3-9cf4-5b6abf1076b4', 'f-f1-p0:D8', 'STANDARD', 4, 8, 'free');
INSERT INTO parking_spots (id, parking_lot_id, spot_number, zone, spot_row, spot_col, status) VALUES ('f9bc31d7-058d-5c53-a98b-a733694bf372', '33cce245-2bff-5ad3-9cf4-5b6abf1076b4', 'f-f1-p0:D9', 'STANDARD', 4, 9, 'free');
INSERT INTO parking_spots (id, parking_lot_id, spot_number, zone, spot_row, spot_col, status) VALUES ('112a939f-1535-5840-8cdb-da208d5007db', '33cce245-2bff-5ad3-9cf4-5b6abf1076b4', 'f-f1-p0:D10', 'STANDARD', 4, 10, 'free');
INSERT INTO parking_spots (id, parking_lot_id, spot_number, zone, spot_row, spot_col, status) VALUES ('17c579cf-71ba-5a47-8848-3a48e23a77f5', '33cce245-2bff-5ad3-9cf4-5b6abf1076b4', 'f-f1-p0:E1', 'STANDARD', 5, 1, 'free');
INSERT INTO parking_spots (id, parking_lot_id, spot_number, zone, spot_row, spot_col, status) VALUES ('173835c3-d718-57be-903c-525343356b4d', '33cce245-2bff-5ad3-9cf4-5b6abf1076b4', 'f-f1-p0:E2', 'STANDARD', 5, 2, 'free');
INSERT INTO parking_spots (id, parking_lot_id, spot_number, zone, spot_row, spot_col, status) VALUES ('1d0c0580-8dc8-5232-916a-badb6696806c', '33cce245-2bff-5ad3-9cf4-5b6abf1076b4', 'f-f1-p0:E3', 'STANDARD', 5, 3, 'free');
INSERT INTO parking_spots (id, parking_lot_id, spot_number, zone, spot_row, spot_col, status) VALUES ('8810cc8b-cf32-5639-8dfb-6798857f119f', '33cce245-2bff-5ad3-9cf4-5b6abf1076b4', 'f-f1-p0:E4', 'STANDARD', 5, 4, 'free');
INSERT INTO parking_spots (id, parking_lot_id, spot_number, zone, spot_row, spot_col, status) VALUES ('ffdf04db-16af-5528-9499-58d296e06c6a', '33cce245-2bff-5ad3-9cf4-5b6abf1076b4', 'f-f1-p0:E5', 'STANDARD', 5, 5, 'free');
INSERT INTO parking_spots (id, parking_lot_id, spot_number, zone, spot_row, spot_col, status) VALUES ('6d10e4d7-173d-5969-9fe6-485f4d5555fe', '33cce245-2bff-5ad3-9cf4-5b6abf1076b4', 'f-f1-p0:E6', 'STANDARD', 5, 6, 'free');
INSERT INTO parking_spots (id, parking_lot_id, spot_number, zone, spot_row, spot_col, status) VALUES ('81b08649-9b5a-5cb5-b578-dcf86692a42b', '33cce245-2bff-5ad3-9cf4-5b6abf1076b4', 'f-f1-p0:E7', 'STANDARD', 5, 7, 'free');
INSERT INTO parking_spots (id, parking_lot_id, spot_number, zone, spot_row, spot_col, status) VALUES ('262bad34-9f40-561a-987b-3447d4b877e4', '33cce245-2bff-5ad3-9cf4-5b6abf1076b4', 'f-f1-p0:E8', 'STANDARD', 5, 8, 'free');
INSERT INTO parking_spots (id, parking_lot_id, spot_number, zone, spot_row, spot_col, status) VALUES ('44ae0175-0117-5f03-abb8-cd0cab8df3c0', '33cce245-2bff-5ad3-9cf4-5b6abf1076b4', 'f-f1-p0:E9', 'STANDARD', 5, 9, 'free');
INSERT INTO parking_spots (id, parking_lot_id, spot_number, zone, spot_row, spot_col, status) VALUES ('e93ceda7-d2da-5353-b2b7-5a82dfa41f86', '33cce245-2bff-5ad3-9cf4-5b6abf1076b4', 'f-f1-p0:E10', 'STANDARD', 5, 10, 'free');
INSERT INTO parking_spots (id, parking_lot_id, spot_number, zone, spot_row, spot_col, status) VALUES ('05c28eda-79c5-5a1a-b029-b02e85cecb8b', '33cce245-2bff-5ad3-9cf4-5b6abf1076b4', 'f-f1-p0:F1', 'STANDARD', 6, 1, 'free');
INSERT INTO parking_spots (id, parking_lot_id, spot_number, zone, spot_row, spot_col, status) VALUES ('150bd880-3018-5bde-b336-dce46e9c3e7e', '33cce245-2bff-5ad3-9cf4-5b6abf1076b4', 'f-f1-p0:F2', 'STANDARD', 6, 2, 'free');
INSERT INTO parking_spots (id, parking_lot_id, spot_number, zone, spot_row, spot_col, status) VALUES ('259a454a-7846-558b-8a68-95d97b628048', '33cce245-2bff-5ad3-9cf4-5b6abf1076b4', 'f-f1-p0:F3', 'STANDARD', 6, 3, 'free');
INSERT INTO parking_spots (id, parking_lot_id, spot_number, zone, spot_row, spot_col, status) VALUES ('1bf84d9c-66c1-526d-802f-34c9f4b9ae5c', '33cce245-2bff-5ad3-9cf4-5b6abf1076b4', 'f-f1-p0:F4', 'STANDARD', 6, 4, 'free');
INSERT INTO parking_spots (id, parking_lot_id, spot_number, zone, spot_row, spot_col, status) VALUES ('9e52ef9a-fee9-52d6-b055-193a3da7df92', '33cce245-2bff-5ad3-9cf4-5b6abf1076b4', 'f-f1-p0:F5', 'STANDARD', 6, 5, 'free');
INSERT INTO parking_spots (id, parking_lot_id, spot_number, zone, spot_row, spot_col, status) VALUES ('1c3bc2fc-cd47-5824-a096-a1911bac18ad', '33cce245-2bff-5ad3-9cf4-5b6abf1076b4', 'f-f1-p0:F6', 'STANDARD', 6, 6, 'free');
INSERT INTO parking_spots (id, parking_lot_id, spot_number, zone, spot_row, spot_col, status) VALUES ('e7a32376-a59d-599d-bb0e-504eea2d1d08', '33cce245-2bff-5ad3-9cf4-5b6abf1076b4', 'f-f1-p0:F7', 'STANDARD', 6, 7, 'free');
INSERT INTO parking_spots (id, parking_lot_id, spot_number, zone, spot_row, spot_col, status) VALUES ('53885639-4a17-5f71-838d-204624beb086', '33cce245-2bff-5ad3-9cf4-5b6abf1076b4', 'f-f1-p0:F8', 'STANDARD', 6, 8, 'free');
INSERT INTO parking_spots (id, parking_lot_id, spot_number, zone, spot_row, spot_col, status) VALUES ('bb8b6418-0c7b-5aa3-b538-e36747077a06', '33cce245-2bff-5ad3-9cf4-5b6abf1076b4', 'f-f1-p0:F9', 'STANDARD', 6, 9, 'free');
INSERT INTO parking_spots (id, parking_lot_id, spot_number, zone, spot_row, spot_col, status) VALUES ('b71b954b-bb03-5168-86eb-55ce9a1a7c22', '33cce245-2bff-5ad3-9cf4-5b6abf1076b4', 'f-f1-p0:F10', 'STANDARD', 6, 10, 'free');
INSERT INTO parking_spots (id, parking_lot_id, spot_number, zone, spot_row, spot_col, status) VALUES ('801c23f0-02ff-5411-84aa-a5a750b11d32', '33cce245-2bff-5ad3-9cf4-5b6abf1076b4', 'f-f1-p0:G1', 'STANDARD', 7, 1, 'free');
INSERT INTO parking_spots (id, parking_lot_id, spot_number, zone, spot_row, spot_col, status) VALUES ('2447a7c1-a0cb-5941-810d-81e07aa4ed96', '33cce245-2bff-5ad3-9cf4-5b6abf1076b4', 'f-f1-p0:G2', 'STANDARD', 7, 2, 'free');
INSERT INTO parking_spots (id, parking_lot_id, spot_number, zone, spot_row, spot_col, status) VALUES ('575521e1-2ed3-55e0-9c8a-be387586164e', '33cce245-2bff-5ad3-9cf4-5b6abf1076b4', 'f-f1-p0:G3', 'STANDARD', 7, 3, 'free');
INSERT INTO parking_spots (id, parking_lot_id, spot_number, zone, spot_row, spot_col, status) VALUES ('d6c5731d-a9e3-57a1-b151-52a1fc405035', '33cce245-2bff-5ad3-9cf4-5b6abf1076b4', 'f-f1-p0:G4', 'STANDARD', 7, 4, 'free');
INSERT INTO parking_spots (id, parking_lot_id, spot_number, zone, spot_row, spot_col, status) VALUES ('2be9dce8-f18a-57c5-81db-de5a2a7cb8e3', '33cce245-2bff-5ad3-9cf4-5b6abf1076b4', 'f-f1-p0:G5', 'STANDARD', 7, 5, 'free');
INSERT INTO parking_spots (id, parking_lot_id, spot_number, zone, spot_row, spot_col, status) VALUES ('7656f70f-727b-5d3b-9406-b2eb704f2f4b', '33cce245-2bff-5ad3-9cf4-5b6abf1076b4', 'f-f1-p0:G6', 'STANDARD', 7, 6, 'free');
INSERT INTO parking_spots (id, parking_lot_id, spot_number, zone, spot_row, spot_col, status) VALUES ('3ddd9f5e-1954-5673-8a17-a68f22d7b25e', '33cce245-2bff-5ad3-9cf4-5b6abf1076b4', 'f-f1-p0:G7', 'STANDARD', 7, 7, 'free');
INSERT INTO parking_spots (id, parking_lot_id, spot_number, zone, spot_row, spot_col, status) VALUES ('8a4797a5-319a-5022-b457-028d942f1116', '33cce245-2bff-5ad3-9cf4-5b6abf1076b4', 'f-f1-p0:G8', 'STANDARD', 7, 8, 'free');
INSERT INTO parking_spots (id, parking_lot_id, spot_number, zone, spot_row, spot_col, status) VALUES ('63ac5cf9-4a50-5ad6-8c56-664aa8bfaca9', '33cce245-2bff-5ad3-9cf4-5b6abf1076b4', 'f-f1-p0:G9', 'STANDARD', 7, 9, 'free');
INSERT INTO parking_spots (id, parking_lot_id, spot_number, zone, spot_row, spot_col, status) VALUES ('c2018b82-c6a1-525c-800d-087e162b2704', '33cce245-2bff-5ad3-9cf4-5b6abf1076b4', 'f-f1-p0:G10', 'STANDARD', 7, 10, 'free');
INSERT INTO parking_spots (id, parking_lot_id, spot_number, zone, spot_row, spot_col, status) VALUES ('15babc0f-16c2-5179-b422-d9394bed1e7c', '33cce245-2bff-5ad3-9cf4-5b6abf1076b4', 'f-f1-p1:A1', 'STANDARD', 1, 1, 'free');
INSERT INTO parking_spots (id, parking_lot_id, spot_number, zone, spot_row, spot_col, status) VALUES ('5c5a7e95-84a2-56a3-a051-a2f2e5ae61ee', '33cce245-2bff-5ad3-9cf4-5b6abf1076b4', 'f-f1-p1:A2', 'STANDARD', 1, 2, 'free');
INSERT INTO parking_spots (id, parking_lot_id, spot_number, zone, spot_row, spot_col, status) VALUES ('cfd7e349-37c9-5365-a52e-020b8f8a1f64', '33cce245-2bff-5ad3-9cf4-5b6abf1076b4', 'f-f1-p1:A3', 'STANDARD', 1, 3, 'free');
INSERT INTO parking_spots (id, parking_lot_id, spot_number, zone, spot_row, spot_col, status) VALUES ('7c9cd91b-5cca-5143-84a7-4403d68b323a', '33cce245-2bff-5ad3-9cf4-5b6abf1076b4', 'f-f1-p1:A4', 'STANDARD', 1, 4, 'free');
INSERT INTO parking_spots (id, parking_lot_id, spot_number, zone, spot_row, spot_col, status) VALUES ('ae78293a-b761-5c65-b716-9367f8eed08d', '33cce245-2bff-5ad3-9cf4-5b6abf1076b4', 'f-f1-p1:A5', 'STANDARD', 1, 5, 'free');
INSERT INTO parking_spots (id, parking_lot_id, spot_number, zone, spot_row, spot_col, status) VALUES ('78f9c121-c101-5d40-9484-6a84fec301e7', '33cce245-2bff-5ad3-9cf4-5b6abf1076b4', 'f-f1-p1:A6', 'STANDARD', 1, 6, 'occupied');
INSERT INTO parking_spots (id, parking_lot_id, spot_number, zone, spot_row, spot_col, status) VALUES ('e58296e0-a08c-58dd-a058-b60748352c7a', '33cce245-2bff-5ad3-9cf4-5b6abf1076b4', 'f-f1-p1:A7', 'STANDARD', 1, 7, 'free');
INSERT INTO parking_spots (id, parking_lot_id, spot_number, zone, spot_row, spot_col, status) VALUES ('eb8a40ff-85ec-561a-a6bf-c96eee1702e9', '33cce245-2bff-5ad3-9cf4-5b6abf1076b4', 'f-f1-p1:A8', 'STANDARD', 1, 8, 'free');
INSERT INTO parking_spots (id, parking_lot_id, spot_number, zone, spot_row, spot_col, status) VALUES ('c71d3479-329e-5e8a-a722-53e5a9034037', '33cce245-2bff-5ad3-9cf4-5b6abf1076b4', 'f-f1-p1:A9', 'STANDARD', 1, 9, 'free');
INSERT INTO parking_spots (id, parking_lot_id, spot_number, zone, spot_row, spot_col, status) VALUES ('e8fc2285-6ac9-5714-8fe8-a602624506f9', '33cce245-2bff-5ad3-9cf4-5b6abf1076b4', 'f-f1-p1:A10', 'STANDARD', 1, 10, 'free');
INSERT INTO parking_spots (id, parking_lot_id, spot_number, zone, spot_row, spot_col, status) VALUES ('37d4e302-a467-5fb5-9080-f61d23776dad', '33cce245-2bff-5ad3-9cf4-5b6abf1076b4', 'f-f1-p1:B1', 'STANDARD', 2, 1, 'free');
INSERT INTO parking_spots (id, parking_lot_id, spot_number, zone, spot_row, spot_col, status) VALUES ('39dd8b8b-23a6-573b-879f-75971cd6f221', '33cce245-2bff-5ad3-9cf4-5b6abf1076b4', 'f-f1-p1:B2', 'STANDARD', 2, 2, 'free');
INSERT INTO parking_spots (id, parking_lot_id, spot_number, zone, spot_row, spot_col, status) VALUES ('ca37cc30-17dc-5a08-b399-a62be7cb2e4d', '33cce245-2bff-5ad3-9cf4-5b6abf1076b4', 'f-f1-p1:B3', 'STANDARD', 2, 3, 'free');
INSERT INTO parking_spots (id, parking_lot_id, spot_number, zone, spot_row, spot_col, status) VALUES ('3a800625-5619-57f4-9355-9e67f437d80b', '33cce245-2bff-5ad3-9cf4-5b6abf1076b4', 'f-f1-p1:B4', 'STANDARD', 2, 4, 'free');
INSERT INTO parking_spots (id, parking_lot_id, spot_number, zone, spot_row, spot_col, status) VALUES ('0afbeae0-5200-5717-af35-37e9da64f5fe', '33cce245-2bff-5ad3-9cf4-5b6abf1076b4', 'f-f1-p1:B5', 'STANDARD', 2, 5, 'free');
INSERT INTO parking_spots (id, parking_lot_id, spot_number, zone, spot_row, spot_col, status) VALUES ('cca1349d-fb5f-57a7-8788-c46e6e86d83b', '33cce245-2bff-5ad3-9cf4-5b6abf1076b4', 'f-f1-p1:B6', 'STANDARD', 2, 6, 'occupied');
INSERT INTO parking_spots (id, parking_lot_id, spot_number, zone, spot_row, spot_col, status) VALUES ('fff42354-017c-5223-81d9-2641cde88d7f', '33cce245-2bff-5ad3-9cf4-5b6abf1076b4', 'f-f1-p1:B7', 'STANDARD', 2, 7, 'free');
INSERT INTO parking_spots (id, parking_lot_id, spot_number, zone, spot_row, spot_col, status) VALUES ('d424e00e-5723-5436-a8ec-9cde21173833', '33cce245-2bff-5ad3-9cf4-5b6abf1076b4', 'f-f1-p1:B8', 'STANDARD', 2, 8, 'free');
INSERT INTO parking_spots (id, parking_lot_id, spot_number, zone, spot_row, spot_col, status) VALUES ('7bc3585c-3491-5a43-8438-3a3f2ba34103', '33cce245-2bff-5ad3-9cf4-5b6abf1076b4', 'f-f1-p1:B9', 'STANDARD', 2, 9, 'free');
INSERT INTO parking_spots (id, parking_lot_id, spot_number, zone, spot_row, spot_col, status) VALUES ('83fbb409-5ecc-563d-a149-a07e38fd6c84', '33cce245-2bff-5ad3-9cf4-5b6abf1076b4', 'f-f1-p1:B10', 'STANDARD', 2, 10, 'free');
INSERT INTO parking_spots (id, parking_lot_id, spot_number, zone, spot_row, spot_col, status) VALUES ('e781de94-983c-55ad-8cee-8110b71f7cf4', '33cce245-2bff-5ad3-9cf4-5b6abf1076b4', 'f-f1-p1:C1', 'STANDARD', 3, 1, 'free');
INSERT INTO parking_spots (id, parking_lot_id, spot_number, zone, spot_row, spot_col, status) VALUES ('b83b88d8-9bfe-50c4-be6c-e0c9dd88ad65', '33cce245-2bff-5ad3-9cf4-5b6abf1076b4', 'f-f1-p1:C2', 'STANDARD', 3, 2, 'free');
INSERT INTO parking_spots (id, parking_lot_id, spot_number, zone, spot_row, spot_col, status) VALUES ('d33c70e7-9e23-57bb-a773-9e183e5c543d', '33cce245-2bff-5ad3-9cf4-5b6abf1076b4', 'f-f1-p1:C3', 'STANDARD', 3, 3, 'free');
INSERT INTO parking_spots (id, parking_lot_id, spot_number, zone, spot_row, spot_col, status) VALUES ('ac824414-c050-5146-b43e-7dd045e1a086', '33cce245-2bff-5ad3-9cf4-5b6abf1076b4', 'f-f1-p1:C4', 'STANDARD', 3, 4, 'free');
INSERT INTO parking_spots (id, parking_lot_id, spot_number, zone, spot_row, spot_col, status) VALUES ('78b40275-2a39-53a0-a503-476db6519838', '33cce245-2bff-5ad3-9cf4-5b6abf1076b4', 'f-f1-p1:C5', 'STANDARD', 3, 5, 'free');
INSERT INTO parking_spots (id, parking_lot_id, spot_number, zone, spot_row, spot_col, status) VALUES ('562fc245-7f53-53ed-91ab-6d8767f2b574', '33cce245-2bff-5ad3-9cf4-5b6abf1076b4', 'f-f1-p1:C6', 'STANDARD', 3, 6, 'free');
INSERT INTO parking_spots (id, parking_lot_id, spot_number, zone, spot_row, spot_col, status) VALUES ('32a27842-c750-5714-ac20-65d5470f54a2', '33cce245-2bff-5ad3-9cf4-5b6abf1076b4', 'f-f1-p1:C7', 'STANDARD', 3, 7, 'free');
INSERT INTO parking_spots (id, parking_lot_id, spot_number, zone, spot_row, spot_col, status) VALUES ('097a7f84-e32f-5899-b976-6388c00aa8b5', '33cce245-2bff-5ad3-9cf4-5b6abf1076b4', 'f-f1-p1:C8', 'STANDARD', 3, 8, 'free');
INSERT INTO parking_spots (id, parking_lot_id, spot_number, zone, spot_row, spot_col, status) VALUES ('739a646f-8276-5405-a086-dc11c2289ff5', '33cce245-2bff-5ad3-9cf4-5b6abf1076b4', 'f-f1-p1:C9', 'STANDARD', 3, 9, 'free');
INSERT INTO parking_spots (id, parking_lot_id, spot_number, zone, spot_row, spot_col, status) VALUES ('09057ece-ca73-5126-8ef8-92ae90a1d8fc', '33cce245-2bff-5ad3-9cf4-5b6abf1076b4', 'f-f1-p1:C10', 'STANDARD', 3, 10, 'free');
INSERT INTO parking_spots (id, parking_lot_id, spot_number, zone, spot_row, spot_col, status) VALUES ('1d2310ae-ef1e-5414-b959-1c365535980e', '33cce245-2bff-5ad3-9cf4-5b6abf1076b4', 'f-f1-p1:D1', 'RESERVED', 4, 1, 'reserved');
INSERT INTO parking_spots (id, parking_lot_id, spot_number, zone, spot_row, spot_col, status) VALUES ('aa7f478f-9015-50fa-b552-4614e604c679', '33cce245-2bff-5ad3-9cf4-5b6abf1076b4', 'f-f1-p1:D2', 'STANDARD', 4, 2, 'free');
INSERT INTO parking_spots (id, parking_lot_id, spot_number, zone, spot_row, spot_col, status) VALUES ('856a9569-d41c-5d77-8bde-acd005cd2150', '33cce245-2bff-5ad3-9cf4-5b6abf1076b4', 'f-f1-p1:D3', 'STANDARD', 4, 3, 'free');
INSERT INTO parking_spots (id, parking_lot_id, spot_number, zone, spot_row, spot_col, status) VALUES ('eab3241c-e47e-578b-96e4-2bedd54d1bf5', '33cce245-2bff-5ad3-9cf4-5b6abf1076b4', 'f-f1-p1:D4', 'STANDARD', 4, 4, 'free');
INSERT INTO parking_spots (id, parking_lot_id, spot_number, zone, spot_row, spot_col, status) VALUES ('970cbb6c-89bc-5078-84e8-beff5764f1a7', '33cce245-2bff-5ad3-9cf4-5b6abf1076b4', 'f-f1-p1:D5', 'STANDARD', 4, 5, 'free');
INSERT INTO parking_spots (id, parking_lot_id, spot_number, zone, spot_row, spot_col, status) VALUES ('6a0bb6c8-44c2-59f0-bb8f-0dac2654e54f', '33cce245-2bff-5ad3-9cf4-5b6abf1076b4', 'f-f1-p1:D6', 'STANDARD', 4, 6, 'free');
INSERT INTO parking_spots (id, parking_lot_id, spot_number, zone, spot_row, spot_col, status) VALUES ('d1426582-02f8-5bcd-a1ba-3965f401abf7', '33cce245-2bff-5ad3-9cf4-5b6abf1076b4', 'f-f1-p1:D7', 'STANDARD', 4, 7, 'free');
INSERT INTO parking_spots (id, parking_lot_id, spot_number, zone, spot_row, spot_col, status) VALUES ('b2b7ae2f-0fbe-5b28-b3ef-67106981d8ee', '33cce245-2bff-5ad3-9cf4-5b6abf1076b4', 'f-f1-p1:D8', 'STANDARD', 4, 8, 'free');
INSERT INTO parking_spots (id, parking_lot_id, spot_number, zone, spot_row, spot_col, status) VALUES ('e09fe3c2-f4fa-549f-846a-00bee541a758', '33cce245-2bff-5ad3-9cf4-5b6abf1076b4', 'f-f1-p1:D9', 'STANDARD', 4, 9, 'free');
INSERT INTO parking_spots (id, parking_lot_id, spot_number, zone, spot_row, spot_col, status) VALUES ('c2785513-69dd-51d0-aeaa-69fe4811e75c', '33cce245-2bff-5ad3-9cf4-5b6abf1076b4', 'f-f1-p1:D10', 'STANDARD', 4, 10, 'free');
INSERT INTO parking_spots (id, parking_lot_id, spot_number, zone, spot_row, spot_col, status) VALUES ('bab29542-443e-57c6-9285-775b071dd8c5', '33cce245-2bff-5ad3-9cf4-5b6abf1076b4', 'f-f1-p1:E1', 'STANDARD', 5, 1, 'free');
INSERT INTO parking_spots (id, parking_lot_id, spot_number, zone, spot_row, spot_col, status) VALUES ('f9742d85-f882-5614-9860-0ff8500d57f8', '33cce245-2bff-5ad3-9cf4-5b6abf1076b4', 'f-f1-p1:E2', 'STANDARD', 5, 2, 'free');
INSERT INTO parking_spots (id, parking_lot_id, spot_number, zone, spot_row, spot_col, status) VALUES ('54187af7-17ff-5182-b79e-3ac8af0facc1', '33cce245-2bff-5ad3-9cf4-5b6abf1076b4', 'f-f1-p1:E3', 'STANDARD', 5, 3, 'free');
INSERT INTO parking_spots (id, parking_lot_id, spot_number, zone, spot_row, spot_col, status) VALUES ('95092d25-e0a7-531a-b256-b9621c55bbfa', '33cce245-2bff-5ad3-9cf4-5b6abf1076b4', 'f-f1-p1:E4', 'STANDARD', 5, 4, 'free');
INSERT INTO parking_spots (id, parking_lot_id, spot_number, zone, spot_row, spot_col, status) VALUES ('1ffdfd0f-272c-5f33-9fd9-12b682a44228', '33cce245-2bff-5ad3-9cf4-5b6abf1076b4', 'f-f1-p1:E5', 'STANDARD', 5, 5, 'free');
INSERT INTO parking_spots (id, parking_lot_id, spot_number, zone, spot_row, spot_col, status) VALUES ('afa89fce-4ba0-511a-8f81-ba95e203a2ac', '33cce245-2bff-5ad3-9cf4-5b6abf1076b4', 'f-f1-p1:E6', 'STANDARD', 5, 6, 'free');
INSERT INTO parking_spots (id, parking_lot_id, spot_number, zone, spot_row, spot_col, status) VALUES ('8dd208e1-fd3f-56a9-92cc-e6953066d4d6', '33cce245-2bff-5ad3-9cf4-5b6abf1076b4', 'f-f1-p1:E7', 'STANDARD', 5, 7, 'free');
INSERT INTO parking_spots (id, parking_lot_id, spot_number, zone, spot_row, spot_col, status) VALUES ('0230e7f5-fc21-57cb-9592-d3e4b519d973', '33cce245-2bff-5ad3-9cf4-5b6abf1076b4', 'f-f1-p1:E8', 'STANDARD', 5, 8, 'free');
INSERT INTO parking_spots (id, parking_lot_id, spot_number, zone, spot_row, spot_col, status) VALUES ('4f256eee-f754-546b-a83b-7b79130f1f9c', '33cce245-2bff-5ad3-9cf4-5b6abf1076b4', 'f-f1-p1:E9', 'STANDARD', 5, 9, 'free');
INSERT INTO parking_spots (id, parking_lot_id, spot_number, zone, spot_row, spot_col, status) VALUES ('763948a9-4cb1-5f1e-a424-b79fda3f9741', '33cce245-2bff-5ad3-9cf4-5b6abf1076b4', 'f-f1-p1:E10', 'STANDARD', 5, 10, 'free');
INSERT INTO parking_spots (id, parking_lot_id, spot_number, zone, spot_row, spot_col, status) VALUES ('c4f2e107-3b28-5087-8a85-fbc751d9f960', '33cce245-2bff-5ad3-9cf4-5b6abf1076b4', 'f-f1-p1:F1', 'STANDARD', 6, 1, 'free');
INSERT INTO parking_spots (id, parking_lot_id, spot_number, zone, spot_row, spot_col, status) VALUES ('d1e8a432-6623-5f63-888c-07dce5b3f616', '33cce245-2bff-5ad3-9cf4-5b6abf1076b4', 'f-f1-p1:F2', 'STANDARD', 6, 2, 'free');
INSERT INTO parking_spots (id, parking_lot_id, spot_number, zone, spot_row, spot_col, status) VALUES ('38ccd187-f888-5708-b03d-6cb8b3413880', '33cce245-2bff-5ad3-9cf4-5b6abf1076b4', 'f-f1-p1:F3', 'STANDARD', 6, 3, 'free');
INSERT INTO parking_spots (id, parking_lot_id, spot_number, zone, spot_row, spot_col, status) VALUES ('97969e17-f247-5027-871b-4ec6cbbb125e', '33cce245-2bff-5ad3-9cf4-5b6abf1076b4', 'f-f1-p1:F4', 'STANDARD', 6, 4, 'free');
INSERT INTO parking_spots (id, parking_lot_id, spot_number, zone, spot_row, spot_col, status) VALUES ('4a2e9e8b-6fb6-5fdf-aa2b-82306b1b0d7a', '33cce245-2bff-5ad3-9cf4-5b6abf1076b4', 'f-f1-p1:F5', 'STANDARD', 6, 5, 'free');
INSERT INTO parking_spots (id, parking_lot_id, spot_number, zone, spot_row, spot_col, status) VALUES ('7aa5bc41-9429-5e08-b4a9-1b2f814d1fe7', '33cce245-2bff-5ad3-9cf4-5b6abf1076b4', 'f-f1-p1:F6', 'STANDARD', 6, 6, 'free');
INSERT INTO parking_spots (id, parking_lot_id, spot_number, zone, spot_row, spot_col, status) VALUES ('bd1e3c43-54a9-5028-b84a-dceb49043318', '33cce245-2bff-5ad3-9cf4-5b6abf1076b4', 'f-f1-p1:F7', 'STANDARD', 6, 7, 'free');
INSERT INTO parking_spots (id, parking_lot_id, spot_number, zone, spot_row, spot_col, status) VALUES ('7b1787e5-2804-5b3f-9a40-a1e922c91b53', '33cce245-2bff-5ad3-9cf4-5b6abf1076b4', 'f-f1-p1:F8', 'STANDARD', 6, 8, 'free');
INSERT INTO parking_spots (id, parking_lot_id, spot_number, zone, spot_row, spot_col, status) VALUES ('522d37e0-317a-54d8-99b6-282077bb22d6', '33cce245-2bff-5ad3-9cf4-5b6abf1076b4', 'f-f1-p1:F9', 'STANDARD', 6, 9, 'free');
INSERT INTO parking_spots (id, parking_lot_id, spot_number, zone, spot_row, spot_col, status) VALUES ('0b682c46-8736-5926-a42b-a4f8911e627d', '33cce245-2bff-5ad3-9cf4-5b6abf1076b4', 'f-f1-p1:F10', 'STANDARD', 6, 10, 'free');
INSERT INTO parking_spots (id, parking_lot_id, spot_number, zone, spot_row, spot_col, status) VALUES ('030af6ca-aa2c-5f0e-86c3-d0d97020b2c0', '33cce245-2bff-5ad3-9cf4-5b6abf1076b4', 'f-f1-p1:G1', 'STANDARD', 7, 1, 'free');
INSERT INTO parking_spots (id, parking_lot_id, spot_number, zone, spot_row, spot_col, status) VALUES ('c2bc0506-4846-5502-b47c-ef752b143864', '33cce245-2bff-5ad3-9cf4-5b6abf1076b4', 'f-f1-p1:G2', 'STANDARD', 7, 2, 'free');
INSERT INTO parking_spots (id, parking_lot_id, spot_number, zone, spot_row, spot_col, status) VALUES ('f4c119eb-63cc-58c9-a04d-f8e3a020795c', '33cce245-2bff-5ad3-9cf4-5b6abf1076b4', 'f-f1-p1:G3', 'STANDARD', 7, 3, 'free');
INSERT INTO parking_spots (id, parking_lot_id, spot_number, zone, spot_row, spot_col, status) VALUES ('00e474c0-1a05-5ecc-a54f-1c6986354157', '33cce245-2bff-5ad3-9cf4-5b6abf1076b4', 'f-f1-p1:G4', 'STANDARD', 7, 4, 'free');
INSERT INTO parking_spots (id, parking_lot_id, spot_number, zone, spot_row, spot_col, status) VALUES ('298c050c-6218-5afb-8ccb-5bed7645f99b', '33cce245-2bff-5ad3-9cf4-5b6abf1076b4', 'f-f1-p1:G5', 'STANDARD', 7, 5, 'free');
INSERT INTO parking_spots (id, parking_lot_id, spot_number, zone, spot_row, spot_col, status) VALUES ('3c1b3449-dc45-5cac-bd52-be445b3eb3ae', '33cce245-2bff-5ad3-9cf4-5b6abf1076b4', 'f-f1-p1:G6', 'STANDARD', 7, 6, 'free');
INSERT INTO parking_spots (id, parking_lot_id, spot_number, zone, spot_row, spot_col, status) VALUES ('6ef97293-ee42-5a44-8097-ecf8f72495a1', '33cce245-2bff-5ad3-9cf4-5b6abf1076b4', 'f-f1-p1:G7', 'STANDARD', 7, 7, 'free');
INSERT INTO parking_spots (id, parking_lot_id, spot_number, zone, spot_row, spot_col, status) VALUES ('f26c0230-cbd9-570e-b57d-5d34ab15dbb0', '33cce245-2bff-5ad3-9cf4-5b6abf1076b4', 'f-f1-p1:G8', 'STANDARD', 7, 8, 'free');
INSERT INTO parking_spots (id, parking_lot_id, spot_number, zone, spot_row, spot_col, status) VALUES ('75fe2905-8941-5634-b7ec-bba83d1ee174', '33cce245-2bff-5ad3-9cf4-5b6abf1076b4', 'f-f1-p1:G9', 'STANDARD', 7, 9, 'free');
INSERT INTO parking_spots (id, parking_lot_id, spot_number, zone, spot_row, spot_col, status) VALUES ('fb942688-b06c-522f-ae37-4fd71d91cc2f', '33cce245-2bff-5ad3-9cf4-5b6abf1076b4', 'f-f1-p1:G10', 'STANDARD', 7, 10, 'free');

INSERT INTO parking_lots (id, name, city, address, latitude, longitude, opening_hours, total_spaces)
VALUES ('62feaf63-aa20-5070-b89f-e81bfd5f47cd', 'Foz Plaza', 'Figueira da Foz', 'Rua dos Condados, Buarcos, Figueira da Foz', 40.166273, -8.860748, 'Aberto 24h', 250)
ON CONFLICT (id) DO UPDATE SET
  name = EXCLUDED.name,
  city = EXCLUDED.city,
  address = EXCLUDED.address,
  latitude = EXCLUDED.latitude,
  longitude = EXCLUDED.longitude,
  opening_hours = EXCLUDED.opening_hours,
  total_spaces = EXCLUDED.total_spaces;
DELETE FROM parking_lot_amenities WHERE parking_lot_id = '62feaf63-aa20-5070-b89f-e81bfd5f47cd';
INSERT INTO parking_lot_amenities (parking_lot_id, amenity) VALUES ('62feaf63-aa20-5070-b89f-e81bfd5f47cd', 'wc');
INSERT INTO parking_lot_amenities (parking_lot_id, amenity) VALUES ('62feaf63-aa20-5070-b89f-e81bfd5f47cd', 'loja');
INSERT INTO tariffs (id, parking_lot_id, name, description, price_per_hour, max_daily, monthly, price_per_kwh, status)
VALUES ('030fe38c-6263-5a0d-86b1-17fcba9d50e4', '62feaf63-aa20-5070-b89f-e81bfd5f47cd', 'Standard', 'Tarifa normal de estacionamento', 1.20, 10.00, 90.00, NULL, 'ACTIVE')
ON CONFLICT (id) DO UPDATE SET
  price_per_hour = EXCLUDED.price_per_hour,
  max_daily = EXCLUDED.max_daily,
  monthly = EXCLUDED.monthly,
  status = EXCLUDED.status;
DELETE FROM ev_chargers WHERE parking_lot_id = '62feaf63-aa20-5070-b89f-e81bfd5f47cd';
DELETE FROM accessible_spots WHERE parking_lot_id = '62feaf63-aa20-5070-b89f-e81bfd5f47cd';
DELETE FROM parking_spots WHERE parking_lot_id = '62feaf63-aa20-5070-b89f-e81bfd5f47cd';
INSERT INTO parking_spots (id, parking_lot_id, spot_number, zone, spot_row, spot_col, status) VALUES ('697bd059-663b-505d-bbb0-ec1a628f70d5', '62feaf63-aa20-5070-b89f-e81bfd5f47cd', 'f-f2-p0:A1', 'ACCESSIBLE', 1, 1, 'accessible');
INSERT INTO parking_spots (id, parking_lot_id, spot_number, zone, spot_row, spot_col, status) VALUES ('f898df35-d0df-5185-98e6-7bd4165bf305', '62feaf63-aa20-5070-b89f-e81bfd5f47cd', 'f-f2-p0:A2', 'STANDARD', 1, 2, 'occupied');
INSERT INTO parking_spots (id, parking_lot_id, spot_number, zone, spot_row, spot_col, status) VALUES ('f12c826c-6940-5aa0-bc0a-33ecebd89e71', '62feaf63-aa20-5070-b89f-e81bfd5f47cd', 'f-f2-p0:A3', 'STANDARD', 1, 3, 'occupied');
INSERT INTO parking_spots (id, parking_lot_id, spot_number, zone, spot_row, spot_col, status) VALUES ('ea6b0cdc-2826-5f86-90ea-0465a6e2dddc', '62feaf63-aa20-5070-b89f-e81bfd5f47cd', 'f-f2-p0:A4', 'STANDARD', 1, 4, 'occupied');
INSERT INTO parking_spots (id, parking_lot_id, spot_number, zone, spot_row, spot_col, status) VALUES ('0f6c8b9d-3c0c-5b8b-ace9-8d1a73768aa2', '62feaf63-aa20-5070-b89f-e81bfd5f47cd', 'f-f2-p0:A5', 'STANDARD', 1, 5, 'occupied');
INSERT INTO parking_spots (id, parking_lot_id, spot_number, zone, spot_row, spot_col, status) VALUES ('1370ec62-38dd-5798-ae5a-1305630d0e35', '62feaf63-aa20-5070-b89f-e81bfd5f47cd', 'f-f2-p0:A6', 'STANDARD', 1, 6, 'occupied');
INSERT INTO parking_spots (id, parking_lot_id, spot_number, zone, spot_row, spot_col, status) VALUES ('5cf0cc50-21e8-5f37-bf15-76aa566196e2', '62feaf63-aa20-5070-b89f-e81bfd5f47cd', 'f-f2-p0:A7', 'STANDARD', 1, 7, 'free');
INSERT INTO parking_spots (id, parking_lot_id, spot_number, zone, spot_row, spot_col, status) VALUES ('a52f3d20-739c-5bc8-aa62-ae99bac71164', '62feaf63-aa20-5070-b89f-e81bfd5f47cd', 'f-f2-p0:A8', 'STANDARD', 1, 8, 'free');
INSERT INTO parking_spots (id, parking_lot_id, spot_number, zone, spot_row, spot_col, status) VALUES ('b14d25b5-3755-53bc-9f10-10792e270f5a', '62feaf63-aa20-5070-b89f-e81bfd5f47cd', 'f-f2-p0:A9', 'STANDARD', 1, 9, 'free');
INSERT INTO parking_spots (id, parking_lot_id, spot_number, zone, spot_row, spot_col, status) VALUES ('ba906dff-df9d-59ee-b8b2-e80fcaeb4899', '62feaf63-aa20-5070-b89f-e81bfd5f47cd', 'f-f2-p0:A10', 'STANDARD', 1, 10, 'free');
INSERT INTO parking_spots (id, parking_lot_id, spot_number, zone, spot_row, spot_col, status) VALUES ('0c857755-f19f-531c-8136-704027947952', '62feaf63-aa20-5070-b89f-e81bfd5f47cd', 'f-f2-p0:A11', 'STANDARD', 1, 11, 'free');
INSERT INTO parking_spots (id, parking_lot_id, spot_number, zone, spot_row, spot_col, status) VALUES ('2e1b299f-ab72-5cb6-985a-5928418d6802', '62feaf63-aa20-5070-b89f-e81bfd5f47cd', 'f-f2-p0:A12', 'STANDARD', 1, 12, 'free');
INSERT INTO parking_spots (id, parking_lot_id, spot_number, zone, spot_row, spot_col, status) VALUES ('6632b806-2629-57d6-a084-f914658df0a4', '62feaf63-aa20-5070-b89f-e81bfd5f47cd', 'f-f2-p0:A13', 'STANDARD', 1, 13, 'free');
INSERT INTO parking_spots (id, parking_lot_id, spot_number, zone, spot_row, spot_col, status) VALUES ('b6028188-375b-596e-9a76-751561cccb17', '62feaf63-aa20-5070-b89f-e81bfd5f47cd', 'f-f2-p0:A14', 'STANDARD', 1, 14, 'free');
INSERT INTO parking_spots (id, parking_lot_id, spot_number, zone, spot_row, spot_col, status) VALUES ('0760efa5-a5b9-58fa-af05-46d35ced1713', '62feaf63-aa20-5070-b89f-e81bfd5f47cd', 'f-f2-p0:A15', 'STANDARD', 1, 15, 'free');
INSERT INTO parking_spots (id, parking_lot_id, spot_number, zone, spot_row, spot_col, status) VALUES ('ff6f8eeb-9793-5921-90d5-f93bfa36b67a', '62feaf63-aa20-5070-b89f-e81bfd5f47cd', 'f-f2-p0:A16', 'STANDARD', 1, 16, 'free');
INSERT INTO parking_spots (id, parking_lot_id, spot_number, zone, spot_row, spot_col, status) VALUES ('33d2cbc7-eef0-5fa3-a5f5-9ef32543c322', '62feaf63-aa20-5070-b89f-e81bfd5f47cd', 'f-f2-p0:A17', 'STANDARD', 1, 17, 'free');
INSERT INTO parking_spots (id, parking_lot_id, spot_number, zone, spot_row, spot_col, status) VALUES ('7f0e9335-581e-5d3b-bf40-e1752366251f', '62feaf63-aa20-5070-b89f-e81bfd5f47cd', 'f-f2-p0:A18', 'STANDARD', 1, 18, 'free');
INSERT INTO parking_spots (id, parking_lot_id, spot_number, zone, spot_row, spot_col, status) VALUES ('26fff36e-769e-5526-85b4-40c291fc943b', '62feaf63-aa20-5070-b89f-e81bfd5f47cd', 'f-f2-p0:A19', 'STANDARD', 1, 19, 'free');
INSERT INTO parking_spots (id, parking_lot_id, spot_number, zone, spot_row, spot_col, status) VALUES ('a2cd7c6c-5193-5d18-9b23-124103cf4b75', '62feaf63-aa20-5070-b89f-e81bfd5f47cd', 'f-f2-p0:A20', 'STANDARD', 1, 20, 'free');
INSERT INTO parking_spots (id, parking_lot_id, spot_number, zone, spot_row, spot_col, status) VALUES ('2f44f98a-2bb9-57b0-bdd5-5e4689af54d9', '62feaf63-aa20-5070-b89f-e81bfd5f47cd', 'f-f2-p0:A21', 'STANDARD', 1, 21, 'free');
INSERT INTO parking_spots (id, parking_lot_id, spot_number, zone, spot_row, spot_col, status) VALUES ('299c028a-b6b8-5d33-883a-22b82df722e2', '62feaf63-aa20-5070-b89f-e81bfd5f47cd', 'f-f2-p0:A22', 'STANDARD', 1, 22, 'free');
INSERT INTO parking_spots (id, parking_lot_id, spot_number, zone, spot_row, spot_col, status) VALUES ('13f4f273-eab9-5702-b0e0-866d8c3cbd45', '62feaf63-aa20-5070-b89f-e81bfd5f47cd', 'f-f2-p0:A23', 'STANDARD', 1, 23, 'free');
INSERT INTO parking_spots (id, parking_lot_id, spot_number, zone, spot_row, spot_col, status) VALUES ('30ad0147-3f58-52d1-ba9d-c56dda98c273', '62feaf63-aa20-5070-b89f-e81bfd5f47cd', 'f-f2-p0:A24', 'STANDARD', 1, 24, 'free');
INSERT INTO parking_spots (id, parking_lot_id, spot_number, zone, spot_row, spot_col, status) VALUES ('aad1650e-1899-5226-acfe-198b67e2eb63', '62feaf63-aa20-5070-b89f-e81bfd5f47cd', 'f-f2-p0:A25', 'STANDARD', 1, 25, 'free');
INSERT INTO parking_spots (id, parking_lot_id, spot_number, zone, spot_row, spot_col, status) VALUES ('2f50a97f-f945-5eee-8cf0-35235eaa25ac', '62feaf63-aa20-5070-b89f-e81bfd5f47cd', 'f-f2-p0:B1', 'STANDARD', 2, 1, 'free');
INSERT INTO parking_spots (id, parking_lot_id, spot_number, zone, spot_row, spot_col, status) VALUES ('c231d015-988e-5452-8ac5-2fc5df92c8c1', '62feaf63-aa20-5070-b89f-e81bfd5f47cd', 'f-f2-p0:B2', 'STANDARD', 2, 2, 'free');
INSERT INTO parking_spots (id, parking_lot_id, spot_number, zone, spot_row, spot_col, status) VALUES ('8501cc32-daed-5bc7-9931-22ee37de5837', '62feaf63-aa20-5070-b89f-e81bfd5f47cd', 'f-f2-p0:B3', 'STANDARD', 2, 3, 'free');
INSERT INTO parking_spots (id, parking_lot_id, spot_number, zone, spot_row, spot_col, status) VALUES ('3396782d-3945-59fa-b864-934a0aeecaa5', '62feaf63-aa20-5070-b89f-e81bfd5f47cd', 'f-f2-p0:B4', 'STANDARD', 2, 4, 'free');
INSERT INTO parking_spots (id, parking_lot_id, spot_number, zone, spot_row, spot_col, status) VALUES ('793d75e0-b96b-5f0f-b2ad-ae8b36c6ca97', '62feaf63-aa20-5070-b89f-e81bfd5f47cd', 'f-f2-p0:B5', 'STANDARD', 2, 5, 'free');
INSERT INTO parking_spots (id, parking_lot_id, spot_number, zone, spot_row, spot_col, status) VALUES ('aa30808b-5449-5fd4-b147-1f60c58963b9', '62feaf63-aa20-5070-b89f-e81bfd5f47cd', 'f-f2-p0:B6', 'STANDARD', 2, 6, 'free');
INSERT INTO parking_spots (id, parking_lot_id, spot_number, zone, spot_row, spot_col, status) VALUES ('eaa4efb1-7c3e-556f-a1d5-6fa5e0ef30ca', '62feaf63-aa20-5070-b89f-e81bfd5f47cd', 'f-f2-p0:B7', 'STANDARD', 2, 7, 'free');
INSERT INTO parking_spots (id, parking_lot_id, spot_number, zone, spot_row, spot_col, status) VALUES ('ec315169-4982-5661-949c-6d8a5124b2f7', '62feaf63-aa20-5070-b89f-e81bfd5f47cd', 'f-f2-p0:B8', 'STANDARD', 2, 8, 'free');
INSERT INTO parking_spots (id, parking_lot_id, spot_number, zone, spot_row, spot_col, status) VALUES ('905135f6-4607-5a27-8a42-43b92ac271ec', '62feaf63-aa20-5070-b89f-e81bfd5f47cd', 'f-f2-p0:B9', 'STANDARD', 2, 9, 'free');
INSERT INTO parking_spots (id, parking_lot_id, spot_number, zone, spot_row, spot_col, status) VALUES ('c04a4630-b032-538e-bfb3-ff56cf2cc20c', '62feaf63-aa20-5070-b89f-e81bfd5f47cd', 'f-f2-p0:B10', 'STANDARD', 2, 10, 'free');
INSERT INTO parking_spots (id, parking_lot_id, spot_number, zone, spot_row, spot_col, status) VALUES ('fbb046f9-2eb3-554e-aaf5-d55f7d5799ee', '62feaf63-aa20-5070-b89f-e81bfd5f47cd', 'f-f2-p0:B11', 'STANDARD', 2, 11, 'free');
INSERT INTO parking_spots (id, parking_lot_id, spot_number, zone, spot_row, spot_col, status) VALUES ('3b3d0234-93d4-5bb7-9eaa-aa4fcf42877f', '62feaf63-aa20-5070-b89f-e81bfd5f47cd', 'f-f2-p0:B12', 'STANDARD', 2, 12, 'free');
INSERT INTO parking_spots (id, parking_lot_id, spot_number, zone, spot_row, spot_col, status) VALUES ('5edfedec-5ea3-5b0b-aaf9-7c6dd92138c3', '62feaf63-aa20-5070-b89f-e81bfd5f47cd', 'f-f2-p0:B13', 'STANDARD', 2, 13, 'free');
INSERT INTO parking_spots (id, parking_lot_id, spot_number, zone, spot_row, spot_col, status) VALUES ('3eb49167-290c-5115-8e86-86bf96b1d0a9', '62feaf63-aa20-5070-b89f-e81bfd5f47cd', 'f-f2-p0:B14', 'STANDARD', 2, 14, 'free');
INSERT INTO parking_spots (id, parking_lot_id, spot_number, zone, spot_row, spot_col, status) VALUES ('ad31293d-08a1-5e43-91f5-55d42f223da5', '62feaf63-aa20-5070-b89f-e81bfd5f47cd', 'f-f2-p0:B15', 'STANDARD', 2, 15, 'free');
INSERT INTO parking_spots (id, parking_lot_id, spot_number, zone, spot_row, spot_col, status) VALUES ('78bb6881-8d5e-55ba-aed1-cb72a88738c4', '62feaf63-aa20-5070-b89f-e81bfd5f47cd', 'f-f2-p0:B16', 'STANDARD', 2, 16, 'free');
INSERT INTO parking_spots (id, parking_lot_id, spot_number, zone, spot_row, spot_col, status) VALUES ('1705869a-621e-5546-89e4-12935fee6c68', '62feaf63-aa20-5070-b89f-e81bfd5f47cd', 'f-f2-p0:B17', 'STANDARD', 2, 17, 'free');
INSERT INTO parking_spots (id, parking_lot_id, spot_number, zone, spot_row, spot_col, status) VALUES ('b3fa3bf2-4fe4-5000-aaea-a34460a7217b', '62feaf63-aa20-5070-b89f-e81bfd5f47cd', 'f-f2-p0:B18', 'STANDARD', 2, 18, 'free');
INSERT INTO parking_spots (id, parking_lot_id, spot_number, zone, spot_row, spot_col, status) VALUES ('023dcfad-a763-5eae-a8e5-a5f0e5cedd7b', '62feaf63-aa20-5070-b89f-e81bfd5f47cd', 'f-f2-p0:B19', 'STANDARD', 2, 19, 'free');
INSERT INTO parking_spots (id, parking_lot_id, spot_number, zone, spot_row, spot_col, status) VALUES ('7ebca5f9-1182-5608-9ebb-7528d9c0b3bf', '62feaf63-aa20-5070-b89f-e81bfd5f47cd', 'f-f2-p0:B20', 'STANDARD', 2, 20, 'free');
INSERT INTO parking_spots (id, parking_lot_id, spot_number, zone, spot_row, spot_col, status) VALUES ('291589c3-360e-5091-a9eb-fe75da78b22d', '62feaf63-aa20-5070-b89f-e81bfd5f47cd', 'f-f2-p0:B21', 'STANDARD', 2, 21, 'free');
INSERT INTO parking_spots (id, parking_lot_id, spot_number, zone, spot_row, spot_col, status) VALUES ('479f69df-8b1d-5f9a-a13b-7308372b8faf', '62feaf63-aa20-5070-b89f-e81bfd5f47cd', 'f-f2-p0:B22', 'STANDARD', 2, 22, 'free');
INSERT INTO parking_spots (id, parking_lot_id, spot_number, zone, spot_row, spot_col, status) VALUES ('1c6d3815-d86a-5cd0-9e83-f4ecb0335cf2', '62feaf63-aa20-5070-b89f-e81bfd5f47cd', 'f-f2-p0:B23', 'STANDARD', 2, 23, 'free');
INSERT INTO parking_spots (id, parking_lot_id, spot_number, zone, spot_row, spot_col, status) VALUES ('548825f6-2246-584d-beb2-1d2d367a362b', '62feaf63-aa20-5070-b89f-e81bfd5f47cd', 'f-f2-p0:B24', 'STANDARD', 2, 24, 'free');
INSERT INTO parking_spots (id, parking_lot_id, spot_number, zone, spot_row, spot_col, status) VALUES ('aa5dd662-ccb9-507a-831a-ff9782470bb3', '62feaf63-aa20-5070-b89f-e81bfd5f47cd', 'f-f2-p0:B25', 'STANDARD', 2, 25, 'free');
INSERT INTO parking_spots (id, parking_lot_id, spot_number, zone, spot_row, spot_col, status) VALUES ('dc07d446-9fe3-544b-9c56-81e96c6f2ab2', '62feaf63-aa20-5070-b89f-e81bfd5f47cd', 'f-f2-p0:C1', 'STANDARD', 3, 1, 'free');
INSERT INTO parking_spots (id, parking_lot_id, spot_number, zone, spot_row, spot_col, status) VALUES ('5257fa37-06c9-582b-94b3-a45c78c2a0a1', '62feaf63-aa20-5070-b89f-e81bfd5f47cd', 'f-f2-p0:C2', 'STANDARD', 3, 2, 'free');
INSERT INTO parking_spots (id, parking_lot_id, spot_number, zone, spot_row, spot_col, status) VALUES ('715ea806-5911-5d2e-b240-469571db8560', '62feaf63-aa20-5070-b89f-e81bfd5f47cd', 'f-f2-p0:C3', 'STANDARD', 3, 3, 'free');
INSERT INTO parking_spots (id, parking_lot_id, spot_number, zone, spot_row, spot_col, status) VALUES ('58d5ce0f-2723-50df-b00e-9fe6a5554698', '62feaf63-aa20-5070-b89f-e81bfd5f47cd', 'f-f2-p0:C4', 'STANDARD', 3, 4, 'free');
INSERT INTO parking_spots (id, parking_lot_id, spot_number, zone, spot_row, spot_col, status) VALUES ('e33dd09c-7920-549f-a420-2f0c817e1db3', '62feaf63-aa20-5070-b89f-e81bfd5f47cd', 'f-f2-p0:C5', 'STANDARD', 3, 5, 'free');
INSERT INTO parking_spots (id, parking_lot_id, spot_number, zone, spot_row, spot_col, status) VALUES ('83656184-9a5b-5a76-bd2a-38e1078f35ab', '62feaf63-aa20-5070-b89f-e81bfd5f47cd', 'f-f2-p0:C6', 'STANDARD', 3, 6, 'free');
INSERT INTO parking_spots (id, parking_lot_id, spot_number, zone, spot_row, spot_col, status) VALUES ('0bb88529-8a04-5cc5-8a37-7adf14e7b0b9', '62feaf63-aa20-5070-b89f-e81bfd5f47cd', 'f-f2-p0:C7', 'STANDARD', 3, 7, 'free');
INSERT INTO parking_spots (id, parking_lot_id, spot_number, zone, spot_row, spot_col, status) VALUES ('e64868f6-9a70-508f-9e20-158abf3fdfe0', '62feaf63-aa20-5070-b89f-e81bfd5f47cd', 'f-f2-p0:C8', 'STANDARD', 3, 8, 'free');
INSERT INTO parking_spots (id, parking_lot_id, spot_number, zone, spot_row, spot_col, status) VALUES ('22d3a97f-7e26-511d-a059-819f0606f096', '62feaf63-aa20-5070-b89f-e81bfd5f47cd', 'f-f2-p0:C9', 'STANDARD', 3, 9, 'free');
INSERT INTO parking_spots (id, parking_lot_id, spot_number, zone, spot_row, spot_col, status) VALUES ('824925e8-c141-5e6a-bded-face8116ad06', '62feaf63-aa20-5070-b89f-e81bfd5f47cd', 'f-f2-p0:C10', 'STANDARD', 3, 10, 'free');
INSERT INTO parking_spots (id, parking_lot_id, spot_number, zone, spot_row, spot_col, status) VALUES ('d4b475b6-788f-5ab3-ad25-58b2a4793c90', '62feaf63-aa20-5070-b89f-e81bfd5f47cd', 'f-f2-p0:C11', 'STANDARD', 3, 11, 'free');
INSERT INTO parking_spots (id, parking_lot_id, spot_number, zone, spot_row, spot_col, status) VALUES ('8558e113-e999-5c5e-a80a-4c275f83b13f', '62feaf63-aa20-5070-b89f-e81bfd5f47cd', 'f-f2-p0:C12', 'STANDARD', 3, 12, 'free');
INSERT INTO parking_spots (id, parking_lot_id, spot_number, zone, spot_row, spot_col, status) VALUES ('f489f30e-170f-532e-80fc-7eb4010acb97', '62feaf63-aa20-5070-b89f-e81bfd5f47cd', 'f-f2-p0:C13', 'STANDARD', 3, 13, 'free');
INSERT INTO parking_spots (id, parking_lot_id, spot_number, zone, spot_row, spot_col, status) VALUES ('2923d132-1995-5393-b0a4-b7e963b91300', '62feaf63-aa20-5070-b89f-e81bfd5f47cd', 'f-f2-p0:C14', 'STANDARD', 3, 14, 'free');
INSERT INTO parking_spots (id, parking_lot_id, spot_number, zone, spot_row, spot_col, status) VALUES ('3991a71b-208d-5527-8b30-083b01f012e7', '62feaf63-aa20-5070-b89f-e81bfd5f47cd', 'f-f2-p0:C15', 'STANDARD', 3, 15, 'free');
INSERT INTO parking_spots (id, parking_lot_id, spot_number, zone, spot_row, spot_col, status) VALUES ('25c659c0-90bb-5973-beb0-3e493c338da9', '62feaf63-aa20-5070-b89f-e81bfd5f47cd', 'f-f2-p0:C16', 'STANDARD', 3, 16, 'free');
INSERT INTO parking_spots (id, parking_lot_id, spot_number, zone, spot_row, spot_col, status) VALUES ('915fb39e-4bf5-57fc-9797-6ac877e591a7', '62feaf63-aa20-5070-b89f-e81bfd5f47cd', 'f-f2-p0:C17', 'STANDARD', 3, 17, 'free');
INSERT INTO parking_spots (id, parking_lot_id, spot_number, zone, spot_row, spot_col, status) VALUES ('b1a067a1-139a-564f-a4e5-1018d0c6d175', '62feaf63-aa20-5070-b89f-e81bfd5f47cd', 'f-f2-p0:C18', 'STANDARD', 3, 18, 'free');
INSERT INTO parking_spots (id, parking_lot_id, spot_number, zone, spot_row, spot_col, status) VALUES ('8fa07224-2d8f-503b-ab67-39932fee6a53', '62feaf63-aa20-5070-b89f-e81bfd5f47cd', 'f-f2-p0:C19', 'STANDARD', 3, 19, 'free');
INSERT INTO parking_spots (id, parking_lot_id, spot_number, zone, spot_row, spot_col, status) VALUES ('49086c21-a98e-5ac7-84a3-2bb41a999792', '62feaf63-aa20-5070-b89f-e81bfd5f47cd', 'f-f2-p0:C20', 'STANDARD', 3, 20, 'free');
INSERT INTO parking_spots (id, parking_lot_id, spot_number, zone, spot_row, spot_col, status) VALUES ('96c3d402-82cc-557d-a4b1-eb83e8a8ac77', '62feaf63-aa20-5070-b89f-e81bfd5f47cd', 'f-f2-p0:C21', 'STANDARD', 3, 21, 'free');
INSERT INTO parking_spots (id, parking_lot_id, spot_number, zone, spot_row, spot_col, status) VALUES ('28522372-6a53-5dad-b291-c1adb7222ddc', '62feaf63-aa20-5070-b89f-e81bfd5f47cd', 'f-f2-p0:C22', 'STANDARD', 3, 22, 'free');
INSERT INTO parking_spots (id, parking_lot_id, spot_number, zone, spot_row, spot_col, status) VALUES ('9c813a2a-130f-5581-8936-46e13ee01c7e', '62feaf63-aa20-5070-b89f-e81bfd5f47cd', 'f-f2-p0:C23', 'STANDARD', 3, 23, 'free');
INSERT INTO parking_spots (id, parking_lot_id, spot_number, zone, spot_row, spot_col, status) VALUES ('69829b22-96f4-543e-9fcd-41f00346782e', '62feaf63-aa20-5070-b89f-e81bfd5f47cd', 'f-f2-p0:C24', 'STANDARD', 3, 24, 'free');
INSERT INTO parking_spots (id, parking_lot_id, spot_number, zone, spot_row, spot_col, status) VALUES ('730b98c3-4d34-5794-bcea-3c7f417d0fef', '62feaf63-aa20-5070-b89f-e81bfd5f47cd', 'f-f2-p0:C25', 'STANDARD', 3, 25, 'free');
INSERT INTO parking_spots (id, parking_lot_id, spot_number, zone, spot_row, spot_col, status) VALUES ('d5646478-11e3-5fc6-ab9f-7ef6cb083452', '62feaf63-aa20-5070-b89f-e81bfd5f47cd', 'f-f2-p0:D1', 'STANDARD', 4, 1, 'free');
INSERT INTO parking_spots (id, parking_lot_id, spot_number, zone, spot_row, spot_col, status) VALUES ('6d65d763-b3b1-5c69-8dee-b869f7cc8fbf', '62feaf63-aa20-5070-b89f-e81bfd5f47cd', 'f-f2-p0:D2', 'STANDARD', 4, 2, 'free');
INSERT INTO parking_spots (id, parking_lot_id, spot_number, zone, spot_row, spot_col, status) VALUES ('0242a5a9-71c8-5c82-b41e-3485ffb9715c', '62feaf63-aa20-5070-b89f-e81bfd5f47cd', 'f-f2-p0:D3', 'STANDARD', 4, 3, 'free');
INSERT INTO parking_spots (id, parking_lot_id, spot_number, zone, spot_row, spot_col, status) VALUES ('de174609-22de-58a7-aa35-04f40cb8ffab', '62feaf63-aa20-5070-b89f-e81bfd5f47cd', 'f-f2-p0:D4', 'STANDARD', 4, 4, 'free');
INSERT INTO parking_spots (id, parking_lot_id, spot_number, zone, spot_row, spot_col, status) VALUES ('97c4e691-fe52-534c-acdb-3ad26dddc06c', '62feaf63-aa20-5070-b89f-e81bfd5f47cd', 'f-f2-p0:D5', 'STANDARD', 4, 5, 'free');
INSERT INTO parking_spots (id, parking_lot_id, spot_number, zone, spot_row, spot_col, status) VALUES ('d1cbb441-24fa-5510-8b19-57a258bc9ad3', '62feaf63-aa20-5070-b89f-e81bfd5f47cd', 'f-f2-p0:D6', 'STANDARD', 4, 6, 'free');
INSERT INTO parking_spots (id, parking_lot_id, spot_number, zone, spot_row, spot_col, status) VALUES ('48e7366c-cead-5e4b-9713-2e03e9bbca84', '62feaf63-aa20-5070-b89f-e81bfd5f47cd', 'f-f2-p0:D7', 'STANDARD', 4, 7, 'free');
INSERT INTO parking_spots (id, parking_lot_id, spot_number, zone, spot_row, spot_col, status) VALUES ('76162556-e445-5182-916e-263035f5193f', '62feaf63-aa20-5070-b89f-e81bfd5f47cd', 'f-f2-p0:D8', 'STANDARD', 4, 8, 'free');
INSERT INTO parking_spots (id, parking_lot_id, spot_number, zone, spot_row, spot_col, status) VALUES ('e3ce9155-32e3-5175-a672-eae2c1dd311c', '62feaf63-aa20-5070-b89f-e81bfd5f47cd', 'f-f2-p0:D9', 'STANDARD', 4, 9, 'free');
INSERT INTO parking_spots (id, parking_lot_id, spot_number, zone, spot_row, spot_col, status) VALUES ('99823394-7661-5b10-b6b6-7f322b63b9a1', '62feaf63-aa20-5070-b89f-e81bfd5f47cd', 'f-f2-p0:D10', 'STANDARD', 4, 10, 'free');
INSERT INTO parking_spots (id, parking_lot_id, spot_number, zone, spot_row, spot_col, status) VALUES ('5d8f0375-80a2-5e93-9976-58b420135632', '62feaf63-aa20-5070-b89f-e81bfd5f47cd', 'f-f2-p0:D11', 'STANDARD', 4, 11, 'free');
INSERT INTO parking_spots (id, parking_lot_id, spot_number, zone, spot_row, spot_col, status) VALUES ('4b29b8cd-9cfd-5e1c-8bc5-521f59a60e12', '62feaf63-aa20-5070-b89f-e81bfd5f47cd', 'f-f2-p0:D12', 'STANDARD', 4, 12, 'free');
INSERT INTO parking_spots (id, parking_lot_id, spot_number, zone, spot_row, spot_col, status) VALUES ('64db4a81-ad37-5af2-9c9a-29644028788f', '62feaf63-aa20-5070-b89f-e81bfd5f47cd', 'f-f2-p0:D13', 'STANDARD', 4, 13, 'free');
INSERT INTO parking_spots (id, parking_lot_id, spot_number, zone, spot_row, spot_col, status) VALUES ('27615a05-cd6c-5aa4-be1b-899562eb5d63', '62feaf63-aa20-5070-b89f-e81bfd5f47cd', 'f-f2-p0:D14', 'STANDARD', 4, 14, 'free');
INSERT INTO parking_spots (id, parking_lot_id, spot_number, zone, spot_row, spot_col, status) VALUES ('cf7e6592-da36-54ff-bf6a-a7a72b54541d', '62feaf63-aa20-5070-b89f-e81bfd5f47cd', 'f-f2-p0:D15', 'STANDARD', 4, 15, 'free');
INSERT INTO parking_spots (id, parking_lot_id, spot_number, zone, spot_row, spot_col, status) VALUES ('cb38bff7-dc78-5341-abf5-10d611515601', '62feaf63-aa20-5070-b89f-e81bfd5f47cd', 'f-f2-p0:D16', 'STANDARD', 4, 16, 'free');
INSERT INTO parking_spots (id, parking_lot_id, spot_number, zone, spot_row, spot_col, status) VALUES ('d6436032-93e4-50cd-98df-95ae51f43a2f', '62feaf63-aa20-5070-b89f-e81bfd5f47cd', 'f-f2-p0:D17', 'STANDARD', 4, 17, 'free');
INSERT INTO parking_spots (id, parking_lot_id, spot_number, zone, spot_row, spot_col, status) VALUES ('b2052c11-7152-549d-8df7-38b8ce5286c6', '62feaf63-aa20-5070-b89f-e81bfd5f47cd', 'f-f2-p0:D18', 'STANDARD', 4, 18, 'free');
INSERT INTO parking_spots (id, parking_lot_id, spot_number, zone, spot_row, spot_col, status) VALUES ('0d1c300a-8f18-5754-b5d8-4207536616b6', '62feaf63-aa20-5070-b89f-e81bfd5f47cd', 'f-f2-p0:D19', 'STANDARD', 4, 19, 'free');
INSERT INTO parking_spots (id, parking_lot_id, spot_number, zone, spot_row, spot_col, status) VALUES ('0c6d9299-644b-503e-8b4c-ec85310306d8', '62feaf63-aa20-5070-b89f-e81bfd5f47cd', 'f-f2-p0:D20', 'STANDARD', 4, 20, 'free');
INSERT INTO parking_spots (id, parking_lot_id, spot_number, zone, spot_row, spot_col, status) VALUES ('989d0c13-cdee-5c4e-beb7-444371a98982', '62feaf63-aa20-5070-b89f-e81bfd5f47cd', 'f-f2-p0:D21', 'STANDARD', 4, 21, 'free');
INSERT INTO parking_spots (id, parking_lot_id, spot_number, zone, spot_row, spot_col, status) VALUES ('f7a1cd80-7198-55eb-9587-3c9820ff9b33', '62feaf63-aa20-5070-b89f-e81bfd5f47cd', 'f-f2-p0:D22', 'STANDARD', 4, 22, 'free');
INSERT INTO parking_spots (id, parking_lot_id, spot_number, zone, spot_row, spot_col, status) VALUES ('f2396137-3950-57ad-9053-7a88389f6fe8', '62feaf63-aa20-5070-b89f-e81bfd5f47cd', 'f-f2-p0:D23', 'STANDARD', 4, 23, 'free');
INSERT INTO parking_spots (id, parking_lot_id, spot_number, zone, spot_row, spot_col, status) VALUES ('973f140d-fd70-53da-afd8-aba969116f5c', '62feaf63-aa20-5070-b89f-e81bfd5f47cd', 'f-f2-p0:D24', 'STANDARD', 4, 24, 'free');
INSERT INTO parking_spots (id, parking_lot_id, spot_number, zone, spot_row, spot_col, status) VALUES ('8faa7b21-5e47-592a-b00a-9f89b93e1823', '62feaf63-aa20-5070-b89f-e81bfd5f47cd', 'f-f2-p0:D25', 'STANDARD', 4, 25, 'free');
INSERT INTO parking_spots (id, parking_lot_id, spot_number, zone, spot_row, spot_col, status) VALUES ('79370380-496f-54e9-b270-025547630445', '62feaf63-aa20-5070-b89f-e81bfd5f47cd', 'f-f2-p0:E1', 'STANDARD', 5, 1, 'free');
INSERT INTO parking_spots (id, parking_lot_id, spot_number, zone, spot_row, spot_col, status) VALUES ('62512dca-5004-5a0f-877f-9b6817594dd3', '62feaf63-aa20-5070-b89f-e81bfd5f47cd', 'f-f2-p0:E2', 'STANDARD', 5, 2, 'free');
INSERT INTO parking_spots (id, parking_lot_id, spot_number, zone, spot_row, spot_col, status) VALUES ('1c9916e2-a8b8-59c2-b8f1-a87783a92529', '62feaf63-aa20-5070-b89f-e81bfd5f47cd', 'f-f2-p0:E3', 'STANDARD', 5, 3, 'free');
INSERT INTO parking_spots (id, parking_lot_id, spot_number, zone, spot_row, spot_col, status) VALUES ('17d39b72-0d94-5bd4-ab95-cc439f0a1a9a', '62feaf63-aa20-5070-b89f-e81bfd5f47cd', 'f-f2-p0:E4', 'STANDARD', 5, 4, 'free');
INSERT INTO parking_spots (id, parking_lot_id, spot_number, zone, spot_row, spot_col, status) VALUES ('742bb5db-9022-5b21-8214-6382f6b04c09', '62feaf63-aa20-5070-b89f-e81bfd5f47cd', 'f-f2-p0:E5', 'STANDARD', 5, 5, 'free');
INSERT INTO parking_spots (id, parking_lot_id, spot_number, zone, spot_row, spot_col, status) VALUES ('60f49764-2397-58ea-8685-53fa6ce7770a', '62feaf63-aa20-5070-b89f-e81bfd5f47cd', 'f-f2-p0:E6', 'STANDARD', 5, 6, 'free');
INSERT INTO parking_spots (id, parking_lot_id, spot_number, zone, spot_row, spot_col, status) VALUES ('ae4983e5-93e6-502c-93a7-d2d1aef8cb74', '62feaf63-aa20-5070-b89f-e81bfd5f47cd', 'f-f2-p0:E7', 'STANDARD', 5, 7, 'free');
INSERT INTO parking_spots (id, parking_lot_id, spot_number, zone, spot_row, spot_col, status) VALUES ('72f1d677-59a3-5134-b03d-f86382b63cec', '62feaf63-aa20-5070-b89f-e81bfd5f47cd', 'f-f2-p0:E8', 'STANDARD', 5, 8, 'free');
INSERT INTO parking_spots (id, parking_lot_id, spot_number, zone, spot_row, spot_col, status) VALUES ('385d64da-4624-5479-8b5e-86183afd8ae0', '62feaf63-aa20-5070-b89f-e81bfd5f47cd', 'f-f2-p0:E9', 'STANDARD', 5, 9, 'free');
INSERT INTO parking_spots (id, parking_lot_id, spot_number, zone, spot_row, spot_col, status) VALUES ('6b71ffae-c821-5006-a198-dc0e77961675', '62feaf63-aa20-5070-b89f-e81bfd5f47cd', 'f-f2-p0:E10', 'STANDARD', 5, 10, 'free');
INSERT INTO parking_spots (id, parking_lot_id, spot_number, zone, spot_row, spot_col, status) VALUES ('21ad337f-da02-55a2-87de-d9ac01fbcc40', '62feaf63-aa20-5070-b89f-e81bfd5f47cd', 'f-f2-p0:E11', 'STANDARD', 5, 11, 'free');
INSERT INTO parking_spots (id, parking_lot_id, spot_number, zone, spot_row, spot_col, status) VALUES ('7e744022-ebb2-5197-a323-1136fa9b8fb7', '62feaf63-aa20-5070-b89f-e81bfd5f47cd', 'f-f2-p0:E12', 'STANDARD', 5, 12, 'free');
INSERT INTO parking_spots (id, parking_lot_id, spot_number, zone, spot_row, spot_col, status) VALUES ('16b4f4e6-6f34-524a-afe5-48fcd7200b7b', '62feaf63-aa20-5070-b89f-e81bfd5f47cd', 'f-f2-p0:E13', 'STANDARD', 5, 13, 'free');
INSERT INTO parking_spots (id, parking_lot_id, spot_number, zone, spot_row, spot_col, status) VALUES ('13423e48-cb66-51cf-a32a-1002c901fa16', '62feaf63-aa20-5070-b89f-e81bfd5f47cd', 'f-f2-p0:E14', 'STANDARD', 5, 14, 'free');
INSERT INTO parking_spots (id, parking_lot_id, spot_number, zone, spot_row, spot_col, status) VALUES ('fa62286a-e9f4-5a3d-be4a-4bff7bed4018', '62feaf63-aa20-5070-b89f-e81bfd5f47cd', 'f-f2-p0:E15', 'STANDARD', 5, 15, 'free');
INSERT INTO parking_spots (id, parking_lot_id, spot_number, zone, spot_row, spot_col, status) VALUES ('11cfc5a3-f42c-5dbb-b427-1d689d07758b', '62feaf63-aa20-5070-b89f-e81bfd5f47cd', 'f-f2-p0:E16', 'STANDARD', 5, 16, 'free');
INSERT INTO parking_spots (id, parking_lot_id, spot_number, zone, spot_row, spot_col, status) VALUES ('f53a622e-2548-553a-8a8c-3391e555d34f', '62feaf63-aa20-5070-b89f-e81bfd5f47cd', 'f-f2-p0:E17', 'STANDARD', 5, 17, 'free');
INSERT INTO parking_spots (id, parking_lot_id, spot_number, zone, spot_row, spot_col, status) VALUES ('3e8ba293-57e2-5e57-92ec-78cc5d454d00', '62feaf63-aa20-5070-b89f-e81bfd5f47cd', 'f-f2-p0:E18', 'STANDARD', 5, 18, 'free');
INSERT INTO parking_spots (id, parking_lot_id, spot_number, zone, spot_row, spot_col, status) VALUES ('9b019248-e80f-5c6b-96b2-a65f2a126efe', '62feaf63-aa20-5070-b89f-e81bfd5f47cd', 'f-f2-p0:E19', 'STANDARD', 5, 19, 'free');
INSERT INTO parking_spots (id, parking_lot_id, spot_number, zone, spot_row, spot_col, status) VALUES ('9ac0eb69-2672-5323-94c0-83503f43527e', '62feaf63-aa20-5070-b89f-e81bfd5f47cd', 'f-f2-p0:E20', 'STANDARD', 5, 20, 'free');
INSERT INTO parking_spots (id, parking_lot_id, spot_number, zone, spot_row, spot_col, status) VALUES ('2cbdf6e8-a012-5388-b7b8-f16b63bf7043', '62feaf63-aa20-5070-b89f-e81bfd5f47cd', 'f-f2-p0:E21', 'STANDARD', 5, 21, 'free');
INSERT INTO parking_spots (id, parking_lot_id, spot_number, zone, spot_row, spot_col, status) VALUES ('6a2cd106-0798-5c52-b19a-32f700e7d70c', '62feaf63-aa20-5070-b89f-e81bfd5f47cd', 'f-f2-p0:E22', 'STANDARD', 5, 22, 'free');
INSERT INTO parking_spots (id, parking_lot_id, spot_number, zone, spot_row, spot_col, status) VALUES ('341d5b0f-cf61-5697-9e8f-d7ef1d0a4c90', '62feaf63-aa20-5070-b89f-e81bfd5f47cd', 'f-f2-p0:E23', 'STANDARD', 5, 23, 'free');
INSERT INTO parking_spots (id, parking_lot_id, spot_number, zone, spot_row, spot_col, status) VALUES ('7d115398-9a40-5a87-933f-3529524aae5d', '62feaf63-aa20-5070-b89f-e81bfd5f47cd', 'f-f2-p0:E24', 'STANDARD', 5, 24, 'free');
INSERT INTO parking_spots (id, parking_lot_id, spot_number, zone, spot_row, spot_col, status) VALUES ('6245b9e5-92b7-5404-a265-cb5c896b690b', '62feaf63-aa20-5070-b89f-e81bfd5f47cd', 'f-f2-p0:E25', 'STANDARD', 5, 25, 'free');
INSERT INTO parking_spots (id, parking_lot_id, spot_number, zone, spot_row, spot_col, status) VALUES ('46f5c5fb-61cb-5fb3-9f3f-7d89422cc882', '62feaf63-aa20-5070-b89f-e81bfd5f47cd', 'f-f2-p0:F1', 'STANDARD', 6, 1, 'free');
INSERT INTO parking_spots (id, parking_lot_id, spot_number, zone, spot_row, spot_col, status) VALUES ('a3fd5c6f-7920-5ee4-88dc-c6bedb922c17', '62feaf63-aa20-5070-b89f-e81bfd5f47cd', 'f-f2-p0:F2', 'STANDARD', 6, 2, 'free');
INSERT INTO parking_spots (id, parking_lot_id, spot_number, zone, spot_row, spot_col, status) VALUES ('ead72e3d-d47d-5dc6-976d-d14766a30f57', '62feaf63-aa20-5070-b89f-e81bfd5f47cd', 'f-f2-p0:F3', 'STANDARD', 6, 3, 'free');
INSERT INTO parking_spots (id, parking_lot_id, spot_number, zone, spot_row, spot_col, status) VALUES ('de5956cc-4eba-5cd4-a862-a6a6fa11e694', '62feaf63-aa20-5070-b89f-e81bfd5f47cd', 'f-f2-p0:F4', 'STANDARD', 6, 4, 'free');
INSERT INTO parking_spots (id, parking_lot_id, spot_number, zone, spot_row, spot_col, status) VALUES ('fe6008b4-b861-566c-acec-71586d2843d0', '62feaf63-aa20-5070-b89f-e81bfd5f47cd', 'f-f2-p0:F5', 'STANDARD', 6, 5, 'free');
INSERT INTO parking_spots (id, parking_lot_id, spot_number, zone, spot_row, spot_col, status) VALUES ('62c76bfc-aadd-5274-8f8f-017e32372d0d', '62feaf63-aa20-5070-b89f-e81bfd5f47cd', 'f-f2-p0:F6', 'STANDARD', 6, 6, 'free');
INSERT INTO parking_spots (id, parking_lot_id, spot_number, zone, spot_row, spot_col, status) VALUES ('8b706913-b54f-547f-9352-ac95d289ddef', '62feaf63-aa20-5070-b89f-e81bfd5f47cd', 'f-f2-p0:F7', 'STANDARD', 6, 7, 'free');
INSERT INTO parking_spots (id, parking_lot_id, spot_number, zone, spot_row, spot_col, status) VALUES ('d6fdae1e-9ade-55c4-aa5e-c3b198013084', '62feaf63-aa20-5070-b89f-e81bfd5f47cd', 'f-f2-p0:F8', 'STANDARD', 6, 8, 'free');
INSERT INTO parking_spots (id, parking_lot_id, spot_number, zone, spot_row, spot_col, status) VALUES ('e9481000-6063-5fb7-b652-db6b130371ef', '62feaf63-aa20-5070-b89f-e81bfd5f47cd', 'f-f2-p0:F9', 'STANDARD', 6, 9, 'free');
INSERT INTO parking_spots (id, parking_lot_id, spot_number, zone, spot_row, spot_col, status) VALUES ('f3642e30-9570-552c-b332-32e936670e64', '62feaf63-aa20-5070-b89f-e81bfd5f47cd', 'f-f2-p0:F10', 'STANDARD', 6, 10, 'free');
INSERT INTO parking_spots (id, parking_lot_id, spot_number, zone, spot_row, spot_col, status) VALUES ('2fd5077c-d06d-5b2a-a663-f0a08d7c86b3', '62feaf63-aa20-5070-b89f-e81bfd5f47cd', 'f-f2-p0:F11', 'STANDARD', 6, 11, 'free');
INSERT INTO parking_spots (id, parking_lot_id, spot_number, zone, spot_row, spot_col, status) VALUES ('0d3f6ad0-d0a2-5bd4-87d9-219f42b17b0a', '62feaf63-aa20-5070-b89f-e81bfd5f47cd', 'f-f2-p0:F12', 'STANDARD', 6, 12, 'free');
INSERT INTO parking_spots (id, parking_lot_id, spot_number, zone, spot_row, spot_col, status) VALUES ('a22a028f-ee15-5a4f-a6a7-19899873d63d', '62feaf63-aa20-5070-b89f-e81bfd5f47cd', 'f-f2-p0:F13', 'STANDARD', 6, 13, 'free');
INSERT INTO parking_spots (id, parking_lot_id, spot_number, zone, spot_row, spot_col, status) VALUES ('5f0afcb9-25c7-5e98-8f58-7517c8978089', '62feaf63-aa20-5070-b89f-e81bfd5f47cd', 'f-f2-p0:F14', 'STANDARD', 6, 14, 'free');
INSERT INTO parking_spots (id, parking_lot_id, spot_number, zone, spot_row, spot_col, status) VALUES ('b222d5f5-82b2-53f7-afb2-b5fbeef5ed05', '62feaf63-aa20-5070-b89f-e81bfd5f47cd', 'f-f2-p0:F15', 'STANDARD', 6, 15, 'free');
INSERT INTO parking_spots (id, parking_lot_id, spot_number, zone, spot_row, spot_col, status) VALUES ('e4cf4ebb-c785-557c-986f-31a5e47e2506', '62feaf63-aa20-5070-b89f-e81bfd5f47cd', 'f-f2-p0:F16', 'STANDARD', 6, 16, 'free');
INSERT INTO parking_spots (id, parking_lot_id, spot_number, zone, spot_row, spot_col, status) VALUES ('150f80d7-1342-57dc-8b2f-6e196a63bb57', '62feaf63-aa20-5070-b89f-e81bfd5f47cd', 'f-f2-p0:F17', 'STANDARD', 6, 17, 'free');
INSERT INTO parking_spots (id, parking_lot_id, spot_number, zone, spot_row, spot_col, status) VALUES ('4df649e6-12c6-5486-947b-422114696f71', '62feaf63-aa20-5070-b89f-e81bfd5f47cd', 'f-f2-p0:F18', 'STANDARD', 6, 18, 'free');
INSERT INTO parking_spots (id, parking_lot_id, spot_number, zone, spot_row, spot_col, status) VALUES ('7a8a1f42-e693-5f44-8b83-78e3f9a67885', '62feaf63-aa20-5070-b89f-e81bfd5f47cd', 'f-f2-p0:F19', 'STANDARD', 6, 19, 'free');
INSERT INTO parking_spots (id, parking_lot_id, spot_number, zone, spot_row, spot_col, status) VALUES ('ec690ee1-a2d3-58d0-834b-ccf81f2da055', '62feaf63-aa20-5070-b89f-e81bfd5f47cd', 'f-f2-p0:F20', 'STANDARD', 6, 20, 'free');
INSERT INTO parking_spots (id, parking_lot_id, spot_number, zone, spot_row, spot_col, status) VALUES ('668a96f1-a582-5e9e-b7b8-bd71f57da70b', '62feaf63-aa20-5070-b89f-e81bfd5f47cd', 'f-f2-p0:F21', 'STANDARD', 6, 21, 'free');
INSERT INTO parking_spots (id, parking_lot_id, spot_number, zone, spot_row, spot_col, status) VALUES ('37c10a0c-5335-5279-89c5-279c1043e2ee', '62feaf63-aa20-5070-b89f-e81bfd5f47cd', 'f-f2-p0:F22', 'STANDARD', 6, 22, 'free');
INSERT INTO parking_spots (id, parking_lot_id, spot_number, zone, spot_row, spot_col, status) VALUES ('19df77bd-386d-544a-9d84-41410ec3a44b', '62feaf63-aa20-5070-b89f-e81bfd5f47cd', 'f-f2-p0:F23', 'STANDARD', 6, 23, 'free');
INSERT INTO parking_spots (id, parking_lot_id, spot_number, zone, spot_row, spot_col, status) VALUES ('f18e82cb-67f3-5ecc-bcda-6c6c3a49cfa2', '62feaf63-aa20-5070-b89f-e81bfd5f47cd', 'f-f2-p0:F24', 'STANDARD', 6, 24, 'free');
INSERT INTO parking_spots (id, parking_lot_id, spot_number, zone, spot_row, spot_col, status) VALUES ('343aa45a-09d1-5d25-8993-a1d6f4debd51', '62feaf63-aa20-5070-b89f-e81bfd5f47cd', 'f-f2-p0:F25', 'STANDARD', 6, 25, 'free');
INSERT INTO parking_spots (id, parking_lot_id, spot_number, zone, spot_row, spot_col, status) VALUES ('207f12fb-ebc5-5ee3-a679-0ecce22726dd', '62feaf63-aa20-5070-b89f-e81bfd5f47cd', 'f-f2-p0:G1', 'STANDARD', 7, 1, 'free');
INSERT INTO parking_spots (id, parking_lot_id, spot_number, zone, spot_row, spot_col, status) VALUES ('4d3a7864-5a78-54f9-8900-988ec540a42c', '62feaf63-aa20-5070-b89f-e81bfd5f47cd', 'f-f2-p0:G2', 'STANDARD', 7, 2, 'free');
INSERT INTO parking_spots (id, parking_lot_id, spot_number, zone, spot_row, spot_col, status) VALUES ('f407c885-bb73-5c35-a631-272b80786232', '62feaf63-aa20-5070-b89f-e81bfd5f47cd', 'f-f2-p0:G3', 'STANDARD', 7, 3, 'free');
INSERT INTO parking_spots (id, parking_lot_id, spot_number, zone, spot_row, spot_col, status) VALUES ('479dd51f-eadd-5d42-aa5c-03b5789d9a68', '62feaf63-aa20-5070-b89f-e81bfd5f47cd', 'f-f2-p0:G4', 'STANDARD', 7, 4, 'free');
INSERT INTO parking_spots (id, parking_lot_id, spot_number, zone, spot_row, spot_col, status) VALUES ('8e019167-2961-5f1d-b81e-731784de63b7', '62feaf63-aa20-5070-b89f-e81bfd5f47cd', 'f-f2-p0:G5', 'STANDARD', 7, 5, 'free');
INSERT INTO parking_spots (id, parking_lot_id, spot_number, zone, spot_row, spot_col, status) VALUES ('3bcbbb1a-4fc7-5e75-8c4b-8d98e90129de', '62feaf63-aa20-5070-b89f-e81bfd5f47cd', 'f-f2-p0:G6', 'STANDARD', 7, 6, 'free');
INSERT INTO parking_spots (id, parking_lot_id, spot_number, zone, spot_row, spot_col, status) VALUES ('f1c34243-dab0-52c9-abc1-af338a5d143b', '62feaf63-aa20-5070-b89f-e81bfd5f47cd', 'f-f2-p0:G7', 'STANDARD', 7, 7, 'free');
INSERT INTO parking_spots (id, parking_lot_id, spot_number, zone, spot_row, spot_col, status) VALUES ('a1f8a375-8feb-59fd-b949-19969ea596f1', '62feaf63-aa20-5070-b89f-e81bfd5f47cd', 'f-f2-p0:G8', 'STANDARD', 7, 8, 'free');
INSERT INTO parking_spots (id, parking_lot_id, spot_number, zone, spot_row, spot_col, status) VALUES ('a0f14293-3261-5089-b021-466b5453324c', '62feaf63-aa20-5070-b89f-e81bfd5f47cd', 'f-f2-p0:G9', 'STANDARD', 7, 9, 'free');
INSERT INTO parking_spots (id, parking_lot_id, spot_number, zone, spot_row, spot_col, status) VALUES ('66dc11c5-805f-5eed-a9b0-43763766e43c', '62feaf63-aa20-5070-b89f-e81bfd5f47cd', 'f-f2-p0:G10', 'STANDARD', 7, 10, 'free');
INSERT INTO parking_spots (id, parking_lot_id, spot_number, zone, spot_row, spot_col, status) VALUES ('71a17fbf-0fd0-57d0-b258-552f3fd7e3a3', '62feaf63-aa20-5070-b89f-e81bfd5f47cd', 'f-f2-p0:G11', 'STANDARD', 7, 11, 'free');
INSERT INTO parking_spots (id, parking_lot_id, spot_number, zone, spot_row, spot_col, status) VALUES ('61e3600a-814a-5c03-8f81-311fd5bbffb1', '62feaf63-aa20-5070-b89f-e81bfd5f47cd', 'f-f2-p0:G12', 'STANDARD', 7, 12, 'free');
INSERT INTO parking_spots (id, parking_lot_id, spot_number, zone, spot_row, spot_col, status) VALUES ('1936fc51-01bb-5548-8584-b1b1cd3ac9bf', '62feaf63-aa20-5070-b89f-e81bfd5f47cd', 'f-f2-p0:G13', 'STANDARD', 7, 13, 'free');
INSERT INTO parking_spots (id, parking_lot_id, spot_number, zone, spot_row, spot_col, status) VALUES ('ca643ccd-f6a1-5e38-a5ab-36004d4012aa', '62feaf63-aa20-5070-b89f-e81bfd5f47cd', 'f-f2-p0:G14', 'STANDARD', 7, 14, 'free');
INSERT INTO parking_spots (id, parking_lot_id, spot_number, zone, spot_row, spot_col, status) VALUES ('b3f921a2-cbd0-5ea4-b216-e0575e09dbd1', '62feaf63-aa20-5070-b89f-e81bfd5f47cd', 'f-f2-p0:G15', 'STANDARD', 7, 15, 'free');
INSERT INTO parking_spots (id, parking_lot_id, spot_number, zone, spot_row, spot_col, status) VALUES ('33ecd673-d23f-509a-ba7a-35776e35dc2b', '62feaf63-aa20-5070-b89f-e81bfd5f47cd', 'f-f2-p0:G16', 'STANDARD', 7, 16, 'free');
INSERT INTO parking_spots (id, parking_lot_id, spot_number, zone, spot_row, spot_col, status) VALUES ('bbb3cc47-f45a-56f9-838e-d1b90e211f7f', '62feaf63-aa20-5070-b89f-e81bfd5f47cd', 'f-f2-p0:G17', 'STANDARD', 7, 17, 'free');
INSERT INTO parking_spots (id, parking_lot_id, spot_number, zone, spot_row, spot_col, status) VALUES ('40ae996e-04bd-57fa-94a4-47d9feab9e2d', '62feaf63-aa20-5070-b89f-e81bfd5f47cd', 'f-f2-p0:G18', 'STANDARD', 7, 18, 'free');
INSERT INTO parking_spots (id, parking_lot_id, spot_number, zone, spot_row, spot_col, status) VALUES ('56f61c9d-ca90-5873-ae38-16cf215010fd', '62feaf63-aa20-5070-b89f-e81bfd5f47cd', 'f-f2-p0:G19', 'STANDARD', 7, 19, 'free');
INSERT INTO parking_spots (id, parking_lot_id, spot_number, zone, spot_row, spot_col, status) VALUES ('88b6e05d-5758-5acd-ba6d-e36c6e7b212e', '62feaf63-aa20-5070-b89f-e81bfd5f47cd', 'f-f2-p0:G20', 'STANDARD', 7, 20, 'free');
INSERT INTO parking_spots (id, parking_lot_id, spot_number, zone, spot_row, spot_col, status) VALUES ('4eed110a-e962-54cc-b5c4-8d3237b309f2', '62feaf63-aa20-5070-b89f-e81bfd5f47cd', 'f-f2-p0:G21', 'STANDARD', 7, 21, 'free');
INSERT INTO parking_spots (id, parking_lot_id, spot_number, zone, spot_row, spot_col, status) VALUES ('e7af248f-b7b5-5475-993f-9a9010c8864c', '62feaf63-aa20-5070-b89f-e81bfd5f47cd', 'f-f2-p0:G22', 'STANDARD', 7, 22, 'free');
INSERT INTO parking_spots (id, parking_lot_id, spot_number, zone, spot_row, spot_col, status) VALUES ('4e0fde02-fb92-5fc9-9d43-247f954c7c65', '62feaf63-aa20-5070-b89f-e81bfd5f47cd', 'f-f2-p0:G23', 'STANDARD', 7, 23, 'free');
INSERT INTO parking_spots (id, parking_lot_id, spot_number, zone, spot_row, spot_col, status) VALUES ('81561921-a23c-5e30-85c0-89cf2a7da1c9', '62feaf63-aa20-5070-b89f-e81bfd5f47cd', 'f-f2-p0:G24', 'STANDARD', 7, 24, 'free');
INSERT INTO parking_spots (id, parking_lot_id, spot_number, zone, spot_row, spot_col, status) VALUES ('484aefdf-6680-5a8b-aab6-0014f7d695f0', '62feaf63-aa20-5070-b89f-e81bfd5f47cd', 'f-f2-p0:G25', 'STANDARD', 7, 25, 'free');
INSERT INTO parking_spots (id, parking_lot_id, spot_number, zone, spot_row, spot_col, status) VALUES ('61300e43-6837-530f-aaa3-201464297035', '62feaf63-aa20-5070-b89f-e81bfd5f47cd', 'f-f2-p0:H1', 'STANDARD', 8, 1, 'free');
INSERT INTO parking_spots (id, parking_lot_id, spot_number, zone, spot_row, spot_col, status) VALUES ('151bc8dc-c15d-5dc8-850f-e9a0bd0fc375', '62feaf63-aa20-5070-b89f-e81bfd5f47cd', 'f-f2-p0:H2', 'STANDARD', 8, 2, 'free');
INSERT INTO parking_spots (id, parking_lot_id, spot_number, zone, spot_row, spot_col, status) VALUES ('2e6ddd3d-b898-5be4-972b-f1a4d5a0d82a', '62feaf63-aa20-5070-b89f-e81bfd5f47cd', 'f-f2-p0:H3', 'STANDARD', 8, 3, 'free');
INSERT INTO parking_spots (id, parking_lot_id, spot_number, zone, spot_row, spot_col, status) VALUES ('bf895e00-edb3-5848-9757-4fa03298669e', '62feaf63-aa20-5070-b89f-e81bfd5f47cd', 'f-f2-p0:H4', 'STANDARD', 8, 4, 'free');
INSERT INTO parking_spots (id, parking_lot_id, spot_number, zone, spot_row, spot_col, status) VALUES ('d3c4282d-8005-5f3a-b769-4969716dd52f', '62feaf63-aa20-5070-b89f-e81bfd5f47cd', 'f-f2-p0:H5', 'STANDARD', 8, 5, 'free');
INSERT INTO parking_spots (id, parking_lot_id, spot_number, zone, spot_row, spot_col, status) VALUES ('a33f9bf3-0ab3-53aa-9e40-185faee6f5b0', '62feaf63-aa20-5070-b89f-e81bfd5f47cd', 'f-f2-p0:H6', 'STANDARD', 8, 6, 'free');
INSERT INTO parking_spots (id, parking_lot_id, spot_number, zone, spot_row, spot_col, status) VALUES ('df3760b1-7976-51cc-b791-03f438170aba', '62feaf63-aa20-5070-b89f-e81bfd5f47cd', 'f-f2-p0:H7', 'STANDARD', 8, 7, 'free');
INSERT INTO parking_spots (id, parking_lot_id, spot_number, zone, spot_row, spot_col, status) VALUES ('24c4a28a-acc3-5da4-ba74-9f992a343de4', '62feaf63-aa20-5070-b89f-e81bfd5f47cd', 'f-f2-p0:H8', 'STANDARD', 8, 8, 'free');
INSERT INTO parking_spots (id, parking_lot_id, spot_number, zone, spot_row, spot_col, status) VALUES ('928215d8-e361-5ab8-be6a-237f177e1827', '62feaf63-aa20-5070-b89f-e81bfd5f47cd', 'f-f2-p0:H9', 'STANDARD', 8, 9, 'free');
INSERT INTO parking_spots (id, parking_lot_id, spot_number, zone, spot_row, spot_col, status) VALUES ('037b2932-9772-5193-8318-b60599e40cfd', '62feaf63-aa20-5070-b89f-e81bfd5f47cd', 'f-f2-p0:H10', 'STANDARD', 8, 10, 'free');
INSERT INTO parking_spots (id, parking_lot_id, spot_number, zone, spot_row, spot_col, status) VALUES ('21b065c8-5e38-5707-82e7-e5aac44631c4', '62feaf63-aa20-5070-b89f-e81bfd5f47cd', 'f-f2-p0:H11', 'STANDARD', 8, 11, 'free');
INSERT INTO parking_spots (id, parking_lot_id, spot_number, zone, spot_row, spot_col, status) VALUES ('f0d94e96-da71-5530-88fa-5a3a2ae23913', '62feaf63-aa20-5070-b89f-e81bfd5f47cd', 'f-f2-p0:H12', 'STANDARD', 8, 12, 'free');
INSERT INTO parking_spots (id, parking_lot_id, spot_number, zone, spot_row, spot_col, status) VALUES ('409c79bf-1cb3-5f82-abce-12f536176a74', '62feaf63-aa20-5070-b89f-e81bfd5f47cd', 'f-f2-p0:H13', 'STANDARD', 8, 13, 'free');
INSERT INTO parking_spots (id, parking_lot_id, spot_number, zone, spot_row, spot_col, status) VALUES ('7b467c84-18ac-5f1b-b424-25eebad9a701', '62feaf63-aa20-5070-b89f-e81bfd5f47cd', 'f-f2-p0:H14', 'STANDARD', 8, 14, 'free');
INSERT INTO parking_spots (id, parking_lot_id, spot_number, zone, spot_row, spot_col, status) VALUES ('755bf80c-c120-51b0-8b61-572b06fdb8db', '62feaf63-aa20-5070-b89f-e81bfd5f47cd', 'f-f2-p0:H15', 'STANDARD', 8, 15, 'free');
INSERT INTO parking_spots (id, parking_lot_id, spot_number, zone, spot_row, spot_col, status) VALUES ('334ce196-7c62-5dba-812c-6edabd2ef9f7', '62feaf63-aa20-5070-b89f-e81bfd5f47cd', 'f-f2-p0:H16', 'STANDARD', 8, 16, 'free');
INSERT INTO parking_spots (id, parking_lot_id, spot_number, zone, spot_row, spot_col, status) VALUES ('0baf17f5-0690-5371-bf6a-876b32b5336b', '62feaf63-aa20-5070-b89f-e81bfd5f47cd', 'f-f2-p0:H17', 'STANDARD', 8, 17, 'free');
INSERT INTO parking_spots (id, parking_lot_id, spot_number, zone, spot_row, spot_col, status) VALUES ('f293f325-de92-5cf3-953b-e15fe8007904', '62feaf63-aa20-5070-b89f-e81bfd5f47cd', 'f-f2-p0:H18', 'STANDARD', 8, 18, 'free');
INSERT INTO parking_spots (id, parking_lot_id, spot_number, zone, spot_row, spot_col, status) VALUES ('4701f56a-8d86-5066-b319-084b4441161d', '62feaf63-aa20-5070-b89f-e81bfd5f47cd', 'f-f2-p0:H19', 'STANDARD', 8, 19, 'free');
INSERT INTO parking_spots (id, parking_lot_id, spot_number, zone, spot_row, spot_col, status) VALUES ('79fdacec-847d-5197-9245-fef22d1cac21', '62feaf63-aa20-5070-b89f-e81bfd5f47cd', 'f-f2-p0:H20', 'STANDARD', 8, 20, 'free');
INSERT INTO parking_spots (id, parking_lot_id, spot_number, zone, spot_row, spot_col, status) VALUES ('16583b52-f498-5d9d-b8b5-9e36d772622f', '62feaf63-aa20-5070-b89f-e81bfd5f47cd', 'f-f2-p0:H21', 'STANDARD', 8, 21, 'free');
INSERT INTO parking_spots (id, parking_lot_id, spot_number, zone, spot_row, spot_col, status) VALUES ('d45ad03d-e27e-5772-a60f-be69e3d79c1a', '62feaf63-aa20-5070-b89f-e81bfd5f47cd', 'f-f2-p0:H22', 'STANDARD', 8, 22, 'free');
INSERT INTO parking_spots (id, parking_lot_id, spot_number, zone, spot_row, spot_col, status) VALUES ('8770efad-cfec-501a-893a-baa627f1057b', '62feaf63-aa20-5070-b89f-e81bfd5f47cd', 'f-f2-p0:H23', 'STANDARD', 8, 23, 'free');
INSERT INTO parking_spots (id, parking_lot_id, spot_number, zone, spot_row, spot_col, status) VALUES ('bfd3a72f-e8f1-5191-afbc-c4fc381d623f', '62feaf63-aa20-5070-b89f-e81bfd5f47cd', 'f-f2-p0:H24', 'STANDARD', 8, 24, 'free');
INSERT INTO parking_spots (id, parking_lot_id, spot_number, zone, spot_row, spot_col, status) VALUES ('9aa5c9f9-2079-541b-a4ff-f0299d31773b', '62feaf63-aa20-5070-b89f-e81bfd5f47cd', 'f-f2-p0:H25', 'STANDARD', 8, 25, 'free');
INSERT INTO parking_spots (id, parking_lot_id, spot_number, zone, spot_row, spot_col, status) VALUES ('c496aa8d-4fee-51c6-aa7a-3e46b465ea61', '62feaf63-aa20-5070-b89f-e81bfd5f47cd', 'f-f2-p0:I1', 'STANDARD', 9, 1, 'free');
INSERT INTO parking_spots (id, parking_lot_id, spot_number, zone, spot_row, spot_col, status) VALUES ('32db05ab-1996-50cc-87fc-b4cb7b8d5fe2', '62feaf63-aa20-5070-b89f-e81bfd5f47cd', 'f-f2-p0:I2', 'STANDARD', 9, 2, 'free');
INSERT INTO parking_spots (id, parking_lot_id, spot_number, zone, spot_row, spot_col, status) VALUES ('2fd4e85f-ebd5-50cf-aabb-557e00f5b5f5', '62feaf63-aa20-5070-b89f-e81bfd5f47cd', 'f-f2-p0:I3', 'STANDARD', 9, 3, 'free');
INSERT INTO parking_spots (id, parking_lot_id, spot_number, zone, spot_row, spot_col, status) VALUES ('d9eabb6f-dd3b-551f-9b42-1b22c8e4fa4f', '62feaf63-aa20-5070-b89f-e81bfd5f47cd', 'f-f2-p0:I4', 'STANDARD', 9, 4, 'free');
INSERT INTO parking_spots (id, parking_lot_id, spot_number, zone, spot_row, spot_col, status) VALUES ('57c83042-d2ce-503d-921d-c93c225f2e26', '62feaf63-aa20-5070-b89f-e81bfd5f47cd', 'f-f2-p0:I5', 'STANDARD', 9, 5, 'free');
INSERT INTO parking_spots (id, parking_lot_id, spot_number, zone, spot_row, spot_col, status) VALUES ('4dc2e8dd-0ce7-5dcd-bebf-0f3dc9e9d3f5', '62feaf63-aa20-5070-b89f-e81bfd5f47cd', 'f-f2-p0:I6', 'STANDARD', 9, 6, 'free');
INSERT INTO parking_spots (id, parking_lot_id, spot_number, zone, spot_row, spot_col, status) VALUES ('3cce2d05-1a2a-5c30-ab87-197786c72d47', '62feaf63-aa20-5070-b89f-e81bfd5f47cd', 'f-f2-p0:I7', 'STANDARD', 9, 7, 'free');
INSERT INTO parking_spots (id, parking_lot_id, spot_number, zone, spot_row, spot_col, status) VALUES ('00ce27b4-162a-512d-870e-1ac8d9c1c4ff', '62feaf63-aa20-5070-b89f-e81bfd5f47cd', 'f-f2-p0:I8', 'STANDARD', 9, 8, 'free');
INSERT INTO parking_spots (id, parking_lot_id, spot_number, zone, spot_row, spot_col, status) VALUES ('5fd1d938-10a7-5a9e-84ac-0c8bad1895f6', '62feaf63-aa20-5070-b89f-e81bfd5f47cd', 'f-f2-p0:I9', 'STANDARD', 9, 9, 'free');
INSERT INTO parking_spots (id, parking_lot_id, spot_number, zone, spot_row, spot_col, status) VALUES ('14caa35d-d7d2-5e18-ae47-e61ed7617bc9', '62feaf63-aa20-5070-b89f-e81bfd5f47cd', 'f-f2-p0:I10', 'STANDARD', 9, 10, 'free');
INSERT INTO parking_spots (id, parking_lot_id, spot_number, zone, spot_row, spot_col, status) VALUES ('785f5ada-7121-52de-9e0e-8cf779bb2273', '62feaf63-aa20-5070-b89f-e81bfd5f47cd', 'f-f2-p0:I11', 'STANDARD', 9, 11, 'free');
INSERT INTO parking_spots (id, parking_lot_id, spot_number, zone, spot_row, spot_col, status) VALUES ('464fb7c5-41e1-58d6-8f8e-b4cde1124852', '62feaf63-aa20-5070-b89f-e81bfd5f47cd', 'f-f2-p0:I12', 'STANDARD', 9, 12, 'free');
INSERT INTO parking_spots (id, parking_lot_id, spot_number, zone, spot_row, spot_col, status) VALUES ('5e118de9-c940-5d54-a1a8-a11f801063a6', '62feaf63-aa20-5070-b89f-e81bfd5f47cd', 'f-f2-p0:I13', 'STANDARD', 9, 13, 'free');
INSERT INTO parking_spots (id, parking_lot_id, spot_number, zone, spot_row, spot_col, status) VALUES ('734e9077-5972-5722-8c92-9a91e7a46ce0', '62feaf63-aa20-5070-b89f-e81bfd5f47cd', 'f-f2-p0:I14', 'STANDARD', 9, 14, 'free');
INSERT INTO parking_spots (id, parking_lot_id, spot_number, zone, spot_row, spot_col, status) VALUES ('abaab889-bc74-51b7-8307-49610902b280', '62feaf63-aa20-5070-b89f-e81bfd5f47cd', 'f-f2-p0:I15', 'STANDARD', 9, 15, 'free');
INSERT INTO parking_spots (id, parking_lot_id, spot_number, zone, spot_row, spot_col, status) VALUES ('e7ec543f-4e9e-5cb3-bdc6-c7093bff5f11', '62feaf63-aa20-5070-b89f-e81bfd5f47cd', 'f-f2-p0:I16', 'STANDARD', 9, 16, 'free');
INSERT INTO parking_spots (id, parking_lot_id, spot_number, zone, spot_row, spot_col, status) VALUES ('ff04f230-cb4e-5d66-9b14-a5a9d7d8574b', '62feaf63-aa20-5070-b89f-e81bfd5f47cd', 'f-f2-p0:I17', 'STANDARD', 9, 17, 'free');
INSERT INTO parking_spots (id, parking_lot_id, spot_number, zone, spot_row, spot_col, status) VALUES ('4818415b-458f-5ffb-9358-e5898fcc68dc', '62feaf63-aa20-5070-b89f-e81bfd5f47cd', 'f-f2-p0:I18', 'STANDARD', 9, 18, 'free');
INSERT INTO parking_spots (id, parking_lot_id, spot_number, zone, spot_row, spot_col, status) VALUES ('1a054239-2d08-5819-849c-1131f64e9e09', '62feaf63-aa20-5070-b89f-e81bfd5f47cd', 'f-f2-p0:I19', 'STANDARD', 9, 19, 'free');
INSERT INTO parking_spots (id, parking_lot_id, spot_number, zone, spot_row, spot_col, status) VALUES ('e44b5745-86ab-51de-a0cb-5af4eecd47fd', '62feaf63-aa20-5070-b89f-e81bfd5f47cd', 'f-f2-p0:I20', 'STANDARD', 9, 20, 'free');
INSERT INTO parking_spots (id, parking_lot_id, spot_number, zone, spot_row, spot_col, status) VALUES ('2009597a-e87f-5b65-9371-02436fb44d04', '62feaf63-aa20-5070-b89f-e81bfd5f47cd', 'f-f2-p0:I21', 'STANDARD', 9, 21, 'free');
INSERT INTO parking_spots (id, parking_lot_id, spot_number, zone, spot_row, spot_col, status) VALUES ('32be1917-9f78-5266-9319-99982675d890', '62feaf63-aa20-5070-b89f-e81bfd5f47cd', 'f-f2-p0:I22', 'STANDARD', 9, 22, 'free');
INSERT INTO parking_spots (id, parking_lot_id, spot_number, zone, spot_row, spot_col, status) VALUES ('895b1dee-2a6f-5296-9d9f-0e2fbb98d3c1', '62feaf63-aa20-5070-b89f-e81bfd5f47cd', 'f-f2-p0:I23', 'STANDARD', 9, 23, 'free');
INSERT INTO parking_spots (id, parking_lot_id, spot_number, zone, spot_row, spot_col, status) VALUES ('3eca4003-bf06-536c-a421-4011fe2aef72', '62feaf63-aa20-5070-b89f-e81bfd5f47cd', 'f-f2-p0:I24', 'STANDARD', 9, 24, 'free');
INSERT INTO parking_spots (id, parking_lot_id, spot_number, zone, spot_row, spot_col, status) VALUES ('c0a5f086-fd34-57e6-9ba7-45fec1d915eb', '62feaf63-aa20-5070-b89f-e81bfd5f47cd', 'f-f2-p0:I25', 'STANDARD', 9, 25, 'free');
INSERT INTO parking_spots (id, parking_lot_id, spot_number, zone, spot_row, spot_col, status) VALUES ('9c641ddd-2f55-52e5-9b49-e92fe5216596', '62feaf63-aa20-5070-b89f-e81bfd5f47cd', 'f-f2-p0:J1', 'STANDARD', 10, 1, 'free');
INSERT INTO parking_spots (id, parking_lot_id, spot_number, zone, spot_row, spot_col, status) VALUES ('06d6b873-1d9a-50e5-a2e4-27058a12917f', '62feaf63-aa20-5070-b89f-e81bfd5f47cd', 'f-f2-p0:J2', 'STANDARD', 10, 2, 'free');
INSERT INTO parking_spots (id, parking_lot_id, spot_number, zone, spot_row, spot_col, status) VALUES ('070b498d-0cb4-5228-a98d-93f74743b6a3', '62feaf63-aa20-5070-b89f-e81bfd5f47cd', 'f-f2-p0:J3', 'STANDARD', 10, 3, 'free');
INSERT INTO parking_spots (id, parking_lot_id, spot_number, zone, spot_row, spot_col, status) VALUES ('36a5c481-9db3-5bba-9329-9d1fd0eca4c6', '62feaf63-aa20-5070-b89f-e81bfd5f47cd', 'f-f2-p0:J4', 'STANDARD', 10, 4, 'free');
INSERT INTO parking_spots (id, parking_lot_id, spot_number, zone, spot_row, spot_col, status) VALUES ('46fa247c-0d3d-5283-a28f-7eccc9161b8e', '62feaf63-aa20-5070-b89f-e81bfd5f47cd', 'f-f2-p0:J5', 'STANDARD', 10, 5, 'free');
INSERT INTO parking_spots (id, parking_lot_id, spot_number, zone, spot_row, spot_col, status) VALUES ('033634b0-fc29-5888-a969-e4521f61bf5c', '62feaf63-aa20-5070-b89f-e81bfd5f47cd', 'f-f2-p0:J6', 'STANDARD', 10, 6, 'free');
INSERT INTO parking_spots (id, parking_lot_id, spot_number, zone, spot_row, spot_col, status) VALUES ('1921f5a8-22b4-5507-87b6-9682fa6e6902', '62feaf63-aa20-5070-b89f-e81bfd5f47cd', 'f-f2-p0:J7', 'STANDARD', 10, 7, 'free');
INSERT INTO parking_spots (id, parking_lot_id, spot_number, zone, spot_row, spot_col, status) VALUES ('1f66c72a-ed9d-5b79-ae98-d19eb8afe2b7', '62feaf63-aa20-5070-b89f-e81bfd5f47cd', 'f-f2-p0:J8', 'STANDARD', 10, 8, 'free');
INSERT INTO parking_spots (id, parking_lot_id, spot_number, zone, spot_row, spot_col, status) VALUES ('3ec1fc40-ca7e-55d6-bb15-5a80dac22ab2', '62feaf63-aa20-5070-b89f-e81bfd5f47cd', 'f-f2-p0:J9', 'STANDARD', 10, 9, 'free');
INSERT INTO parking_spots (id, parking_lot_id, spot_number, zone, spot_row, spot_col, status) VALUES ('e23acedc-0b1e-545a-aba9-2b6c55b9f0de', '62feaf63-aa20-5070-b89f-e81bfd5f47cd', 'f-f2-p0:J10', 'STANDARD', 10, 10, 'free');
INSERT INTO parking_spots (id, parking_lot_id, spot_number, zone, spot_row, spot_col, status) VALUES ('f9a9a94c-7f83-5f0d-b6b3-bf0c0eaf3d98', '62feaf63-aa20-5070-b89f-e81bfd5f47cd', 'f-f2-p0:J11', 'STANDARD', 10, 11, 'free');
INSERT INTO parking_spots (id, parking_lot_id, spot_number, zone, spot_row, spot_col, status) VALUES ('78b685ab-de83-5bb8-8f07-21437002b8e1', '62feaf63-aa20-5070-b89f-e81bfd5f47cd', 'f-f2-p0:J12', 'STANDARD', 10, 12, 'free');
INSERT INTO parking_spots (id, parking_lot_id, spot_number, zone, spot_row, spot_col, status) VALUES ('61f682d1-decc-5ec2-adf1-c881c7ce0c8b', '62feaf63-aa20-5070-b89f-e81bfd5f47cd', 'f-f2-p0:J13', 'STANDARD', 10, 13, 'free');
INSERT INTO parking_spots (id, parking_lot_id, spot_number, zone, spot_row, spot_col, status) VALUES ('ed2b7ec5-14ee-5d72-8458-356399b78995', '62feaf63-aa20-5070-b89f-e81bfd5f47cd', 'f-f2-p0:J14', 'STANDARD', 10, 14, 'free');
INSERT INTO parking_spots (id, parking_lot_id, spot_number, zone, spot_row, spot_col, status) VALUES ('fafec5df-34de-5966-a4b7-aeb04a4f0e69', '62feaf63-aa20-5070-b89f-e81bfd5f47cd', 'f-f2-p0:J15', 'STANDARD', 10, 15, 'free');
INSERT INTO parking_spots (id, parking_lot_id, spot_number, zone, spot_row, spot_col, status) VALUES ('bb8c9139-b37c-5295-b9c1-5cc1f7171c84', '62feaf63-aa20-5070-b89f-e81bfd5f47cd', 'f-f2-p0:J16', 'EV', 10, 16, 'ev');
INSERT INTO parking_spots (id, parking_lot_id, spot_number, zone, spot_row, spot_col, status) VALUES ('6c4b3577-1656-5baf-94e9-643138576918', '62feaf63-aa20-5070-b89f-e81bfd5f47cd', 'f-f2-p0:J17', 'STANDARD', 10, 17, 'free');
INSERT INTO parking_spots (id, parking_lot_id, spot_number, zone, spot_row, spot_col, status) VALUES ('a0e970e8-2314-5bfe-b778-9d94df0813d5', '62feaf63-aa20-5070-b89f-e81bfd5f47cd', 'f-f2-p0:J18', 'STANDARD', 10, 18, 'free');
INSERT INTO parking_spots (id, parking_lot_id, spot_number, zone, spot_row, spot_col, status) VALUES ('f62ad5a0-db9d-5dc0-9463-4bca903db936', '62feaf63-aa20-5070-b89f-e81bfd5f47cd', 'f-f2-p0:J19', 'STANDARD', 10, 19, 'free');
INSERT INTO parking_spots (id, parking_lot_id, spot_number, zone, spot_row, spot_col, status) VALUES ('15b1a60c-153c-5ae5-908f-710e2adaaab4', '62feaf63-aa20-5070-b89f-e81bfd5f47cd', 'f-f2-p0:J20', 'STANDARD', 10, 20, 'free');
INSERT INTO parking_spots (id, parking_lot_id, spot_number, zone, spot_row, spot_col, status) VALUES ('59f2ff7d-25df-5dae-a79b-3984b16aebae', '62feaf63-aa20-5070-b89f-e81bfd5f47cd', 'f-f2-p0:J21', 'STANDARD', 10, 21, 'free');
INSERT INTO parking_spots (id, parking_lot_id, spot_number, zone, spot_row, spot_col, status) VALUES ('77fc1283-3d03-5577-aac4-350d8447ff2f', '62feaf63-aa20-5070-b89f-e81bfd5f47cd', 'f-f2-p0:J22', 'STANDARD', 10, 22, 'free');
INSERT INTO parking_spots (id, parking_lot_id, spot_number, zone, spot_row, spot_col, status) VALUES ('7409e496-0718-5468-a466-baacc7e783d1', '62feaf63-aa20-5070-b89f-e81bfd5f47cd', 'f-f2-p0:J23', 'STANDARD', 10, 23, 'free');
INSERT INTO parking_spots (id, parking_lot_id, spot_number, zone, spot_row, spot_col, status) VALUES ('c2b2a54d-2ce6-5e67-be53-3fafca422556', '62feaf63-aa20-5070-b89f-e81bfd5f47cd', 'f-f2-p0:J24', 'STANDARD', 10, 24, 'free');
INSERT INTO parking_spots (id, parking_lot_id, spot_number, zone, spot_row, spot_col, status) VALUES ('f54144b4-b78c-519e-88f9-ccea4cbe86b0', '62feaf63-aa20-5070-b89f-e81bfd5f47cd', 'f-f2-p0:J25', 'STANDARD', 10, 25, 'free');
INSERT INTO parking_spots (id, parking_lot_id, spot_number, zone, spot_row, spot_col, status) VALUES ('b6da2500-958b-5044-b253-51d82863ed1d', '62feaf63-aa20-5070-b89f-e81bfd5f47cd', 'f-f2-p-1:A1', 'STANDARD', 1, 1, 'free');
INSERT INTO parking_spots (id, parking_lot_id, spot_number, zone, spot_row, spot_col, status) VALUES ('207a20ba-2380-588f-8858-d13730460095', '62feaf63-aa20-5070-b89f-e81bfd5f47cd', 'f-f2-p-1:A2', 'STANDARD', 1, 2, 'free');
INSERT INTO parking_spots (id, parking_lot_id, spot_number, zone, spot_row, spot_col, status) VALUES ('e6bda620-2713-5a4a-ab9c-6a506aca4064', '62feaf63-aa20-5070-b89f-e81bfd5f47cd', 'f-f2-p-1:A3', 'STANDARD', 1, 3, 'free');
INSERT INTO parking_spots (id, parking_lot_id, spot_number, zone, spot_row, spot_col, status) VALUES ('26fbaba1-c44b-5621-b9b3-f753b721af54', '62feaf63-aa20-5070-b89f-e81bfd5f47cd', 'f-f2-p-1:A4', 'STANDARD', 1, 4, 'free');
INSERT INTO parking_spots (id, parking_lot_id, spot_number, zone, spot_row, spot_col, status) VALUES ('17cc7f7d-238c-5238-b500-461ec77910ed', '62feaf63-aa20-5070-b89f-e81bfd5f47cd', 'f-f2-p-1:A5', 'STANDARD', 1, 5, 'free');
INSERT INTO parking_spots (id, parking_lot_id, spot_number, zone, spot_row, spot_col, status) VALUES ('7f4e24a8-8766-5d6e-997b-ab132ab4b68d', '62feaf63-aa20-5070-b89f-e81bfd5f47cd', 'f-f2-p-1:A6', 'STANDARD', 1, 6, 'free');
INSERT INTO parking_spots (id, parking_lot_id, spot_number, zone, spot_row, spot_col, status) VALUES ('24561603-ffe5-587f-9475-014acea0b7ca', '62feaf63-aa20-5070-b89f-e81bfd5f47cd', 'f-f2-p-1:A7', 'STANDARD', 1, 7, 'free');
INSERT INTO parking_spots (id, parking_lot_id, spot_number, zone, spot_row, spot_col, status) VALUES ('ca53b51a-a456-55c0-b9f2-3177a097678f', '62feaf63-aa20-5070-b89f-e81bfd5f47cd', 'f-f2-p-1:A8', 'STANDARD', 1, 8, 'free');
INSERT INTO parking_spots (id, parking_lot_id, spot_number, zone, spot_row, spot_col, status) VALUES ('722c3be0-9481-59b8-b334-0823729c41c9', '62feaf63-aa20-5070-b89f-e81bfd5f47cd', 'f-f2-p-1:A9', 'STANDARD', 1, 9, 'free');
INSERT INTO parking_spots (id, parking_lot_id, spot_number, zone, spot_row, spot_col, status) VALUES ('f2fb0d90-29d4-5b1d-a981-4fe89b43156c', '62feaf63-aa20-5070-b89f-e81bfd5f47cd', 'f-f2-p-1:A10', 'STANDARD', 1, 10, 'free');
INSERT INTO parking_spots (id, parking_lot_id, spot_number, zone, spot_row, spot_col, status) VALUES ('479057c5-0977-5a91-a0ed-a087ae7f7a2f', '62feaf63-aa20-5070-b89f-e81bfd5f47cd', 'f-f2-p-1:A11', 'STANDARD', 1, 11, 'occupied');
INSERT INTO parking_spots (id, parking_lot_id, spot_number, zone, spot_row, spot_col, status) VALUES ('3951aa87-713d-5c4e-a60d-ead0e26bb977', '62feaf63-aa20-5070-b89f-e81bfd5f47cd', 'f-f2-p-1:A12', 'STANDARD', 1, 12, 'free');
INSERT INTO parking_spots (id, parking_lot_id, spot_number, zone, spot_row, spot_col, status) VALUES ('4e3692f4-eb66-583f-a9b1-2d32ecc9b42e', '62feaf63-aa20-5070-b89f-e81bfd5f47cd', 'f-f2-p-1:A13', 'STANDARD', 1, 13, 'free');
INSERT INTO parking_spots (id, parking_lot_id, spot_number, zone, spot_row, spot_col, status) VALUES ('78734b28-e49c-5abf-b5c4-9334008eeb5d', '62feaf63-aa20-5070-b89f-e81bfd5f47cd', 'f-f2-p-1:A14', 'STANDARD', 1, 14, 'free');
INSERT INTO parking_spots (id, parking_lot_id, spot_number, zone, spot_row, spot_col, status) VALUES ('031b9cda-c6a7-5df6-b02e-121207a8fbf0', '62feaf63-aa20-5070-b89f-e81bfd5f47cd', 'f-f2-p-1:A15', 'STANDARD', 1, 15, 'free');
INSERT INTO parking_spots (id, parking_lot_id, spot_number, zone, spot_row, spot_col, status) VALUES ('4b40893f-0f8d-5c9e-aa34-841c8748c7bb', '62feaf63-aa20-5070-b89f-e81bfd5f47cd', 'f-f2-p-1:A16', 'STANDARD', 1, 16, 'occupied');
INSERT INTO parking_spots (id, parking_lot_id, spot_number, zone, spot_row, spot_col, status) VALUES ('87dd4cb2-3c92-579d-be1d-f5d948b8064c', '62feaf63-aa20-5070-b89f-e81bfd5f47cd', 'f-f2-p-1:A17', 'STANDARD', 1, 17, 'free');
INSERT INTO parking_spots (id, parking_lot_id, spot_number, zone, spot_row, spot_col, status) VALUES ('cd205107-2e70-5090-ba7e-f4ea05bf9217', '62feaf63-aa20-5070-b89f-e81bfd5f47cd', 'f-f2-p-1:A18', 'STANDARD', 1, 18, 'free');
INSERT INTO parking_spots (id, parking_lot_id, spot_number, zone, spot_row, spot_col, status) VALUES ('222fdf84-bb06-5d39-b635-cd4f71eda5a4', '62feaf63-aa20-5070-b89f-e81bfd5f47cd', 'f-f2-p-1:A19', 'STANDARD', 1, 19, 'free');
INSERT INTO parking_spots (id, parking_lot_id, spot_number, zone, spot_row, spot_col, status) VALUES ('eb1ddc86-4a35-5298-a7ba-409ac9f27511', '62feaf63-aa20-5070-b89f-e81bfd5f47cd', 'f-f2-p-1:A20', 'STANDARD', 1, 20, 'free');
INSERT INTO parking_spots (id, parking_lot_id, spot_number, zone, spot_row, spot_col, status) VALUES ('2df1a5fc-f02b-5152-84c5-17bda90f4b67', '62feaf63-aa20-5070-b89f-e81bfd5f47cd', 'f-f2-p-1:A21', 'STANDARD', 1, 21, 'free');
INSERT INTO parking_spots (id, parking_lot_id, spot_number, zone, spot_row, spot_col, status) VALUES ('8e996e55-d535-5367-b741-13913fec4768', '62feaf63-aa20-5070-b89f-e81bfd5f47cd', 'f-f2-p-1:A22', 'STANDARD', 1, 22, 'free');
INSERT INTO parking_spots (id, parking_lot_id, spot_number, zone, spot_row, spot_col, status) VALUES ('125c2608-7dfe-58cf-8420-9e035025e8e7', '62feaf63-aa20-5070-b89f-e81bfd5f47cd', 'f-f2-p-1:A23', 'STANDARD', 1, 23, 'free');
INSERT INTO parking_spots (id, parking_lot_id, spot_number, zone, spot_row, spot_col, status) VALUES ('c0be4c62-3e7d-5419-8522-9a1241348bf8', '62feaf63-aa20-5070-b89f-e81bfd5f47cd', 'f-f2-p-1:A24', 'STANDARD', 1, 24, 'free');
INSERT INTO parking_spots (id, parking_lot_id, spot_number, zone, spot_row, spot_col, status) VALUES ('0c2d30b0-3234-5d46-9da9-cea43bcae4ff', '62feaf63-aa20-5070-b89f-e81bfd5f47cd', 'f-f2-p-1:A25', 'STANDARD', 1, 25, 'free');
INSERT INTO parking_spots (id, parking_lot_id, spot_number, zone, spot_row, spot_col, status) VALUES ('60b8e7a7-96f6-58f7-a05d-9b566ad5a8c2', '62feaf63-aa20-5070-b89f-e81bfd5f47cd', 'f-f2-p-1:B1', 'STANDARD', 2, 1, 'free');
INSERT INTO parking_spots (id, parking_lot_id, spot_number, zone, spot_row, spot_col, status) VALUES ('3a5a2023-d2d0-59a1-aed7-6fe3347d2e42', '62feaf63-aa20-5070-b89f-e81bfd5f47cd', 'f-f2-p-1:B2', 'STANDARD', 2, 2, 'free');
INSERT INTO parking_spots (id, parking_lot_id, spot_number, zone, spot_row, spot_col, status) VALUES ('ef9af547-02e3-54ec-aaa3-798c9dab3840', '62feaf63-aa20-5070-b89f-e81bfd5f47cd', 'f-f2-p-1:B3', 'STANDARD', 2, 3, 'free');
INSERT INTO parking_spots (id, parking_lot_id, spot_number, zone, spot_row, spot_col, status) VALUES ('1771ee59-349b-579b-bc09-cf680d7a1ed9', '62feaf63-aa20-5070-b89f-e81bfd5f47cd', 'f-f2-p-1:B4', 'STANDARD', 2, 4, 'free');
INSERT INTO parking_spots (id, parking_lot_id, spot_number, zone, spot_row, spot_col, status) VALUES ('5c175fba-288a-5b7e-9213-ef16b07c27de', '62feaf63-aa20-5070-b89f-e81bfd5f47cd', 'f-f2-p-1:B5', 'STANDARD', 2, 5, 'free');
INSERT INTO parking_spots (id, parking_lot_id, spot_number, zone, spot_row, spot_col, status) VALUES ('c7996f1a-8306-55da-8baf-ca2d35db6c18', '62feaf63-aa20-5070-b89f-e81bfd5f47cd', 'f-f2-p-1:B6', 'STANDARD', 2, 6, 'free');
INSERT INTO parking_spots (id, parking_lot_id, spot_number, zone, spot_row, spot_col, status) VALUES ('c97bba33-7ae6-5082-b4a8-f5d1e4c2729d', '62feaf63-aa20-5070-b89f-e81bfd5f47cd', 'f-f2-p-1:B7', 'STANDARD', 2, 7, 'free');
INSERT INTO parking_spots (id, parking_lot_id, spot_number, zone, spot_row, spot_col, status) VALUES ('62566f6f-2ecc-5f42-b4e4-54863db49be3', '62feaf63-aa20-5070-b89f-e81bfd5f47cd', 'f-f2-p-1:B8', 'STANDARD', 2, 8, 'free');
INSERT INTO parking_spots (id, parking_lot_id, spot_number, zone, spot_row, spot_col, status) VALUES ('2bdc72e4-7519-5922-9caa-ece2a0757cee', '62feaf63-aa20-5070-b89f-e81bfd5f47cd', 'f-f2-p-1:B9', 'STANDARD', 2, 9, 'free');
INSERT INTO parking_spots (id, parking_lot_id, spot_number, zone, spot_row, spot_col, status) VALUES ('eb367ada-7328-5475-b661-31e03487f533', '62feaf63-aa20-5070-b89f-e81bfd5f47cd', 'f-f2-p-1:B10', 'STANDARD', 2, 10, 'free');
INSERT INTO parking_spots (id, parking_lot_id, spot_number, zone, spot_row, spot_col, status) VALUES ('d12ac44a-b361-5671-bbc2-f6808462f879', '62feaf63-aa20-5070-b89f-e81bfd5f47cd', 'f-f2-p-1:B11', 'STANDARD', 2, 11, 'free');
INSERT INTO parking_spots (id, parking_lot_id, spot_number, zone, spot_row, spot_col, status) VALUES ('ed17b0f2-ca7a-5b54-ab13-f535fb59987d', '62feaf63-aa20-5070-b89f-e81bfd5f47cd', 'f-f2-p-1:B12', 'STANDARD', 2, 12, 'free');
INSERT INTO parking_spots (id, parking_lot_id, spot_number, zone, spot_row, spot_col, status) VALUES ('876bc1f8-cc10-535f-b637-5c647880e539', '62feaf63-aa20-5070-b89f-e81bfd5f47cd', 'f-f2-p-1:B13', 'STANDARD', 2, 13, 'free');
INSERT INTO parking_spots (id, parking_lot_id, spot_number, zone, spot_row, spot_col, status) VALUES ('651c6557-a826-53dc-be22-92f13501c3fb', '62feaf63-aa20-5070-b89f-e81bfd5f47cd', 'f-f2-p-1:B14', 'STANDARD', 2, 14, 'free');
INSERT INTO parking_spots (id, parking_lot_id, spot_number, zone, spot_row, spot_col, status) VALUES ('8ee84eb4-044e-580d-b48d-46132cb6bc12', '62feaf63-aa20-5070-b89f-e81bfd5f47cd', 'f-f2-p-1:B15', 'STANDARD', 2, 15, 'free');
INSERT INTO parking_spots (id, parking_lot_id, spot_number, zone, spot_row, spot_col, status) VALUES ('99bd3bc3-a947-53b0-a4bc-6caa6d3cda49', '62feaf63-aa20-5070-b89f-e81bfd5f47cd', 'f-f2-p-1:B16', 'STANDARD', 2, 16, 'free');
INSERT INTO parking_spots (id, parking_lot_id, spot_number, zone, spot_row, spot_col, status) VALUES ('8cca6ef7-496c-5f39-b520-2b36a163c50d', '62feaf63-aa20-5070-b89f-e81bfd5f47cd', 'f-f2-p-1:B17', 'STANDARD', 2, 17, 'free');
INSERT INTO parking_spots (id, parking_lot_id, spot_number, zone, spot_row, spot_col, status) VALUES ('4e2a9047-51bd-5bb8-a847-1f855af3e06c', '62feaf63-aa20-5070-b89f-e81bfd5f47cd', 'f-f2-p-1:B18', 'STANDARD', 2, 18, 'free');
INSERT INTO parking_spots (id, parking_lot_id, spot_number, zone, spot_row, spot_col, status) VALUES ('e1ce5e1f-f84a-59d6-82d1-c05613b5e688', '62feaf63-aa20-5070-b89f-e81bfd5f47cd', 'f-f2-p-1:B19', 'STANDARD', 2, 19, 'free');
INSERT INTO parking_spots (id, parking_lot_id, spot_number, zone, spot_row, spot_col, status) VALUES ('b77af5a6-a827-50a9-9199-29c7013489d5', '62feaf63-aa20-5070-b89f-e81bfd5f47cd', 'f-f2-p-1:B20', 'STANDARD', 2, 20, 'free');
INSERT INTO parking_spots (id, parking_lot_id, spot_number, zone, spot_row, spot_col, status) VALUES ('8fb266d6-388f-543b-ad56-b0f0897c40fb', '62feaf63-aa20-5070-b89f-e81bfd5f47cd', 'f-f2-p-1:B21', 'STANDARD', 2, 21, 'free');
INSERT INTO parking_spots (id, parking_lot_id, spot_number, zone, spot_row, spot_col, status) VALUES ('969e78f5-af32-5ce6-aa4d-b0849fbb5e7c', '62feaf63-aa20-5070-b89f-e81bfd5f47cd', 'f-f2-p-1:B22', 'STANDARD', 2, 22, 'free');
INSERT INTO parking_spots (id, parking_lot_id, spot_number, zone, spot_row, spot_col, status) VALUES ('965e0d38-f465-560f-9200-66e77b6ff7b0', '62feaf63-aa20-5070-b89f-e81bfd5f47cd', 'f-f2-p-1:B23', 'STANDARD', 2, 23, 'free');
INSERT INTO parking_spots (id, parking_lot_id, spot_number, zone, spot_row, spot_col, status) VALUES ('884ba2f0-a34f-5bb7-ac8b-892095a0a822', '62feaf63-aa20-5070-b89f-e81bfd5f47cd', 'f-f2-p-1:B24', 'STANDARD', 2, 24, 'free');
INSERT INTO parking_spots (id, parking_lot_id, spot_number, zone, spot_row, spot_col, status) VALUES ('eb9b5629-e135-5d82-b7b9-a7147664a323', '62feaf63-aa20-5070-b89f-e81bfd5f47cd', 'f-f2-p-1:B25', 'STANDARD', 2, 25, 'free');
INSERT INTO parking_spots (id, parking_lot_id, spot_number, zone, spot_row, spot_col, status) VALUES ('1380292f-577a-5c68-9a5b-1b0602a701a4', '62feaf63-aa20-5070-b89f-e81bfd5f47cd', 'f-f2-p-1:C1', 'STANDARD', 3, 1, 'free');
INSERT INTO parking_spots (id, parking_lot_id, spot_number, zone, spot_row, spot_col, status) VALUES ('cf2097ca-f462-584b-8212-c98233f969fd', '62feaf63-aa20-5070-b89f-e81bfd5f47cd', 'f-f2-p-1:C2', 'STANDARD', 3, 2, 'free');
INSERT INTO parking_spots (id, parking_lot_id, spot_number, zone, spot_row, spot_col, status) VALUES ('b626e45c-3f47-5276-b9aa-c820e113aca9', '62feaf63-aa20-5070-b89f-e81bfd5f47cd', 'f-f2-p-1:C3', 'STANDARD', 3, 3, 'free');
INSERT INTO parking_spots (id, parking_lot_id, spot_number, zone, spot_row, spot_col, status) VALUES ('05c31cd0-0e71-55d0-8a65-4a27d86d754c', '62feaf63-aa20-5070-b89f-e81bfd5f47cd', 'f-f2-p-1:C4', 'STANDARD', 3, 4, 'free');
INSERT INTO parking_spots (id, parking_lot_id, spot_number, zone, spot_row, spot_col, status) VALUES ('a8b23572-ed1a-5d2c-a9be-dc7bc9b6e398', '62feaf63-aa20-5070-b89f-e81bfd5f47cd', 'f-f2-p-1:C5', 'STANDARD', 3, 5, 'free');
INSERT INTO parking_spots (id, parking_lot_id, spot_number, zone, spot_row, spot_col, status) VALUES ('41e88c49-f4bb-5f30-906f-3dd0573afd49', '62feaf63-aa20-5070-b89f-e81bfd5f47cd', 'f-f2-p-1:C6', 'STANDARD', 3, 6, 'free');
INSERT INTO parking_spots (id, parking_lot_id, spot_number, zone, spot_row, spot_col, status) VALUES ('70a18f77-c8c5-53a3-9f66-56ffb34d8755', '62feaf63-aa20-5070-b89f-e81bfd5f47cd', 'f-f2-p-1:C7', 'STANDARD', 3, 7, 'free');
INSERT INTO parking_spots (id, parking_lot_id, spot_number, zone, spot_row, spot_col, status) VALUES ('3faa60ee-0526-55e5-bf2e-f23ee1920585', '62feaf63-aa20-5070-b89f-e81bfd5f47cd', 'f-f2-p-1:C8', 'STANDARD', 3, 8, 'free');
INSERT INTO parking_spots (id, parking_lot_id, spot_number, zone, spot_row, spot_col, status) VALUES ('f300ce1a-e7e1-5b19-8cda-e28ba2dc9400', '62feaf63-aa20-5070-b89f-e81bfd5f47cd', 'f-f2-p-1:C9', 'STANDARD', 3, 9, 'free');
INSERT INTO parking_spots (id, parking_lot_id, spot_number, zone, spot_row, spot_col, status) VALUES ('14d7a85d-6313-5098-92db-8d09d1b99a8d', '62feaf63-aa20-5070-b89f-e81bfd5f47cd', 'f-f2-p-1:C10', 'STANDARD', 3, 10, 'free');
INSERT INTO parking_spots (id, parking_lot_id, spot_number, zone, spot_row, spot_col, status) VALUES ('3881d85e-52e7-5086-8a44-782071aabc2b', '62feaf63-aa20-5070-b89f-e81bfd5f47cd', 'f-f2-p-1:C11', 'STANDARD', 3, 11, 'free');
INSERT INTO parking_spots (id, parking_lot_id, spot_number, zone, spot_row, spot_col, status) VALUES ('4b441ff4-93f5-5542-9e84-2cc4650f5477', '62feaf63-aa20-5070-b89f-e81bfd5f47cd', 'f-f2-p-1:C12', 'STANDARD', 3, 12, 'free');
INSERT INTO parking_spots (id, parking_lot_id, spot_number, zone, spot_row, spot_col, status) VALUES ('a9173b9b-228e-5772-8cfc-8ede366bccfb', '62feaf63-aa20-5070-b89f-e81bfd5f47cd', 'f-f2-p-1:C13', 'STANDARD', 3, 13, 'free');
INSERT INTO parking_spots (id, parking_lot_id, spot_number, zone, spot_row, spot_col, status) VALUES ('c6465066-7591-5e07-b2e3-f43b3b32c6d0', '62feaf63-aa20-5070-b89f-e81bfd5f47cd', 'f-f2-p-1:C14', 'STANDARD', 3, 14, 'free');
INSERT INTO parking_spots (id, parking_lot_id, spot_number, zone, spot_row, spot_col, status) VALUES ('5029f27f-3d1a-5ade-bf17-6f25d8f24282', '62feaf63-aa20-5070-b89f-e81bfd5f47cd', 'f-f2-p-1:C15', 'STANDARD', 3, 15, 'free');
INSERT INTO parking_spots (id, parking_lot_id, spot_number, zone, spot_row, spot_col, status) VALUES ('f161d03e-cd05-5429-b69c-e299ba6b3a2b', '62feaf63-aa20-5070-b89f-e81bfd5f47cd', 'f-f2-p-1:C16', 'STANDARD', 3, 16, 'free');
INSERT INTO parking_spots (id, parking_lot_id, spot_number, zone, spot_row, spot_col, status) VALUES ('dffcc9a9-4ba6-5620-8783-21dd210a59e1', '62feaf63-aa20-5070-b89f-e81bfd5f47cd', 'f-f2-p-1:C17', 'STANDARD', 3, 17, 'free');
INSERT INTO parking_spots (id, parking_lot_id, spot_number, zone, spot_row, spot_col, status) VALUES ('77ac2b2f-f87e-55a6-8fbf-6d8c61adf473', '62feaf63-aa20-5070-b89f-e81bfd5f47cd', 'f-f2-p-1:C18', 'STANDARD', 3, 18, 'free');
INSERT INTO parking_spots (id, parking_lot_id, spot_number, zone, spot_row, spot_col, status) VALUES ('951cd21e-ad84-57d5-bacc-3afa8ebb11cf', '62feaf63-aa20-5070-b89f-e81bfd5f47cd', 'f-f2-p-1:C19', 'STANDARD', 3, 19, 'free');
INSERT INTO parking_spots (id, parking_lot_id, spot_number, zone, spot_row, spot_col, status) VALUES ('ced2324a-b9a3-593e-a78d-029f55e964ac', '62feaf63-aa20-5070-b89f-e81bfd5f47cd', 'f-f2-p-1:C20', 'STANDARD', 3, 20, 'free');
INSERT INTO parking_spots (id, parking_lot_id, spot_number, zone, spot_row, spot_col, status) VALUES ('1e88a644-81b3-539a-8ab5-8e94b5ed254d', '62feaf63-aa20-5070-b89f-e81bfd5f47cd', 'f-f2-p-1:C21', 'STANDARD', 3, 21, 'free');
INSERT INTO parking_spots (id, parking_lot_id, spot_number, zone, spot_row, spot_col, status) VALUES ('cf1a9573-1c01-5833-8d9a-d62ffea2c243', '62feaf63-aa20-5070-b89f-e81bfd5f47cd', 'f-f2-p-1:C22', 'STANDARD', 3, 22, 'free');
INSERT INTO parking_spots (id, parking_lot_id, spot_number, zone, spot_row, spot_col, status) VALUES ('e0f4ca86-5410-5e3a-bd63-b59e71dc85af', '62feaf63-aa20-5070-b89f-e81bfd5f47cd', 'f-f2-p-1:C23', 'STANDARD', 3, 23, 'free');
INSERT INTO parking_spots (id, parking_lot_id, spot_number, zone, spot_row, spot_col, status) VALUES ('59ffe3bf-a12b-5eab-b585-c2a97bfd30cc', '62feaf63-aa20-5070-b89f-e81bfd5f47cd', 'f-f2-p-1:C24', 'STANDARD', 3, 24, 'free');
INSERT INTO parking_spots (id, parking_lot_id, spot_number, zone, spot_row, spot_col, status) VALUES ('6634e8c9-bbf9-521d-93ca-98d09e9c237e', '62feaf63-aa20-5070-b89f-e81bfd5f47cd', 'f-f2-p-1:C25', 'STANDARD', 3, 25, 'free');
INSERT INTO parking_spots (id, parking_lot_id, spot_number, zone, spot_row, spot_col, status) VALUES ('4c26459f-b278-5208-9769-bbc7712632bd', '62feaf63-aa20-5070-b89f-e81bfd5f47cd', 'f-f2-p-1:D1', 'STANDARD', 4, 1, 'free');
INSERT INTO parking_spots (id, parking_lot_id, spot_number, zone, spot_row, spot_col, status) VALUES ('0b4e4109-8456-532b-84d0-b5cbbd71446d', '62feaf63-aa20-5070-b89f-e81bfd5f47cd', 'f-f2-p-1:D2', 'STANDARD', 4, 2, 'free');
INSERT INTO parking_spots (id, parking_lot_id, spot_number, zone, spot_row, spot_col, status) VALUES ('72bd8469-66f8-567f-8eba-05f81b4237dc', '62feaf63-aa20-5070-b89f-e81bfd5f47cd', 'f-f2-p-1:D3', 'STANDARD', 4, 3, 'free');
INSERT INTO parking_spots (id, parking_lot_id, spot_number, zone, spot_row, spot_col, status) VALUES ('fcb2312a-5894-5312-8e86-511c03fc3e42', '62feaf63-aa20-5070-b89f-e81bfd5f47cd', 'f-f2-p-1:D4', 'STANDARD', 4, 4, 'free');
INSERT INTO parking_spots (id, parking_lot_id, spot_number, zone, spot_row, spot_col, status) VALUES ('f67f0af8-2336-5742-b26d-1c63a30445eb', '62feaf63-aa20-5070-b89f-e81bfd5f47cd', 'f-f2-p-1:D5', 'STANDARD', 4, 5, 'free');
INSERT INTO parking_spots (id, parking_lot_id, spot_number, zone, spot_row, spot_col, status) VALUES ('20904a59-3e58-5548-bc94-42945626925f', '62feaf63-aa20-5070-b89f-e81bfd5f47cd', 'f-f2-p-1:D6', 'STANDARD', 4, 6, 'free');
INSERT INTO parking_spots (id, parking_lot_id, spot_number, zone, spot_row, spot_col, status) VALUES ('2a1eb132-c1e1-5945-bd77-5629483a6331', '62feaf63-aa20-5070-b89f-e81bfd5f47cd', 'f-f2-p-1:D7', 'STANDARD', 4, 7, 'free');
INSERT INTO parking_spots (id, parking_lot_id, spot_number, zone, spot_row, spot_col, status) VALUES ('cd3686fe-6830-5d27-aff8-c0f5d571bc7e', '62feaf63-aa20-5070-b89f-e81bfd5f47cd', 'f-f2-p-1:D8', 'STANDARD', 4, 8, 'free');
INSERT INTO parking_spots (id, parking_lot_id, spot_number, zone, spot_row, spot_col, status) VALUES ('d7466887-fb4b-5ab6-befb-83d139a254e0', '62feaf63-aa20-5070-b89f-e81bfd5f47cd', 'f-f2-p-1:D9', 'STANDARD', 4, 9, 'free');
INSERT INTO parking_spots (id, parking_lot_id, spot_number, zone, spot_row, spot_col, status) VALUES ('54d6d03c-9acb-5960-9514-17c34d0f56ce', '62feaf63-aa20-5070-b89f-e81bfd5f47cd', 'f-f2-p-1:D10', 'STANDARD', 4, 10, 'free');
INSERT INTO parking_spots (id, parking_lot_id, spot_number, zone, spot_row, spot_col, status) VALUES ('a6fd22bc-0f16-5b51-baa5-7758006baa64', '62feaf63-aa20-5070-b89f-e81bfd5f47cd', 'f-f2-p-1:D11', 'STANDARD', 4, 11, 'free');
INSERT INTO parking_spots (id, parking_lot_id, spot_number, zone, spot_row, spot_col, status) VALUES ('a9f63a6a-edff-5b34-806b-0323b4c0afb6', '62feaf63-aa20-5070-b89f-e81bfd5f47cd', 'f-f2-p-1:D12', 'STANDARD', 4, 12, 'free');
INSERT INTO parking_spots (id, parking_lot_id, spot_number, zone, spot_row, spot_col, status) VALUES ('5542fb85-e128-5a66-891d-5b8ad30d5a46', '62feaf63-aa20-5070-b89f-e81bfd5f47cd', 'f-f2-p-1:D13', 'STANDARD', 4, 13, 'free');
INSERT INTO parking_spots (id, parking_lot_id, spot_number, zone, spot_row, spot_col, status) VALUES ('fcc916e4-bcaf-5af3-8cf9-8704a04457cc', '62feaf63-aa20-5070-b89f-e81bfd5f47cd', 'f-f2-p-1:D14', 'STANDARD', 4, 14, 'free');
INSERT INTO parking_spots (id, parking_lot_id, spot_number, zone, spot_row, spot_col, status) VALUES ('5ecd3606-642d-5617-9c79-db9dcd5b63a2', '62feaf63-aa20-5070-b89f-e81bfd5f47cd', 'f-f2-p-1:D15', 'STANDARD', 4, 15, 'free');
INSERT INTO parking_spots (id, parking_lot_id, spot_number, zone, spot_row, spot_col, status) VALUES ('0ebc8c67-94a5-52d5-a687-e33ebd86108f', '62feaf63-aa20-5070-b89f-e81bfd5f47cd', 'f-f2-p-1:D16', 'STANDARD', 4, 16, 'free');
INSERT INTO parking_spots (id, parking_lot_id, spot_number, zone, spot_row, spot_col, status) VALUES ('bb38aee4-5d1f-55e9-92ff-82e8e8bd266e', '62feaf63-aa20-5070-b89f-e81bfd5f47cd', 'f-f2-p-1:D17', 'STANDARD', 4, 17, 'free');
INSERT INTO parking_spots (id, parking_lot_id, spot_number, zone, spot_row, spot_col, status) VALUES ('0a484b02-fe5a-55c9-8bdb-8acfe2289efc', '62feaf63-aa20-5070-b89f-e81bfd5f47cd', 'f-f2-p-1:D18', 'STANDARD', 4, 18, 'free');
INSERT INTO parking_spots (id, parking_lot_id, spot_number, zone, spot_row, spot_col, status) VALUES ('d802eec7-d31e-5019-a8d0-314a729ff1e5', '62feaf63-aa20-5070-b89f-e81bfd5f47cd', 'f-f2-p-1:D19', 'STANDARD', 4, 19, 'free');
INSERT INTO parking_spots (id, parking_lot_id, spot_number, zone, spot_row, spot_col, status) VALUES ('f1cd8ff8-e706-5f22-a9ac-88b6071ca994', '62feaf63-aa20-5070-b89f-e81bfd5f47cd', 'f-f2-p-1:D20', 'STANDARD', 4, 20, 'free');
INSERT INTO parking_spots (id, parking_lot_id, spot_number, zone, spot_row, spot_col, status) VALUES ('4752cb27-8825-5d1c-8fd2-7a2d22dcea54', '62feaf63-aa20-5070-b89f-e81bfd5f47cd', 'f-f2-p-1:D21', 'STANDARD', 4, 21, 'free');
INSERT INTO parking_spots (id, parking_lot_id, spot_number, zone, spot_row, spot_col, status) VALUES ('76e4f018-9676-5624-a4d2-92b9d12557cb', '62feaf63-aa20-5070-b89f-e81bfd5f47cd', 'f-f2-p-1:D22', 'STANDARD', 4, 22, 'free');
INSERT INTO parking_spots (id, parking_lot_id, spot_number, zone, spot_row, spot_col, status) VALUES ('fedda4a2-4684-5afa-a5e8-ae37ad71085a', '62feaf63-aa20-5070-b89f-e81bfd5f47cd', 'f-f2-p-1:D23', 'STANDARD', 4, 23, 'free');
INSERT INTO parking_spots (id, parking_lot_id, spot_number, zone, spot_row, spot_col, status) VALUES ('a76108f9-2f9e-5380-95aa-43c415053286', '62feaf63-aa20-5070-b89f-e81bfd5f47cd', 'f-f2-p-1:D24', 'STANDARD', 4, 24, 'free');
INSERT INTO parking_spots (id, parking_lot_id, spot_number, zone, spot_row, spot_col, status) VALUES ('83649c3d-3f19-51cf-bcad-fcfbf6f372b1', '62feaf63-aa20-5070-b89f-e81bfd5f47cd', 'f-f2-p-1:D25', 'STANDARD', 4, 25, 'free');
INSERT INTO parking_spots (id, parking_lot_id, spot_number, zone, spot_row, spot_col, status) VALUES ('fcb80881-cdb2-5eeb-95c2-d1b5ac1eeeed', '62feaf63-aa20-5070-b89f-e81bfd5f47cd', 'f-f2-p-1:E1', 'STANDARD', 5, 1, 'free');
INSERT INTO parking_spots (id, parking_lot_id, spot_number, zone, spot_row, spot_col, status) VALUES ('488fa24d-aef6-523d-baf9-a29dc456ea83', '62feaf63-aa20-5070-b89f-e81bfd5f47cd', 'f-f2-p-1:E2', 'STANDARD', 5, 2, 'free');
INSERT INTO parking_spots (id, parking_lot_id, spot_number, zone, spot_row, spot_col, status) VALUES ('f0cc17b1-3d58-5078-830f-db7083c79d04', '62feaf63-aa20-5070-b89f-e81bfd5f47cd', 'f-f2-p-1:E3', 'STANDARD', 5, 3, 'free');
INSERT INTO parking_spots (id, parking_lot_id, spot_number, zone, spot_row, spot_col, status) VALUES ('ce9cd4b2-087a-5104-a54e-2b4447cf64a4', '62feaf63-aa20-5070-b89f-e81bfd5f47cd', 'f-f2-p-1:E4', 'STANDARD', 5, 4, 'free');
INSERT INTO parking_spots (id, parking_lot_id, spot_number, zone, spot_row, spot_col, status) VALUES ('e49a4a4d-d419-5c4c-b41e-6ccbe897ceff', '62feaf63-aa20-5070-b89f-e81bfd5f47cd', 'f-f2-p-1:E5', 'STANDARD', 5, 5, 'free');
INSERT INTO parking_spots (id, parking_lot_id, spot_number, zone, spot_row, spot_col, status) VALUES ('eba61b7e-4d47-51bd-b138-4f1ff89deed5', '62feaf63-aa20-5070-b89f-e81bfd5f47cd', 'f-f2-p-1:E6', 'STANDARD', 5, 6, 'free');
INSERT INTO parking_spots (id, parking_lot_id, spot_number, zone, spot_row, spot_col, status) VALUES ('e76f86e5-3afc-59a3-88b1-36d1ae2abd21', '62feaf63-aa20-5070-b89f-e81bfd5f47cd', 'f-f2-p-1:E7', 'STANDARD', 5, 7, 'free');
INSERT INTO parking_spots (id, parking_lot_id, spot_number, zone, spot_row, spot_col, status) VALUES ('be8961ae-032c-5bdb-bbf7-edc90a579494', '62feaf63-aa20-5070-b89f-e81bfd5f47cd', 'f-f2-p-1:E8', 'STANDARD', 5, 8, 'free');
INSERT INTO parking_spots (id, parking_lot_id, spot_number, zone, spot_row, spot_col, status) VALUES ('e48fe462-fe9d-5859-83dc-3abfb8e23459', '62feaf63-aa20-5070-b89f-e81bfd5f47cd', 'f-f2-p-1:E9', 'STANDARD', 5, 9, 'free');
INSERT INTO parking_spots (id, parking_lot_id, spot_number, zone, spot_row, spot_col, status) VALUES ('336b2c6c-3434-53ca-b53e-e099426e07ea', '62feaf63-aa20-5070-b89f-e81bfd5f47cd', 'f-f2-p-1:E10', 'STANDARD', 5, 10, 'free');
INSERT INTO parking_spots (id, parking_lot_id, spot_number, zone, spot_row, spot_col, status) VALUES ('28cdabbf-12e6-5a7e-aa1e-bae3cae78a9d', '62feaf63-aa20-5070-b89f-e81bfd5f47cd', 'f-f2-p-1:E11', 'STANDARD', 5, 11, 'free');
INSERT INTO parking_spots (id, parking_lot_id, spot_number, zone, spot_row, spot_col, status) VALUES ('59e6164b-c866-5c64-86a4-fdb128bb1823', '62feaf63-aa20-5070-b89f-e81bfd5f47cd', 'f-f2-p-1:E12', 'STANDARD', 5, 12, 'free');
INSERT INTO parking_spots (id, parking_lot_id, spot_number, zone, spot_row, spot_col, status) VALUES ('f1d2e6c3-b024-5b15-a715-1fdb543a62af', '62feaf63-aa20-5070-b89f-e81bfd5f47cd', 'f-f2-p-1:E13', 'STANDARD', 5, 13, 'free');
INSERT INTO parking_spots (id, parking_lot_id, spot_number, zone, spot_row, spot_col, status) VALUES ('cf32fd65-687d-5da1-bbbb-960b86892ac3', '62feaf63-aa20-5070-b89f-e81bfd5f47cd', 'f-f2-p-1:E14', 'STANDARD', 5, 14, 'free');
INSERT INTO parking_spots (id, parking_lot_id, spot_number, zone, spot_row, spot_col, status) VALUES ('42825d60-542d-574c-9c25-eccfc6d86514', '62feaf63-aa20-5070-b89f-e81bfd5f47cd', 'f-f2-p-1:E15', 'STANDARD', 5, 15, 'free');
INSERT INTO parking_spots (id, parking_lot_id, spot_number, zone, spot_row, spot_col, status) VALUES ('988fe72e-fa6d-53bb-bbe2-dc2ea6eaf8fa', '62feaf63-aa20-5070-b89f-e81bfd5f47cd', 'f-f2-p-1:E16', 'STANDARD', 5, 16, 'free');
INSERT INTO parking_spots (id, parking_lot_id, spot_number, zone, spot_row, spot_col, status) VALUES ('4cf44910-2607-5601-93c7-0836ce0715fb', '62feaf63-aa20-5070-b89f-e81bfd5f47cd', 'f-f2-p-1:E17', 'STANDARD', 5, 17, 'free');
INSERT INTO parking_spots (id, parking_lot_id, spot_number, zone, spot_row, spot_col, status) VALUES ('6a33c054-852e-54d0-882d-886e02e79e4c', '62feaf63-aa20-5070-b89f-e81bfd5f47cd', 'f-f2-p-1:E18', 'STANDARD', 5, 18, 'free');
INSERT INTO parking_spots (id, parking_lot_id, spot_number, zone, spot_row, spot_col, status) VALUES ('a6d63c14-8d4f-56ac-9365-2b7900ccf4c9', '62feaf63-aa20-5070-b89f-e81bfd5f47cd', 'f-f2-p-1:E19', 'STANDARD', 5, 19, 'free');
INSERT INTO parking_spots (id, parking_lot_id, spot_number, zone, spot_row, spot_col, status) VALUES ('24930fe0-2488-526b-85ad-a56453b1120a', '62feaf63-aa20-5070-b89f-e81bfd5f47cd', 'f-f2-p-1:E20', 'STANDARD', 5, 20, 'free');
INSERT INTO parking_spots (id, parking_lot_id, spot_number, zone, spot_row, spot_col, status) VALUES ('91fa42a7-a94e-552c-b684-1286b06cc088', '62feaf63-aa20-5070-b89f-e81bfd5f47cd', 'f-f2-p-1:E21', 'STANDARD', 5, 21, 'free');
INSERT INTO parking_spots (id, parking_lot_id, spot_number, zone, spot_row, spot_col, status) VALUES ('55ba421a-8b31-520c-94ea-89fe1803530b', '62feaf63-aa20-5070-b89f-e81bfd5f47cd', 'f-f2-p-1:E22', 'STANDARD', 5, 22, 'free');
INSERT INTO parking_spots (id, parking_lot_id, spot_number, zone, spot_row, spot_col, status) VALUES ('0577b6a9-40d1-5a1b-b7ca-334243189f10', '62feaf63-aa20-5070-b89f-e81bfd5f47cd', 'f-f2-p-1:E23', 'STANDARD', 5, 23, 'free');
INSERT INTO parking_spots (id, parking_lot_id, spot_number, zone, spot_row, spot_col, status) VALUES ('b9798f9b-0324-5733-9876-5df63c30b8ca', '62feaf63-aa20-5070-b89f-e81bfd5f47cd', 'f-f2-p-1:E24', 'STANDARD', 5, 24, 'free');
INSERT INTO parking_spots (id, parking_lot_id, spot_number, zone, spot_row, spot_col, status) VALUES ('39322053-a9b6-5b88-b0b7-c69328284b59', '62feaf63-aa20-5070-b89f-e81bfd5f47cd', 'f-f2-p-1:E25', 'STANDARD', 5, 25, 'free');
INSERT INTO parking_spots (id, parking_lot_id, spot_number, zone, spot_row, spot_col, status) VALUES ('de8c0ea0-3d11-5a11-9883-46553748cba1', '62feaf63-aa20-5070-b89f-e81bfd5f47cd', 'f-f2-p-1:F1', 'STANDARD', 6, 1, 'free');
INSERT INTO parking_spots (id, parking_lot_id, spot_number, zone, spot_row, spot_col, status) VALUES ('2b1a0bfc-e294-53e4-a869-bf6bd33058bc', '62feaf63-aa20-5070-b89f-e81bfd5f47cd', 'f-f2-p-1:F2', 'STANDARD', 6, 2, 'free');
INSERT INTO parking_spots (id, parking_lot_id, spot_number, zone, spot_row, spot_col, status) VALUES ('2cabbd04-10f3-573e-8b63-2195d13ebf93', '62feaf63-aa20-5070-b89f-e81bfd5f47cd', 'f-f2-p-1:F3', 'STANDARD', 6, 3, 'free');
INSERT INTO parking_spots (id, parking_lot_id, spot_number, zone, spot_row, spot_col, status) VALUES ('f5ea6fac-0fae-50a4-958f-8c32b2b75160', '62feaf63-aa20-5070-b89f-e81bfd5f47cd', 'f-f2-p-1:F4', 'STANDARD', 6, 4, 'free');
INSERT INTO parking_spots (id, parking_lot_id, spot_number, zone, spot_row, spot_col, status) VALUES ('88dc3d97-3683-564b-93d2-9f5866f12e4d', '62feaf63-aa20-5070-b89f-e81bfd5f47cd', 'f-f2-p-1:F5', 'STANDARD', 6, 5, 'free');
INSERT INTO parking_spots (id, parking_lot_id, spot_number, zone, spot_row, spot_col, status) VALUES ('5b39f01f-4675-538d-9e1f-6e665892c51a', '62feaf63-aa20-5070-b89f-e81bfd5f47cd', 'f-f2-p-1:F6', 'STANDARD', 6, 6, 'free');
INSERT INTO parking_spots (id, parking_lot_id, spot_number, zone, spot_row, spot_col, status) VALUES ('c193b81a-0bf7-5bef-9949-4e6fa5102ff9', '62feaf63-aa20-5070-b89f-e81bfd5f47cd', 'f-f2-p-1:F7', 'STANDARD', 6, 7, 'free');
INSERT INTO parking_spots (id, parking_lot_id, spot_number, zone, spot_row, spot_col, status) VALUES ('6cd3bd6d-4d1d-5947-a729-0659b23fd61a', '62feaf63-aa20-5070-b89f-e81bfd5f47cd', 'f-f2-p-1:F8', 'STANDARD', 6, 8, 'free');
INSERT INTO parking_spots (id, parking_lot_id, spot_number, zone, spot_row, spot_col, status) VALUES ('0be19f70-d42b-564a-94fe-e4a87fbbad3c', '62feaf63-aa20-5070-b89f-e81bfd5f47cd', 'f-f2-p-1:F9', 'STANDARD', 6, 9, 'free');
INSERT INTO parking_spots (id, parking_lot_id, spot_number, zone, spot_row, spot_col, status) VALUES ('f26b4a20-1857-59f4-8b6e-f822eb57ec53', '62feaf63-aa20-5070-b89f-e81bfd5f47cd', 'f-f2-p-1:F10', 'STANDARD', 6, 10, 'free');
INSERT INTO parking_spots (id, parking_lot_id, spot_number, zone, spot_row, spot_col, status) VALUES ('73ca8deb-b593-5832-bfea-fec5814408bf', '62feaf63-aa20-5070-b89f-e81bfd5f47cd', 'f-f2-p-1:F11', 'STANDARD', 6, 11, 'free');
INSERT INTO parking_spots (id, parking_lot_id, spot_number, zone, spot_row, spot_col, status) VALUES ('5c70a380-3de0-5b9c-80a9-aa5ef489b50d', '62feaf63-aa20-5070-b89f-e81bfd5f47cd', 'f-f2-p-1:F12', 'STANDARD', 6, 12, 'free');
INSERT INTO parking_spots (id, parking_lot_id, spot_number, zone, spot_row, spot_col, status) VALUES ('4ce13694-2498-5b75-b852-87803049a7f9', '62feaf63-aa20-5070-b89f-e81bfd5f47cd', 'f-f2-p-1:F13', 'STANDARD', 6, 13, 'free');
INSERT INTO parking_spots (id, parking_lot_id, spot_number, zone, spot_row, spot_col, status) VALUES ('de610f36-45bc-5caf-9371-f21bb7c704b7', '62feaf63-aa20-5070-b89f-e81bfd5f47cd', 'f-f2-p-1:F14', 'STANDARD', 6, 14, 'free');
INSERT INTO parking_spots (id, parking_lot_id, spot_number, zone, spot_row, spot_col, status) VALUES ('7170495a-f970-59c2-9a4f-37754f0192f9', '62feaf63-aa20-5070-b89f-e81bfd5f47cd', 'f-f2-p-1:F15', 'STANDARD', 6, 15, 'free');
INSERT INTO parking_spots (id, parking_lot_id, spot_number, zone, spot_row, spot_col, status) VALUES ('8e0d9765-f24a-5136-b803-e1a0788fc286', '62feaf63-aa20-5070-b89f-e81bfd5f47cd', 'f-f2-p-1:F16', 'STANDARD', 6, 16, 'free');
INSERT INTO parking_spots (id, parking_lot_id, spot_number, zone, spot_row, spot_col, status) VALUES ('8b2dc54f-cae9-52bc-b033-899e6856ebee', '62feaf63-aa20-5070-b89f-e81bfd5f47cd', 'f-f2-p-1:F17', 'STANDARD', 6, 17, 'free');
INSERT INTO parking_spots (id, parking_lot_id, spot_number, zone, spot_row, spot_col, status) VALUES ('a457643e-9acc-5116-820c-ceb5e0229e15', '62feaf63-aa20-5070-b89f-e81bfd5f47cd', 'f-f2-p-1:F18', 'STANDARD', 6, 18, 'free');
INSERT INTO parking_spots (id, parking_lot_id, spot_number, zone, spot_row, spot_col, status) VALUES ('aeafdc4b-8588-5ecc-93b8-84e3d2f375db', '62feaf63-aa20-5070-b89f-e81bfd5f47cd', 'f-f2-p-1:F19', 'STANDARD', 6, 19, 'free');
INSERT INTO parking_spots (id, parking_lot_id, spot_number, zone, spot_row, spot_col, status) VALUES ('2055b145-9564-5e25-a305-beb7e79801e0', '62feaf63-aa20-5070-b89f-e81bfd5f47cd', 'f-f2-p-1:F20', 'STANDARD', 6, 20, 'free');
INSERT INTO parking_spots (id, parking_lot_id, spot_number, zone, spot_row, spot_col, status) VALUES ('b351ec61-bb9e-55cd-990f-36b772c2400c', '62feaf63-aa20-5070-b89f-e81bfd5f47cd', 'f-f2-p-1:F21', 'STANDARD', 6, 21, 'free');
INSERT INTO parking_spots (id, parking_lot_id, spot_number, zone, spot_row, spot_col, status) VALUES ('374cd655-3fe8-5208-b8af-3cfaec2dbaa2', '62feaf63-aa20-5070-b89f-e81bfd5f47cd', 'f-f2-p-1:F22', 'STANDARD', 6, 22, 'free');
INSERT INTO parking_spots (id, parking_lot_id, spot_number, zone, spot_row, spot_col, status) VALUES ('702043c1-26e8-51b0-bd81-b78f7fe69c3b', '62feaf63-aa20-5070-b89f-e81bfd5f47cd', 'f-f2-p-1:F23', 'STANDARD', 6, 23, 'free');
INSERT INTO parking_spots (id, parking_lot_id, spot_number, zone, spot_row, spot_col, status) VALUES ('313c2e45-3541-59c2-a6d6-7f28a8d4fa40', '62feaf63-aa20-5070-b89f-e81bfd5f47cd', 'f-f2-p-1:F24', 'STANDARD', 6, 24, 'free');
INSERT INTO parking_spots (id, parking_lot_id, spot_number, zone, spot_row, spot_col, status) VALUES ('ca9dafe6-6fd6-5de5-bcf2-e0c5add9771d', '62feaf63-aa20-5070-b89f-e81bfd5f47cd', 'f-f2-p-1:F25', 'STANDARD', 6, 25, 'free');
INSERT INTO parking_spots (id, parking_lot_id, spot_number, zone, spot_row, spot_col, status) VALUES ('eff1b63f-25d5-598c-87e6-42218c37ef50', '62feaf63-aa20-5070-b89f-e81bfd5f47cd', 'f-f2-p-1:G1', 'STANDARD', 7, 1, 'free');
INSERT INTO parking_spots (id, parking_lot_id, spot_number, zone, spot_row, spot_col, status) VALUES ('096c89f6-9032-5ea6-9db9-4aeac365c5b2', '62feaf63-aa20-5070-b89f-e81bfd5f47cd', 'f-f2-p-1:G2', 'STANDARD', 7, 2, 'free');
INSERT INTO parking_spots (id, parking_lot_id, spot_number, zone, spot_row, spot_col, status) VALUES ('eb308898-7bcf-5c80-96c7-c815325626e0', '62feaf63-aa20-5070-b89f-e81bfd5f47cd', 'f-f2-p-1:G3', 'STANDARD', 7, 3, 'free');
INSERT INTO parking_spots (id, parking_lot_id, spot_number, zone, spot_row, spot_col, status) VALUES ('9ac64b8a-56f6-5585-a7c0-17b359c54f2c', '62feaf63-aa20-5070-b89f-e81bfd5f47cd', 'f-f2-p-1:G4', 'STANDARD', 7, 4, 'free');
INSERT INTO parking_spots (id, parking_lot_id, spot_number, zone, spot_row, spot_col, status) VALUES ('3a72c54d-8e90-5222-a977-e738d1877dd5', '62feaf63-aa20-5070-b89f-e81bfd5f47cd', 'f-f2-p-1:G5', 'STANDARD', 7, 5, 'free');
INSERT INTO parking_spots (id, parking_lot_id, spot_number, zone, spot_row, spot_col, status) VALUES ('fb56dd1b-d720-56a5-92bd-6cf6b3f6b6f4', '62feaf63-aa20-5070-b89f-e81bfd5f47cd', 'f-f2-p-1:G6', 'STANDARD', 7, 6, 'free');
INSERT INTO parking_spots (id, parking_lot_id, spot_number, zone, spot_row, spot_col, status) VALUES ('68eb7ed8-3cb6-52f1-a370-1c7c4159e893', '62feaf63-aa20-5070-b89f-e81bfd5f47cd', 'f-f2-p-1:G7', 'STANDARD', 7, 7, 'free');
INSERT INTO parking_spots (id, parking_lot_id, spot_number, zone, spot_row, spot_col, status) VALUES ('23bfe134-d7b5-5fbc-845d-8ec5c6aec252', '62feaf63-aa20-5070-b89f-e81bfd5f47cd', 'f-f2-p-1:G8', 'STANDARD', 7, 8, 'free');
INSERT INTO parking_spots (id, parking_lot_id, spot_number, zone, spot_row, spot_col, status) VALUES ('03bfa6d0-5f3f-5faa-b43e-e98804fe437b', '62feaf63-aa20-5070-b89f-e81bfd5f47cd', 'f-f2-p-1:G9', 'STANDARD', 7, 9, 'free');
INSERT INTO parking_spots (id, parking_lot_id, spot_number, zone, spot_row, spot_col, status) VALUES ('87484a03-852a-51b4-801a-c82f6b5fed68', '62feaf63-aa20-5070-b89f-e81bfd5f47cd', 'f-f2-p-1:G10', 'STANDARD', 7, 10, 'free');
INSERT INTO parking_spots (id, parking_lot_id, spot_number, zone, spot_row, spot_col, status) VALUES ('c49e7462-363b-5321-98c1-788b26883c32', '62feaf63-aa20-5070-b89f-e81bfd5f47cd', 'f-f2-p-1:G11', 'STANDARD', 7, 11, 'free');
INSERT INTO parking_spots (id, parking_lot_id, spot_number, zone, spot_row, spot_col, status) VALUES ('b9e54278-57a5-5d1a-aa45-78406354a7ed', '62feaf63-aa20-5070-b89f-e81bfd5f47cd', 'f-f2-p-1:G12', 'STANDARD', 7, 12, 'free');
INSERT INTO parking_spots (id, parking_lot_id, spot_number, zone, spot_row, spot_col, status) VALUES ('ae374481-f0d6-5864-b6e6-0a61d1bcac38', '62feaf63-aa20-5070-b89f-e81bfd5f47cd', 'f-f2-p-1:G13', 'STANDARD', 7, 13, 'free');
INSERT INTO parking_spots (id, parking_lot_id, spot_number, zone, spot_row, spot_col, status) VALUES ('fa8cbef4-5ee4-5b7d-b448-dcc3aa41def8', '62feaf63-aa20-5070-b89f-e81bfd5f47cd', 'f-f2-p-1:G14', 'STANDARD', 7, 14, 'free');
INSERT INTO parking_spots (id, parking_lot_id, spot_number, zone, spot_row, spot_col, status) VALUES ('57ac2fc0-30bd-5f1a-897c-a0a0447a1516', '62feaf63-aa20-5070-b89f-e81bfd5f47cd', 'f-f2-p-1:G15', 'STANDARD', 7, 15, 'free');
INSERT INTO parking_spots (id, parking_lot_id, spot_number, zone, spot_row, spot_col, status) VALUES ('abec7611-c353-5806-88c8-20b8d7cb3568', '62feaf63-aa20-5070-b89f-e81bfd5f47cd', 'f-f2-p-1:G16', 'STANDARD', 7, 16, 'free');
INSERT INTO parking_spots (id, parking_lot_id, spot_number, zone, spot_row, spot_col, status) VALUES ('7f9d328f-53e0-5245-8a37-d77eb1192be1', '62feaf63-aa20-5070-b89f-e81bfd5f47cd', 'f-f2-p-1:G17', 'STANDARD', 7, 17, 'free');
INSERT INTO parking_spots (id, parking_lot_id, spot_number, zone, spot_row, spot_col, status) VALUES ('2261dbd9-abd6-5421-bdf7-71ee707ea4c9', '62feaf63-aa20-5070-b89f-e81bfd5f47cd', 'f-f2-p-1:G18', 'STANDARD', 7, 18, 'free');
INSERT INTO parking_spots (id, parking_lot_id, spot_number, zone, spot_row, spot_col, status) VALUES ('16a5e3f7-acfd-5958-825c-f89789636af2', '62feaf63-aa20-5070-b89f-e81bfd5f47cd', 'f-f2-p-1:G19', 'STANDARD', 7, 19, 'free');
INSERT INTO parking_spots (id, parking_lot_id, spot_number, zone, spot_row, spot_col, status) VALUES ('241a7a45-1b74-5618-ba5d-6ebb98174831', '62feaf63-aa20-5070-b89f-e81bfd5f47cd', 'f-f2-p-1:G20', 'STANDARD', 7, 20, 'free');
INSERT INTO parking_spots (id, parking_lot_id, spot_number, zone, spot_row, spot_col, status) VALUES ('8d7a25f3-ff5e-5bf5-b07b-4610bff9cfb3', '62feaf63-aa20-5070-b89f-e81bfd5f47cd', 'f-f2-p-1:G21', 'STANDARD', 7, 21, 'free');
INSERT INTO parking_spots (id, parking_lot_id, spot_number, zone, spot_row, spot_col, status) VALUES ('92908d78-2a4a-580b-8352-0b1b90790a27', '62feaf63-aa20-5070-b89f-e81bfd5f47cd', 'f-f2-p-1:G22', 'STANDARD', 7, 22, 'free');
INSERT INTO parking_spots (id, parking_lot_id, spot_number, zone, spot_row, spot_col, status) VALUES ('591b851d-657d-5505-8a3c-b4687a6168b7', '62feaf63-aa20-5070-b89f-e81bfd5f47cd', 'f-f2-p-1:G23', 'STANDARD', 7, 23, 'free');
INSERT INTO parking_spots (id, parking_lot_id, spot_number, zone, spot_row, spot_col, status) VALUES ('d56a27a7-c505-5c37-bd83-beb369cc67da', '62feaf63-aa20-5070-b89f-e81bfd5f47cd', 'f-f2-p-1:G24', 'STANDARD', 7, 24, 'free');
INSERT INTO parking_spots (id, parking_lot_id, spot_number, zone, spot_row, spot_col, status) VALUES ('4f5d13c3-d6e3-5779-a497-30bf89913f2a', '62feaf63-aa20-5070-b89f-e81bfd5f47cd', 'f-f2-p-1:G25', 'STANDARD', 7, 25, 'free');
INSERT INTO parking_spots (id, parking_lot_id, spot_number, zone, spot_row, spot_col, status) VALUES ('453f9b9a-a40d-5f8f-a941-978d3b21c927', '62feaf63-aa20-5070-b89f-e81bfd5f47cd', 'f-f2-p-1:H1', 'STANDARD', 8, 1, 'free');
INSERT INTO parking_spots (id, parking_lot_id, spot_number, zone, spot_row, spot_col, status) VALUES ('0100eeb1-edfc-57f2-a6e6-0d811c220cd3', '62feaf63-aa20-5070-b89f-e81bfd5f47cd', 'f-f2-p-1:H2', 'STANDARD', 8, 2, 'free');
INSERT INTO parking_spots (id, parking_lot_id, spot_number, zone, spot_row, spot_col, status) VALUES ('f8f68de2-0283-5d0b-b4d1-bad2ef924d25', '62feaf63-aa20-5070-b89f-e81bfd5f47cd', 'f-f2-p-1:H3', 'STANDARD', 8, 3, 'free');
INSERT INTO parking_spots (id, parking_lot_id, spot_number, zone, spot_row, spot_col, status) VALUES ('250db570-a37c-5270-a523-3da88b334eaf', '62feaf63-aa20-5070-b89f-e81bfd5f47cd', 'f-f2-p-1:H4', 'STANDARD', 8, 4, 'free');
INSERT INTO parking_spots (id, parking_lot_id, spot_number, zone, spot_row, spot_col, status) VALUES ('07da9d40-f758-535f-822c-a00d83d41cc5', '62feaf63-aa20-5070-b89f-e81bfd5f47cd', 'f-f2-p-1:H5', 'STANDARD', 8, 5, 'free');
INSERT INTO parking_spots (id, parking_lot_id, spot_number, zone, spot_row, spot_col, status) VALUES ('1e0ae28c-76c4-5d60-bd70-e60050662977', '62feaf63-aa20-5070-b89f-e81bfd5f47cd', 'f-f2-p-1:H6', 'STANDARD', 8, 6, 'free');
INSERT INTO parking_spots (id, parking_lot_id, spot_number, zone, spot_row, spot_col, status) VALUES ('9d8709ea-d48d-5cea-915c-deccdcdac56f', '62feaf63-aa20-5070-b89f-e81bfd5f47cd', 'f-f2-p-1:H7', 'STANDARD', 8, 7, 'free');
INSERT INTO parking_spots (id, parking_lot_id, spot_number, zone, spot_row, spot_col, status) VALUES ('740fd0eb-f93a-509e-8acb-fdcf4d3f4e5e', '62feaf63-aa20-5070-b89f-e81bfd5f47cd', 'f-f2-p-1:H8', 'STANDARD', 8, 8, 'free');
INSERT INTO parking_spots (id, parking_lot_id, spot_number, zone, spot_row, spot_col, status) VALUES ('9ac74732-ebc7-56f9-86d7-0ba7306cd606', '62feaf63-aa20-5070-b89f-e81bfd5f47cd', 'f-f2-p-1:H9', 'STANDARD', 8, 9, 'free');
INSERT INTO parking_spots (id, parking_lot_id, spot_number, zone, spot_row, spot_col, status) VALUES ('04d70c7d-a3c1-5085-9c0b-fb4803ed6b75', '62feaf63-aa20-5070-b89f-e81bfd5f47cd', 'f-f2-p-1:H10', 'STANDARD', 8, 10, 'free');
INSERT INTO parking_spots (id, parking_lot_id, spot_number, zone, spot_row, spot_col, status) VALUES ('81ed0417-cd87-5f1b-bf18-1b0bb86eddef', '62feaf63-aa20-5070-b89f-e81bfd5f47cd', 'f-f2-p-1:H11', 'STANDARD', 8, 11, 'free');
INSERT INTO parking_spots (id, parking_lot_id, spot_number, zone, spot_row, spot_col, status) VALUES ('b0229b07-d9fb-5030-b967-e31d52f26d56', '62feaf63-aa20-5070-b89f-e81bfd5f47cd', 'f-f2-p-1:H12', 'STANDARD', 8, 12, 'free');
INSERT INTO parking_spots (id, parking_lot_id, spot_number, zone, spot_row, spot_col, status) VALUES ('7dde53b6-148e-5c1c-938a-c47665120647', '62feaf63-aa20-5070-b89f-e81bfd5f47cd', 'f-f2-p-1:H13', 'STANDARD', 8, 13, 'free');
INSERT INTO parking_spots (id, parking_lot_id, spot_number, zone, spot_row, spot_col, status) VALUES ('4cc60b0a-3b31-51d2-aa93-61981ad08180', '62feaf63-aa20-5070-b89f-e81bfd5f47cd', 'f-f2-p-1:H14', 'STANDARD', 8, 14, 'free');
INSERT INTO parking_spots (id, parking_lot_id, spot_number, zone, spot_row, spot_col, status) VALUES ('4c1d64ca-3856-5ad0-8c36-1234a105cdd1', '62feaf63-aa20-5070-b89f-e81bfd5f47cd', 'f-f2-p-1:H15', 'STANDARD', 8, 15, 'free');
INSERT INTO parking_spots (id, parking_lot_id, spot_number, zone, spot_row, spot_col, status) VALUES ('333e72dd-4ef6-5784-b50b-2fefcef3c3e4', '62feaf63-aa20-5070-b89f-e81bfd5f47cd', 'f-f2-p-1:H16', 'STANDARD', 8, 16, 'free');
INSERT INTO parking_spots (id, parking_lot_id, spot_number, zone, spot_row, spot_col, status) VALUES ('d11b7f5b-f9aa-5d98-9d4a-358987fd3379', '62feaf63-aa20-5070-b89f-e81bfd5f47cd', 'f-f2-p-1:H17', 'STANDARD', 8, 17, 'free');
INSERT INTO parking_spots (id, parking_lot_id, spot_number, zone, spot_row, spot_col, status) VALUES ('4620830b-9c8e-549a-a3bb-8dc8219fcb61', '62feaf63-aa20-5070-b89f-e81bfd5f47cd', 'f-f2-p-1:H18', 'STANDARD', 8, 18, 'free');
INSERT INTO parking_spots (id, parking_lot_id, spot_number, zone, spot_row, spot_col, status) VALUES ('d81e1b5e-5271-5e4f-ae84-b2c31a590e7c', '62feaf63-aa20-5070-b89f-e81bfd5f47cd', 'f-f2-p-1:H19', 'STANDARD', 8, 19, 'free');
INSERT INTO parking_spots (id, parking_lot_id, spot_number, zone, spot_row, spot_col, status) VALUES ('9b6d4ac1-dda7-5386-b426-5a3f1485bf45', '62feaf63-aa20-5070-b89f-e81bfd5f47cd', 'f-f2-p-1:H20', 'STANDARD', 8, 20, 'free');
INSERT INTO parking_spots (id, parking_lot_id, spot_number, zone, spot_row, spot_col, status) VALUES ('bcd0f2d9-ad4c-575a-85d1-925132feb84e', '62feaf63-aa20-5070-b89f-e81bfd5f47cd', 'f-f2-p-1:H21', 'STANDARD', 8, 21, 'free');
INSERT INTO parking_spots (id, parking_lot_id, spot_number, zone, spot_row, spot_col, status) VALUES ('e0828200-b309-5caf-bd90-a57b4dde45e9', '62feaf63-aa20-5070-b89f-e81bfd5f47cd', 'f-f2-p-1:H22', 'STANDARD', 8, 22, 'free');
INSERT INTO parking_spots (id, parking_lot_id, spot_number, zone, spot_row, spot_col, status) VALUES ('e3cb2d6a-1f16-5004-8494-66ee6ee5abae', '62feaf63-aa20-5070-b89f-e81bfd5f47cd', 'f-f2-p-1:H23', 'STANDARD', 8, 23, 'free');
INSERT INTO parking_spots (id, parking_lot_id, spot_number, zone, spot_row, spot_col, status) VALUES ('1b755b54-6d33-5e12-88ec-8998c8f94c1e', '62feaf63-aa20-5070-b89f-e81bfd5f47cd', 'f-f2-p-1:H24', 'STANDARD', 8, 24, 'free');
INSERT INTO parking_spots (id, parking_lot_id, spot_number, zone, spot_row, spot_col, status) VALUES ('b61890f0-126c-5952-a4f5-f9bb072c2c4c', '62feaf63-aa20-5070-b89f-e81bfd5f47cd', 'f-f2-p-1:H25', 'STANDARD', 8, 25, 'free');
INSERT INTO parking_spots (id, parking_lot_id, spot_number, zone, spot_row, spot_col, status) VALUES ('593d260f-86c7-5a64-9b9f-5bf2f01a0161', '62feaf63-aa20-5070-b89f-e81bfd5f47cd', 'f-f2-p-1:I1', 'STANDARD', 9, 1, 'free');
INSERT INTO parking_spots (id, parking_lot_id, spot_number, zone, spot_row, spot_col, status) VALUES ('eac17fe8-b64d-5dce-ab0c-8b152ad14858', '62feaf63-aa20-5070-b89f-e81bfd5f47cd', 'f-f2-p-1:I2', 'STANDARD', 9, 2, 'free');
INSERT INTO parking_spots (id, parking_lot_id, spot_number, zone, spot_row, spot_col, status) VALUES ('95c0ba90-72f9-5f30-b95c-94a595fd4020', '62feaf63-aa20-5070-b89f-e81bfd5f47cd', 'f-f2-p-1:I3', 'STANDARD', 9, 3, 'free');
INSERT INTO parking_spots (id, parking_lot_id, spot_number, zone, spot_row, spot_col, status) VALUES ('87cf892d-e325-543f-a066-0ea80da2127c', '62feaf63-aa20-5070-b89f-e81bfd5f47cd', 'f-f2-p-1:I4', 'STANDARD', 9, 4, 'free');
INSERT INTO parking_spots (id, parking_lot_id, spot_number, zone, spot_row, spot_col, status) VALUES ('9d87ca8e-594f-50b8-98de-50c4acedc252', '62feaf63-aa20-5070-b89f-e81bfd5f47cd', 'f-f2-p-1:I5', 'STANDARD', 9, 5, 'free');
INSERT INTO parking_spots (id, parking_lot_id, spot_number, zone, spot_row, spot_col, status) VALUES ('2383dbef-c923-5681-8e58-d4637f0c1887', '62feaf63-aa20-5070-b89f-e81bfd5f47cd', 'f-f2-p-1:I6', 'STANDARD', 9, 6, 'free');
INSERT INTO parking_spots (id, parking_lot_id, spot_number, zone, spot_row, spot_col, status) VALUES ('b169cee7-c666-5b85-95db-f33b72a19a1f', '62feaf63-aa20-5070-b89f-e81bfd5f47cd', 'f-f2-p-1:I7', 'STANDARD', 9, 7, 'free');
INSERT INTO parking_spots (id, parking_lot_id, spot_number, zone, spot_row, spot_col, status) VALUES ('122d4839-662c-5d0c-8c2c-8419dcca5a0c', '62feaf63-aa20-5070-b89f-e81bfd5f47cd', 'f-f2-p-1:I8', 'STANDARD', 9, 8, 'free');
INSERT INTO parking_spots (id, parking_lot_id, spot_number, zone, spot_row, spot_col, status) VALUES ('a11e77df-6832-56f6-979e-1bb658df6b15', '62feaf63-aa20-5070-b89f-e81bfd5f47cd', 'f-f2-p-1:I9', 'STANDARD', 9, 9, 'free');
INSERT INTO parking_spots (id, parking_lot_id, spot_number, zone, spot_row, spot_col, status) VALUES ('28530be6-071e-5477-918e-1ecf54eccf73', '62feaf63-aa20-5070-b89f-e81bfd5f47cd', 'f-f2-p-1:I10', 'STANDARD', 9, 10, 'free');
INSERT INTO parking_spots (id, parking_lot_id, spot_number, zone, spot_row, spot_col, status) VALUES ('54329d9d-ab3e-5f3a-950f-6e54978f4fed', '62feaf63-aa20-5070-b89f-e81bfd5f47cd', 'f-f2-p-1:I11', 'STANDARD', 9, 11, 'free');
INSERT INTO parking_spots (id, parking_lot_id, spot_number, zone, spot_row, spot_col, status) VALUES ('05b0c000-f631-5e9f-8f1c-be88d7a4d4ec', '62feaf63-aa20-5070-b89f-e81bfd5f47cd', 'f-f2-p-1:I12', 'STANDARD', 9, 12, 'free');
INSERT INTO parking_spots (id, parking_lot_id, spot_number, zone, spot_row, spot_col, status) VALUES ('15acb814-d2d7-51ae-ac0e-3af4c28eac1a', '62feaf63-aa20-5070-b89f-e81bfd5f47cd', 'f-f2-p-1:I13', 'STANDARD', 9, 13, 'free');
INSERT INTO parking_spots (id, parking_lot_id, spot_number, zone, spot_row, spot_col, status) VALUES ('f73be3ff-f160-5d60-a69e-d0d3f0cebe51', '62feaf63-aa20-5070-b89f-e81bfd5f47cd', 'f-f2-p-1:I14', 'STANDARD', 9, 14, 'free');
INSERT INTO parking_spots (id, parking_lot_id, spot_number, zone, spot_row, spot_col, status) VALUES ('897ce17c-ea89-51a1-9d26-35adf6f843f0', '62feaf63-aa20-5070-b89f-e81bfd5f47cd', 'f-f2-p-1:I15', 'STANDARD', 9, 15, 'free');
INSERT INTO parking_spots (id, parking_lot_id, spot_number, zone, spot_row, spot_col, status) VALUES ('1cdb5436-5b8f-5d18-88ae-620ca14ea610', '62feaf63-aa20-5070-b89f-e81bfd5f47cd', 'f-f2-p-1:I16', 'STANDARD', 9, 16, 'free');
INSERT INTO parking_spots (id, parking_lot_id, spot_number, zone, spot_row, spot_col, status) VALUES ('90d5f4a6-0f3d-5292-b7ca-111269929f2d', '62feaf63-aa20-5070-b89f-e81bfd5f47cd', 'f-f2-p-1:I17', 'STANDARD', 9, 17, 'free');
INSERT INTO parking_spots (id, parking_lot_id, spot_number, zone, spot_row, spot_col, status) VALUES ('ff6a8809-8c3a-5c9c-ab7e-0f2ef4b5c962', '62feaf63-aa20-5070-b89f-e81bfd5f47cd', 'f-f2-p-1:I18', 'STANDARD', 9, 18, 'free');
INSERT INTO parking_spots (id, parking_lot_id, spot_number, zone, spot_row, spot_col, status) VALUES ('423c3b08-aaae-5fce-9cf5-3ec130a3db31', '62feaf63-aa20-5070-b89f-e81bfd5f47cd', 'f-f2-p-1:I19', 'STANDARD', 9, 19, 'free');
INSERT INTO parking_spots (id, parking_lot_id, spot_number, zone, spot_row, spot_col, status) VALUES ('5764ff2a-45c0-5a14-8d9f-f4e231d88bd6', '62feaf63-aa20-5070-b89f-e81bfd5f47cd', 'f-f2-p-1:I20', 'STANDARD', 9, 20, 'free');
INSERT INTO parking_spots (id, parking_lot_id, spot_number, zone, spot_row, spot_col, status) VALUES ('929e66ca-a9c1-526b-bb2a-528a322c52cf', '62feaf63-aa20-5070-b89f-e81bfd5f47cd', 'f-f2-p-1:I21', 'STANDARD', 9, 21, 'free');
INSERT INTO parking_spots (id, parking_lot_id, spot_number, zone, spot_row, spot_col, status) VALUES ('49a6bf95-4a9a-50b6-8cbb-15ec774c73ea', '62feaf63-aa20-5070-b89f-e81bfd5f47cd', 'f-f2-p-1:I22', 'STANDARD', 9, 22, 'free');
INSERT INTO parking_spots (id, parking_lot_id, spot_number, zone, spot_row, spot_col, status) VALUES ('ed38d62b-6dfe-59c8-9c37-bd126778b2c7', '62feaf63-aa20-5070-b89f-e81bfd5f47cd', 'f-f2-p-1:I23', 'STANDARD', 9, 23, 'free');
INSERT INTO parking_spots (id, parking_lot_id, spot_number, zone, spot_row, spot_col, status) VALUES ('a2a05ead-91be-52f9-9d9b-84bfd5291075', '62feaf63-aa20-5070-b89f-e81bfd5f47cd', 'f-f2-p-1:I24', 'STANDARD', 9, 24, 'free');
INSERT INTO parking_spots (id, parking_lot_id, spot_number, zone, spot_row, spot_col, status) VALUES ('26662ff8-e93d-5954-a471-51d90c8c4663', '62feaf63-aa20-5070-b89f-e81bfd5f47cd', 'f-f2-p-1:I25', 'STANDARD', 9, 25, 'free');
INSERT INTO parking_spots (id, parking_lot_id, spot_number, zone, spot_row, spot_col, status) VALUES ('b0645b0a-7ea1-5aea-84a1-b7a19d00abe8', '62feaf63-aa20-5070-b89f-e81bfd5f47cd', 'f-f2-p-1:J1', 'STANDARD', 10, 1, 'free');
INSERT INTO parking_spots (id, parking_lot_id, spot_number, zone, spot_row, spot_col, status) VALUES ('2bb59487-d5a4-5c63-bbfa-adc25496a1a6', '62feaf63-aa20-5070-b89f-e81bfd5f47cd', 'f-f2-p-1:J2', 'STANDARD', 10, 2, 'free');
INSERT INTO parking_spots (id, parking_lot_id, spot_number, zone, spot_row, spot_col, status) VALUES ('65b4a008-9ce7-5852-bbbb-aea0d7c2a58e', '62feaf63-aa20-5070-b89f-e81bfd5f47cd', 'f-f2-p-1:J3', 'STANDARD', 10, 3, 'free');
INSERT INTO parking_spots (id, parking_lot_id, spot_number, zone, spot_row, spot_col, status) VALUES ('713ae6ce-1b49-5d1c-84a9-9e6460b5e40b', '62feaf63-aa20-5070-b89f-e81bfd5f47cd', 'f-f2-p-1:J4', 'STANDARD', 10, 4, 'free');
INSERT INTO parking_spots (id, parking_lot_id, spot_number, zone, spot_row, spot_col, status) VALUES ('27f850e7-1dbc-541e-9f3f-4d089ea1e0db', '62feaf63-aa20-5070-b89f-e81bfd5f47cd', 'f-f2-p-1:J5', 'STANDARD', 10, 5, 'free');
INSERT INTO parking_spots (id, parking_lot_id, spot_number, zone, spot_row, spot_col, status) VALUES ('a416b6b9-bb2e-507a-9d6d-503dbe15a3fa', '62feaf63-aa20-5070-b89f-e81bfd5f47cd', 'f-f2-p-1:J6', 'STANDARD', 10, 6, 'free');
INSERT INTO parking_spots (id, parking_lot_id, spot_number, zone, spot_row, spot_col, status) VALUES ('ac982653-d7b2-580d-82ec-bc18dba4e2b6', '62feaf63-aa20-5070-b89f-e81bfd5f47cd', 'f-f2-p-1:J7', 'STANDARD', 10, 7, 'free');
INSERT INTO parking_spots (id, parking_lot_id, spot_number, zone, spot_row, spot_col, status) VALUES ('13b0cfb5-f293-53c5-b408-b2fcf209e97d', '62feaf63-aa20-5070-b89f-e81bfd5f47cd', 'f-f2-p-1:J8', 'STANDARD', 10, 8, 'free');
INSERT INTO parking_spots (id, parking_lot_id, spot_number, zone, spot_row, spot_col, status) VALUES ('37671db8-7b1c-5993-9b43-d87386ad7566', '62feaf63-aa20-5070-b89f-e81bfd5f47cd', 'f-f2-p-1:J9', 'STANDARD', 10, 9, 'free');
INSERT INTO parking_spots (id, parking_lot_id, spot_number, zone, spot_row, spot_col, status) VALUES ('7ecc4d5b-daad-5d7b-afed-ddc2b5a0b58f', '62feaf63-aa20-5070-b89f-e81bfd5f47cd', 'f-f2-p-1:J10', 'STANDARD', 10, 10, 'free');
INSERT INTO parking_spots (id, parking_lot_id, spot_number, zone, spot_row, spot_col, status) VALUES ('132ffaab-f52f-5bcc-b639-5791c34ee064', '62feaf63-aa20-5070-b89f-e81bfd5f47cd', 'f-f2-p-1:J11', 'STANDARD', 10, 11, 'free');
INSERT INTO parking_spots (id, parking_lot_id, spot_number, zone, spot_row, spot_col, status) VALUES ('e83e0ffd-33c1-599c-81b7-381a0c5dfbbd', '62feaf63-aa20-5070-b89f-e81bfd5f47cd', 'f-f2-p-1:J12', 'STANDARD', 10, 12, 'free');
INSERT INTO parking_spots (id, parking_lot_id, spot_number, zone, spot_row, spot_col, status) VALUES ('d08f4575-7a5c-5ef4-a164-0db9c8c2a3ac', '62feaf63-aa20-5070-b89f-e81bfd5f47cd', 'f-f2-p-1:J13', 'STANDARD', 10, 13, 'free');
INSERT INTO parking_spots (id, parking_lot_id, spot_number, zone, spot_row, spot_col, status) VALUES ('a3183641-69e1-5905-8c96-a425d2be1deb', '62feaf63-aa20-5070-b89f-e81bfd5f47cd', 'f-f2-p-1:J14', 'STANDARD', 10, 14, 'free');
INSERT INTO parking_spots (id, parking_lot_id, spot_number, zone, spot_row, spot_col, status) VALUES ('7289db77-37b2-57f8-af68-0a5d8aca8403', '62feaf63-aa20-5070-b89f-e81bfd5f47cd', 'f-f2-p-1:J15', 'STANDARD', 10, 15, 'free');
INSERT INTO parking_spots (id, parking_lot_id, spot_number, zone, spot_row, spot_col, status) VALUES ('a9ceb930-510c-55f1-a5bc-348b8c38b3cf', '62feaf63-aa20-5070-b89f-e81bfd5f47cd', 'f-f2-p-1:J16', 'STANDARD', 10, 16, 'free');
INSERT INTO parking_spots (id, parking_lot_id, spot_number, zone, spot_row, spot_col, status) VALUES ('83eb34fc-39ed-5130-98f6-e3514dec895e', '62feaf63-aa20-5070-b89f-e81bfd5f47cd', 'f-f2-p-1:J17', 'STANDARD', 10, 17, 'free');
INSERT INTO parking_spots (id, parking_lot_id, spot_number, zone, spot_row, spot_col, status) VALUES ('b1e0a593-b4ca-5aeb-9287-dd09cafbb22c', '62feaf63-aa20-5070-b89f-e81bfd5f47cd', 'f-f2-p-1:J18', 'STANDARD', 10, 18, 'free');
INSERT INTO parking_spots (id, parking_lot_id, spot_number, zone, spot_row, spot_col, status) VALUES ('bc9ce5d8-a4ef-55ed-abf6-79b185169b7a', '62feaf63-aa20-5070-b89f-e81bfd5f47cd', 'f-f2-p-1:J19', 'STANDARD', 10, 19, 'free');
INSERT INTO parking_spots (id, parking_lot_id, spot_number, zone, spot_row, spot_col, status) VALUES ('813f25c9-f5bf-582f-b459-4222faa77f40', '62feaf63-aa20-5070-b89f-e81bfd5f47cd', 'f-f2-p-1:J20', 'STANDARD', 10, 20, 'free');
INSERT INTO parking_spots (id, parking_lot_id, spot_number, zone, spot_row, spot_col, status) VALUES ('a6a7dd82-5181-5323-911c-5bb566aa1138', '62feaf63-aa20-5070-b89f-e81bfd5f47cd', 'f-f2-p-1:J21', 'STANDARD', 10, 21, 'free');
INSERT INTO parking_spots (id, parking_lot_id, spot_number, zone, spot_row, spot_col, status) VALUES ('b6e5925d-bed3-5f09-826c-ae7ea4bfce6b', '62feaf63-aa20-5070-b89f-e81bfd5f47cd', 'f-f2-p-1:J22', 'STANDARD', 10, 22, 'free');
INSERT INTO parking_spots (id, parking_lot_id, spot_number, zone, spot_row, spot_col, status) VALUES ('7981b8d8-a763-5c3a-ad74-0b6bde4b7c74', '62feaf63-aa20-5070-b89f-e81bfd5f47cd', 'f-f2-p-1:J23', 'STANDARD', 10, 23, 'free');
INSERT INTO parking_spots (id, parking_lot_id, spot_number, zone, spot_row, spot_col, status) VALUES ('248ef731-0d81-5b5b-a8ad-375b6c2d7723', '62feaf63-aa20-5070-b89f-e81bfd5f47cd', 'f-f2-p-1:J24', 'STANDARD', 10, 24, 'free');
INSERT INTO parking_spots (id, parking_lot_id, spot_number, zone, spot_row, spot_col, status) VALUES ('e6081907-7df6-5bfb-9e28-a89387425d58', '62feaf63-aa20-5070-b89f-e81bfd5f47cd', 'f-f2-p-1:J25', 'STANDARD', 10, 25, 'free');

INSERT INTO parking_lots (id, name, city, address, latitude, longitude, opening_hours, total_spaces)
VALUES ('6d139aed-f62a-5899-a42a-d3088fd3408b', 'Estação Ferroviária de Ovar', 'Ovar', 'Largo da Estação, Ovar', 40.864003, -8.616823, '08h00 - 22h00', 48)
ON CONFLICT (id) DO UPDATE SET
  name = EXCLUDED.name,
  city = EXCLUDED.city,
  address = EXCLUDED.address,
  latitude = EXCLUDED.latitude,
  longitude = EXCLUDED.longitude,
  opening_hours = EXCLUDED.opening_hours,
  total_spaces = EXCLUDED.total_spaces;
DELETE FROM parking_lot_amenities WHERE parking_lot_id = '6d139aed-f62a-5899-a42a-d3088fd3408b';
INSERT INTO parking_lot_amenities (parking_lot_id, amenity) VALUES ('6d139aed-f62a-5899-a42a-d3088fd3408b', 'câmeras');
INSERT INTO tariffs (id, parking_lot_id, name, description, price_per_hour, max_daily, monthly, price_per_kwh, status)
VALUES ('dcd32c27-e4e8-56ce-b80e-39d12514d31a', '6d139aed-f62a-5899-a42a-d3088fd3408b', 'Standard', 'Tarifa normal de estacionamento', 0.80, 6.00, 60.00, NULL, 'ACTIVE')
ON CONFLICT (id) DO UPDATE SET
  price_per_hour = EXCLUDED.price_per_hour,
  max_daily = EXCLUDED.max_daily,
  monthly = EXCLUDED.monthly,
  status = EXCLUDED.status;
DELETE FROM parking_spots WHERE parking_lot_id = '6d139aed-f62a-5899-a42a-d3088fd3408b';
INSERT INTO parking_spots (id, parking_lot_id, spot_number, zone, spot_row, spot_col, status) VALUES ('a4d9f986-3609-5f14-bcb8-0ba06bb15015', '6d139aed-f62a-5899-a42a-d3088fd3408b', 'f-o1-p0:A1', 'STANDARD', 1, 1, 'free');
INSERT INTO parking_spots (id, parking_lot_id, spot_number, zone, spot_row, spot_col, status) VALUES ('a4c14101-42f2-53ab-8958-8d9964f0eb88', '6d139aed-f62a-5899-a42a-d3088fd3408b', 'f-o1-p0:A2', 'STANDARD', 1, 2, 'occupied');
INSERT INTO parking_spots (id, parking_lot_id, spot_number, zone, spot_row, spot_col, status) VALUES ('c8c1baa4-4522-5943-9587-5c13c6bf6125', '6d139aed-f62a-5899-a42a-d3088fd3408b', 'f-o1-p0:A3', 'STANDARD', 1, 3, 'occupied');
INSERT INTO parking_spots (id, parking_lot_id, spot_number, zone, spot_row, spot_col, status) VALUES ('f4cb408c-fd8c-52f4-998d-3cadbeccba65', '6d139aed-f62a-5899-a42a-d3088fd3408b', 'f-o1-p0:A4', 'STANDARD', 1, 4, 'occupied');
INSERT INTO parking_spots (id, parking_lot_id, spot_number, zone, spot_row, spot_col, status) VALUES ('c7766328-2c58-5ec5-b70f-9cb1e08ea262', '6d139aed-f62a-5899-a42a-d3088fd3408b', 'f-o1-p0:A5', 'STANDARD', 1, 5, 'free');
INSERT INTO parking_spots (id, parking_lot_id, spot_number, zone, spot_row, spot_col, status) VALUES ('04e77fcf-f512-5993-8072-766be4b98107', '6d139aed-f62a-5899-a42a-d3088fd3408b', 'f-o1-p0:A6', 'STANDARD', 1, 6, 'free');
INSERT INTO parking_spots (id, parking_lot_id, spot_number, zone, spot_row, spot_col, status) VALUES ('e8a4d641-f0bc-52fe-a658-659e0ed2bdf6', '6d139aed-f62a-5899-a42a-d3088fd3408b', 'f-o1-p0:A7', 'STANDARD', 1, 7, 'free');
INSERT INTO parking_spots (id, parking_lot_id, spot_number, zone, spot_row, spot_col, status) VALUES ('82ddbb4a-2133-5790-8402-7ff5846f2894', '6d139aed-f62a-5899-a42a-d3088fd3408b', 'f-o1-p0:A8', 'STANDARD', 1, 8, 'free');
INSERT INTO parking_spots (id, parking_lot_id, spot_number, zone, spot_row, spot_col, status) VALUES ('69fe3c98-4430-50c2-9e59-42a987d3aff6', '6d139aed-f62a-5899-a42a-d3088fd3408b', 'f-o1-p0:B1', 'STANDARD', 2, 1, 'free');
INSERT INTO parking_spots (id, parking_lot_id, spot_number, zone, spot_row, spot_col, status) VALUES ('9b9fc428-91bd-5ceb-87d5-502c65869d30', '6d139aed-f62a-5899-a42a-d3088fd3408b', 'f-o1-p0:B2', 'STANDARD', 2, 2, 'free');
INSERT INTO parking_spots (id, parking_lot_id, spot_number, zone, spot_row, spot_col, status) VALUES ('71a17b4a-33dc-5d5d-8f94-95c92b0677e4', '6d139aed-f62a-5899-a42a-d3088fd3408b', 'f-o1-p0:B3', 'STANDARD', 2, 3, 'free');
INSERT INTO parking_spots (id, parking_lot_id, spot_number, zone, spot_row, spot_col, status) VALUES ('02d65191-edd2-5fe1-9735-95cd3e9662d3', '6d139aed-f62a-5899-a42a-d3088fd3408b', 'f-o1-p0:B4', 'STANDARD', 2, 4, 'free');
INSERT INTO parking_spots (id, parking_lot_id, spot_number, zone, spot_row, spot_col, status) VALUES ('fd4dd4ce-6828-5a1d-8d3f-fefa4b4b8b89', '6d139aed-f62a-5899-a42a-d3088fd3408b', 'f-o1-p0:B5', 'STANDARD', 2, 5, 'free');
INSERT INTO parking_spots (id, parking_lot_id, spot_number, zone, spot_row, spot_col, status) VALUES ('5a911eb3-95db-5134-a255-cfd038a7b3a2', '6d139aed-f62a-5899-a42a-d3088fd3408b', 'f-o1-p0:B6', 'STANDARD', 2, 6, 'free');
INSERT INTO parking_spots (id, parking_lot_id, spot_number, zone, spot_row, spot_col, status) VALUES ('a0903039-e312-5ef9-bb62-bc1397ad3a26', '6d139aed-f62a-5899-a42a-d3088fd3408b', 'f-o1-p0:B7', 'STANDARD', 2, 7, 'free');
INSERT INTO parking_spots (id, parking_lot_id, spot_number, zone, spot_row, spot_col, status) VALUES ('9bce7699-3e09-509f-b7e7-bc7fb4b0339c', '6d139aed-f62a-5899-a42a-d3088fd3408b', 'f-o1-p0:B8', 'STANDARD', 2, 8, 'free');
INSERT INTO parking_spots (id, parking_lot_id, spot_number, zone, spot_row, spot_col, status) VALUES ('86144392-07fa-5841-9e6e-6288911d5494', '6d139aed-f62a-5899-a42a-d3088fd3408b', 'f-o1-p0:C1', 'STANDARD', 3, 1, 'free');
INSERT INTO parking_spots (id, parking_lot_id, spot_number, zone, spot_row, spot_col, status) VALUES ('d8c30178-023b-5bcf-a904-f40123e73eb6', '6d139aed-f62a-5899-a42a-d3088fd3408b', 'f-o1-p0:C2', 'STANDARD', 3, 2, 'free');
INSERT INTO parking_spots (id, parking_lot_id, spot_number, zone, spot_row, spot_col, status) VALUES ('0cf3bb80-19dd-571c-9b1b-08931d335932', '6d139aed-f62a-5899-a42a-d3088fd3408b', 'f-o1-p0:C3', 'STANDARD', 3, 3, 'free');
INSERT INTO parking_spots (id, parking_lot_id, spot_number, zone, spot_row, spot_col, status) VALUES ('128ca47d-5415-56a7-a878-99967ed6734a', '6d139aed-f62a-5899-a42a-d3088fd3408b', 'f-o1-p0:C4', 'STANDARD', 3, 4, 'free');
INSERT INTO parking_spots (id, parking_lot_id, spot_number, zone, spot_row, spot_col, status) VALUES ('bf5e321b-f97f-57f3-b9e6-bbd9770c8547', '6d139aed-f62a-5899-a42a-d3088fd3408b', 'f-o1-p0:C5', 'STANDARD', 3, 5, 'free');
INSERT INTO parking_spots (id, parking_lot_id, spot_number, zone, spot_row, spot_col, status) VALUES ('583f761c-bac4-5d75-b41b-3e34c965b2b4', '6d139aed-f62a-5899-a42a-d3088fd3408b', 'f-o1-p0:C6', 'STANDARD', 3, 6, 'free');
INSERT INTO parking_spots (id, parking_lot_id, spot_number, zone, spot_row, spot_col, status) VALUES ('17dad77b-c4d1-5b27-ae7e-671bb735649c', '6d139aed-f62a-5899-a42a-d3088fd3408b', 'f-o1-p0:C7', 'STANDARD', 3, 7, 'free');
INSERT INTO parking_spots (id, parking_lot_id, spot_number, zone, spot_row, spot_col, status) VALUES ('617cbd4a-42b1-5d5b-8645-afc34c213142', '6d139aed-f62a-5899-a42a-d3088fd3408b', 'f-o1-p0:C8', 'STANDARD', 3, 8, 'free');
INSERT INTO parking_spots (id, parking_lot_id, spot_number, zone, spot_row, spot_col, status) VALUES ('9225d6a6-d8c5-59fa-a140-21ac821baeb9', '6d139aed-f62a-5899-a42a-d3088fd3408b', 'f-o1-p0:D1', 'STANDARD', 4, 1, 'free');
INSERT INTO parking_spots (id, parking_lot_id, spot_number, zone, spot_row, spot_col, status) VALUES ('ae386260-9fb4-5773-92cb-647127a3e7de', '6d139aed-f62a-5899-a42a-d3088fd3408b', 'f-o1-p0:D2', 'STANDARD', 4, 2, 'free');
INSERT INTO parking_spots (id, parking_lot_id, spot_number, zone, spot_row, spot_col, status) VALUES ('87ba96ea-6ab2-5f03-bc5c-3221b482713e', '6d139aed-f62a-5899-a42a-d3088fd3408b', 'f-o1-p0:D3', 'STANDARD', 4, 3, 'free');
INSERT INTO parking_spots (id, parking_lot_id, spot_number, zone, spot_row, spot_col, status) VALUES ('da2bad51-5789-5698-9c9e-6647602a28e9', '6d139aed-f62a-5899-a42a-d3088fd3408b', 'f-o1-p0:D4', 'STANDARD', 4, 4, 'free');
INSERT INTO parking_spots (id, parking_lot_id, spot_number, zone, spot_row, spot_col, status) VALUES ('1fe7a96d-77c5-58cb-869a-103cfb53f38d', '6d139aed-f62a-5899-a42a-d3088fd3408b', 'f-o1-p0:D5', 'STANDARD', 4, 5, 'free');
INSERT INTO parking_spots (id, parking_lot_id, spot_number, zone, spot_row, spot_col, status) VALUES ('a0fcb896-1de8-52a1-b149-2b177deee8b4', '6d139aed-f62a-5899-a42a-d3088fd3408b', 'f-o1-p0:D6', 'STANDARD', 4, 6, 'free');
INSERT INTO parking_spots (id, parking_lot_id, spot_number, zone, spot_row, spot_col, status) VALUES ('5df43852-4f34-5b01-a6f4-05f384bd3673', '6d139aed-f62a-5899-a42a-d3088fd3408b', 'f-o1-p0:D7', 'STANDARD', 4, 7, 'free');
INSERT INTO parking_spots (id, parking_lot_id, spot_number, zone, spot_row, spot_col, status) VALUES ('ef0dbc68-e911-5a70-b9f2-5f631d9a2113', '6d139aed-f62a-5899-a42a-d3088fd3408b', 'f-o1-p0:D8', 'STANDARD', 4, 8, 'free');
INSERT INTO parking_spots (id, parking_lot_id, spot_number, zone, spot_row, spot_col, status) VALUES ('ce9de5bf-18f1-5614-9b53-8790cdc6defb', '6d139aed-f62a-5899-a42a-d3088fd3408b', 'f-o1-p0:E1', 'STANDARD', 5, 1, 'free');
INSERT INTO parking_spots (id, parking_lot_id, spot_number, zone, spot_row, spot_col, status) VALUES ('4d856993-f8ba-5cdc-b149-22ab0a10297b', '6d139aed-f62a-5899-a42a-d3088fd3408b', 'f-o1-p0:E2', 'STANDARD', 5, 2, 'free');
INSERT INTO parking_spots (id, parking_lot_id, spot_number, zone, spot_row, spot_col, status) VALUES ('cd612d0a-2774-5c96-8127-8684ab4f7385', '6d139aed-f62a-5899-a42a-d3088fd3408b', 'f-o1-p0:E3', 'STANDARD', 5, 3, 'free');
INSERT INTO parking_spots (id, parking_lot_id, spot_number, zone, spot_row, spot_col, status) VALUES ('b1782a55-8505-5310-be0e-cb75d2e1233d', '6d139aed-f62a-5899-a42a-d3088fd3408b', 'f-o1-p0:E4', 'STANDARD', 5, 4, 'free');
INSERT INTO parking_spots (id, parking_lot_id, spot_number, zone, spot_row, spot_col, status) VALUES ('096e7c6c-11af-5eb0-b6e4-4a600aa1a084', '6d139aed-f62a-5899-a42a-d3088fd3408b', 'f-o1-p0:E5', 'STANDARD', 5, 5, 'free');
INSERT INTO parking_spots (id, parking_lot_id, spot_number, zone, spot_row, spot_col, status) VALUES ('b5c86c09-e374-58d5-85db-29c3a9d3dcbc', '6d139aed-f62a-5899-a42a-d3088fd3408b', 'f-o1-p0:E6', 'STANDARD', 5, 6, 'free');
INSERT INTO parking_spots (id, parking_lot_id, spot_number, zone, spot_row, spot_col, status) VALUES ('5584b096-2e9b-5ef3-8377-a3fbd5a080ea', '6d139aed-f62a-5899-a42a-d3088fd3408b', 'f-o1-p0:E7', 'STANDARD', 5, 7, 'free');
INSERT INTO parking_spots (id, parking_lot_id, spot_number, zone, spot_row, spot_col, status) VALUES ('e098b8bb-55dd-566f-8fdb-78bc1df86ee4', '6d139aed-f62a-5899-a42a-d3088fd3408b', 'f-o1-p0:E8', 'STANDARD', 5, 8, 'free');
INSERT INTO parking_spots (id, parking_lot_id, spot_number, zone, spot_row, spot_col, status) VALUES ('3b5cc042-b443-54c6-9257-f830e3f0a441', '6d139aed-f62a-5899-a42a-d3088fd3408b', 'f-o1-p0:F1', 'STANDARD', 6, 1, 'free');
INSERT INTO parking_spots (id, parking_lot_id, spot_number, zone, spot_row, spot_col, status) VALUES ('a8f6beda-fd20-5f7f-947c-13e0a6688599', '6d139aed-f62a-5899-a42a-d3088fd3408b', 'f-o1-p0:F2', 'STANDARD', 6, 2, 'free');
INSERT INTO parking_spots (id, parking_lot_id, spot_number, zone, spot_row, spot_col, status) VALUES ('2d493e5f-41cd-5eb5-9de9-64c33d3e2e3f', '6d139aed-f62a-5899-a42a-d3088fd3408b', 'f-o1-p0:F3', 'STANDARD', 6, 3, 'free');
INSERT INTO parking_spots (id, parking_lot_id, spot_number, zone, spot_row, spot_col, status) VALUES ('087523be-4550-5644-ae89-0b8a1e19485f', '6d139aed-f62a-5899-a42a-d3088fd3408b', 'f-o1-p0:F4', 'STANDARD', 6, 4, 'free');
INSERT INTO parking_spots (id, parking_lot_id, spot_number, zone, spot_row, spot_col, status) VALUES ('9ad8d15d-4037-5522-90e0-ad678d78ad59', '6d139aed-f62a-5899-a42a-d3088fd3408b', 'f-o1-p0:F5', 'STANDARD', 6, 5, 'free');
INSERT INTO parking_spots (id, parking_lot_id, spot_number, zone, spot_row, spot_col, status) VALUES ('aca66d0c-9298-50f9-9dcc-cd091445daa6', '6d139aed-f62a-5899-a42a-d3088fd3408b', 'f-o1-p0:F6', 'STANDARD', 6, 6, 'free');
INSERT INTO parking_spots (id, parking_lot_id, spot_number, zone, spot_row, spot_col, status) VALUES ('fe126b65-0990-589a-8881-02f060b40e3b', '6d139aed-f62a-5899-a42a-d3088fd3408b', 'f-o1-p0:F7', 'STANDARD', 6, 7, 'free');
INSERT INTO parking_spots (id, parking_lot_id, spot_number, zone, spot_row, spot_col, status) VALUES ('efaea23b-77fb-5bb8-b9bd-2c1b4637bbdc', '6d139aed-f62a-5899-a42a-d3088fd3408b', 'f-o1-p0:F8', 'STANDARD', 6, 8, 'free');
INSERT INTO parking_spots (id, parking_lot_id, spot_number, zone, spot_row, spot_col, status) VALUES ('d12aedd0-1903-5c9b-a7e4-6852cf6c483d', '6d139aed-f62a-5899-a42a-d3088fd3408b', 'f-o1-p-1:A1', 'STANDARD', 1, 1, 'free');
INSERT INTO parking_spots (id, parking_lot_id, spot_number, zone, spot_row, spot_col, status) VALUES ('2a50a11d-82b4-5ed7-ace7-14eb80bbb2fe', '6d139aed-f62a-5899-a42a-d3088fd3408b', 'f-o1-p-1:A2', 'STANDARD', 1, 2, 'free');
INSERT INTO parking_spots (id, parking_lot_id, spot_number, zone, spot_row, spot_col, status) VALUES ('ce47fad3-5b84-533e-aeb4-d4aa72ee4821', '6d139aed-f62a-5899-a42a-d3088fd3408b', 'f-o1-p-1:A3', 'STANDARD', 1, 3, 'free');
INSERT INTO parking_spots (id, parking_lot_id, spot_number, zone, spot_row, spot_col, status) VALUES ('63b97f39-d1f1-59e5-bc16-3b7415e1ded8', '6d139aed-f62a-5899-a42a-d3088fd3408b', 'f-o1-p-1:A4', 'STANDARD', 1, 4, 'free');
INSERT INTO parking_spots (id, parking_lot_id, spot_number, zone, spot_row, spot_col, status) VALUES ('0c54cf07-87f8-50a2-bf54-18410436cf33', '6d139aed-f62a-5899-a42a-d3088fd3408b', 'f-o1-p-1:A5', 'STANDARD', 1, 5, 'occupied');
INSERT INTO parking_spots (id, parking_lot_id, spot_number, zone, spot_row, spot_col, status) VALUES ('3ab1277c-9d85-5d26-ae2b-8d2b1e8724b5', '6d139aed-f62a-5899-a42a-d3088fd3408b', 'f-o1-p-1:A6', 'STANDARD', 1, 6, 'occupied');
INSERT INTO parking_spots (id, parking_lot_id, spot_number, zone, spot_row, spot_col, status) VALUES ('777681a2-8051-5d94-b9fd-93570c6a175f', '6d139aed-f62a-5899-a42a-d3088fd3408b', 'f-o1-p-1:A7', 'STANDARD', 1, 7, 'free');
INSERT INTO parking_spots (id, parking_lot_id, spot_number, zone, spot_row, spot_col, status) VALUES ('5009b728-6d99-5c48-99b2-0ec55fa9e321', '6d139aed-f62a-5899-a42a-d3088fd3408b', 'f-o1-p-1:A8', 'STANDARD', 1, 8, 'free');
INSERT INTO parking_spots (id, parking_lot_id, spot_number, zone, spot_row, spot_col, status) VALUES ('f7e15ef0-8b4d-5397-bfa0-5f570df13f70', '6d139aed-f62a-5899-a42a-d3088fd3408b', 'f-o1-p-1:B1', 'STANDARD', 2, 1, 'free');
INSERT INTO parking_spots (id, parking_lot_id, spot_number, zone, spot_row, spot_col, status) VALUES ('828b272c-6160-5c15-9ddc-10b53809cba6', '6d139aed-f62a-5899-a42a-d3088fd3408b', 'f-o1-p-1:B2', 'STANDARD', 2, 2, 'free');
INSERT INTO parking_spots (id, parking_lot_id, spot_number, zone, spot_row, spot_col, status) VALUES ('4e722419-ffd5-5eda-9db6-f197bfb1df42', '6d139aed-f62a-5899-a42a-d3088fd3408b', 'f-o1-p-1:B3', 'STANDARD', 2, 3, 'free');
INSERT INTO parking_spots (id, parking_lot_id, spot_number, zone, spot_row, spot_col, status) VALUES ('121b4635-29c3-5de4-8581-ebba2fe8cc8c', '6d139aed-f62a-5899-a42a-d3088fd3408b', 'f-o1-p-1:B4', 'STANDARD', 2, 4, 'free');
INSERT INTO parking_spots (id, parking_lot_id, spot_number, zone, spot_row, spot_col, status) VALUES ('5bda788f-dc0c-5b29-9ad1-91d64848647d', '6d139aed-f62a-5899-a42a-d3088fd3408b', 'f-o1-p-1:B5', 'STANDARD', 2, 5, 'free');
INSERT INTO parking_spots (id, parking_lot_id, spot_number, zone, spot_row, spot_col, status) VALUES ('0738d503-923a-527a-b643-a63eafd718cd', '6d139aed-f62a-5899-a42a-d3088fd3408b', 'f-o1-p-1:B6', 'STANDARD', 2, 6, 'free');
INSERT INTO parking_spots (id, parking_lot_id, spot_number, zone, spot_row, spot_col, status) VALUES ('9bddd431-1a0a-5fbc-bf4e-d779b56ac6c9', '6d139aed-f62a-5899-a42a-d3088fd3408b', 'f-o1-p-1:B7', 'STANDARD', 2, 7, 'free');
INSERT INTO parking_spots (id, parking_lot_id, spot_number, zone, spot_row, spot_col, status) VALUES ('5b61774b-1848-5214-913c-1b77c884165b', '6d139aed-f62a-5899-a42a-d3088fd3408b', 'f-o1-p-1:B8', 'STANDARD', 2, 8, 'free');
INSERT INTO parking_spots (id, parking_lot_id, spot_number, zone, spot_row, spot_col, status) VALUES ('2b947def-9afc-520f-92bb-31988c6649cf', '6d139aed-f62a-5899-a42a-d3088fd3408b', 'f-o1-p-1:C1', 'STANDARD', 3, 1, 'free');
INSERT INTO parking_spots (id, parking_lot_id, spot_number, zone, spot_row, spot_col, status) VALUES ('c83eb6ba-a9a4-55b9-9f38-9f176b395e2e', '6d139aed-f62a-5899-a42a-d3088fd3408b', 'f-o1-p-1:C2', 'STANDARD', 3, 2, 'free');
INSERT INTO parking_spots (id, parking_lot_id, spot_number, zone, spot_row, spot_col, status) VALUES ('58b3ea58-9086-5b28-8d9f-7048e9c6cb8d', '6d139aed-f62a-5899-a42a-d3088fd3408b', 'f-o1-p-1:C3', 'STANDARD', 3, 3, 'free');
INSERT INTO parking_spots (id, parking_lot_id, spot_number, zone, spot_row, spot_col, status) VALUES ('1d2678cc-7316-5715-98b7-58f6416f9d4b', '6d139aed-f62a-5899-a42a-d3088fd3408b', 'f-o1-p-1:C4', 'STANDARD', 3, 4, 'free');
INSERT INTO parking_spots (id, parking_lot_id, spot_number, zone, spot_row, spot_col, status) VALUES ('2f258c06-9144-5775-b5fb-505da9d7444d', '6d139aed-f62a-5899-a42a-d3088fd3408b', 'f-o1-p-1:C5', 'STANDARD', 3, 5, 'free');
INSERT INTO parking_spots (id, parking_lot_id, spot_number, zone, spot_row, spot_col, status) VALUES ('5c8697da-7517-587b-b5b8-3d822ca665e8', '6d139aed-f62a-5899-a42a-d3088fd3408b', 'f-o1-p-1:C6', 'STANDARD', 3, 6, 'free');
INSERT INTO parking_spots (id, parking_lot_id, spot_number, zone, spot_row, spot_col, status) VALUES ('e65b9b03-e525-5d71-8ecc-85b59238f955', '6d139aed-f62a-5899-a42a-d3088fd3408b', 'f-o1-p-1:C7', 'STANDARD', 3, 7, 'free');
INSERT INTO parking_spots (id, parking_lot_id, spot_number, zone, spot_row, spot_col, status) VALUES ('086c2135-8f1c-5393-9adb-3c8e6b0d98ce', '6d139aed-f62a-5899-a42a-d3088fd3408b', 'f-o1-p-1:C8', 'STANDARD', 3, 8, 'free');
INSERT INTO parking_spots (id, parking_lot_id, spot_number, zone, spot_row, spot_col, status) VALUES ('e8a8f695-cd69-5df3-8a2d-1e4b887988ba', '6d139aed-f62a-5899-a42a-d3088fd3408b', 'f-o1-p-1:D1', 'STANDARD', 4, 1, 'free');
INSERT INTO parking_spots (id, parking_lot_id, spot_number, zone, spot_row, spot_col, status) VALUES ('e396ea90-b327-50ec-9447-5fd397f32176', '6d139aed-f62a-5899-a42a-d3088fd3408b', 'f-o1-p-1:D2', 'STANDARD', 4, 2, 'free');
INSERT INTO parking_spots (id, parking_lot_id, spot_number, zone, spot_row, spot_col, status) VALUES ('00de4bef-e5e1-5e37-ad73-aeafa53bd3be', '6d139aed-f62a-5899-a42a-d3088fd3408b', 'f-o1-p-1:D3', 'STANDARD', 4, 3, 'free');
INSERT INTO parking_spots (id, parking_lot_id, spot_number, zone, spot_row, spot_col, status) VALUES ('8c2c33c7-946d-56a4-af26-15f8a3c59115', '6d139aed-f62a-5899-a42a-d3088fd3408b', 'f-o1-p-1:D4', 'STANDARD', 4, 4, 'free');
INSERT INTO parking_spots (id, parking_lot_id, spot_number, zone, spot_row, spot_col, status) VALUES ('e510e21b-d224-53ff-95fb-d088f7d5610d', '6d139aed-f62a-5899-a42a-d3088fd3408b', 'f-o1-p-1:D5', 'STANDARD', 4, 5, 'free');
INSERT INTO parking_spots (id, parking_lot_id, spot_number, zone, spot_row, spot_col, status) VALUES ('384bc63b-5caf-5c56-939b-c1f0dd50836b', '6d139aed-f62a-5899-a42a-d3088fd3408b', 'f-o1-p-1:D6', 'STANDARD', 4, 6, 'free');
INSERT INTO parking_spots (id, parking_lot_id, spot_number, zone, spot_row, spot_col, status) VALUES ('69efc896-7a19-5535-9030-4769d7fbb8a4', '6d139aed-f62a-5899-a42a-d3088fd3408b', 'f-o1-p-1:D7', 'STANDARD', 4, 7, 'free');
INSERT INTO parking_spots (id, parking_lot_id, spot_number, zone, spot_row, spot_col, status) VALUES ('6bcb83be-b98e-54c5-b3f7-5cbb0badd783', '6d139aed-f62a-5899-a42a-d3088fd3408b', 'f-o1-p-1:D8', 'STANDARD', 4, 8, 'free');
INSERT INTO parking_spots (id, parking_lot_id, spot_number, zone, spot_row, spot_col, status) VALUES ('4775ca01-fd1f-5cb1-97aa-8b56c7adb791', '6d139aed-f62a-5899-a42a-d3088fd3408b', 'f-o1-p-1:E1', 'STANDARD', 5, 1, 'free');
INSERT INTO parking_spots (id, parking_lot_id, spot_number, zone, spot_row, spot_col, status) VALUES ('2befce87-c2c4-543e-a5c3-ab37795b8c54', '6d139aed-f62a-5899-a42a-d3088fd3408b', 'f-o1-p-1:E2', 'STANDARD', 5, 2, 'free');
INSERT INTO parking_spots (id, parking_lot_id, spot_number, zone, spot_row, spot_col, status) VALUES ('c0170b02-9488-59c7-8cef-5dd0f1cd0897', '6d139aed-f62a-5899-a42a-d3088fd3408b', 'f-o1-p-1:E3', 'STANDARD', 5, 3, 'free');
INSERT INTO parking_spots (id, parking_lot_id, spot_number, zone, spot_row, spot_col, status) VALUES ('95daeed3-efb7-5121-bfb4-93216ea14c6b', '6d139aed-f62a-5899-a42a-d3088fd3408b', 'f-o1-p-1:E4', 'STANDARD', 5, 4, 'free');
INSERT INTO parking_spots (id, parking_lot_id, spot_number, zone, spot_row, spot_col, status) VALUES ('fdcaedb1-2562-5a63-b906-dab0ace2e7e8', '6d139aed-f62a-5899-a42a-d3088fd3408b', 'f-o1-p-1:E5', 'STANDARD', 5, 5, 'free');
INSERT INTO parking_spots (id, parking_lot_id, spot_number, zone, spot_row, spot_col, status) VALUES ('cbc61705-dd6b-5952-aad7-3b951aff1522', '6d139aed-f62a-5899-a42a-d3088fd3408b', 'f-o1-p-1:E6', 'STANDARD', 5, 6, 'free');
INSERT INTO parking_spots (id, parking_lot_id, spot_number, zone, spot_row, spot_col, status) VALUES ('60bae7fc-5ae0-5c86-a5ff-0e53d8f892b5', '6d139aed-f62a-5899-a42a-d3088fd3408b', 'f-o1-p-1:E7', 'STANDARD', 5, 7, 'free');
INSERT INTO parking_spots (id, parking_lot_id, spot_number, zone, spot_row, spot_col, status) VALUES ('fb7720e0-a620-58bb-b4ad-072477e8ec6a', '6d139aed-f62a-5899-a42a-d3088fd3408b', 'f-o1-p-1:E8', 'STANDARD', 5, 8, 'free');
INSERT INTO parking_spots (id, parking_lot_id, spot_number, zone, spot_row, spot_col, status) VALUES ('7be54473-3c48-53eb-9cea-e327133252b2', '6d139aed-f62a-5899-a42a-d3088fd3408b', 'f-o1-p-1:F1', 'STANDARD', 6, 1, 'free');
INSERT INTO parking_spots (id, parking_lot_id, spot_number, zone, spot_row, spot_col, status) VALUES ('fab18fa4-6479-58f1-bb4f-320868a4abf6', '6d139aed-f62a-5899-a42a-d3088fd3408b', 'f-o1-p-1:F2', 'STANDARD', 6, 2, 'free');
INSERT INTO parking_spots (id, parking_lot_id, spot_number, zone, spot_row, spot_col, status) VALUES ('8e9afb55-a7fe-5d68-bdf9-2c714f7934c6', '6d139aed-f62a-5899-a42a-d3088fd3408b', 'f-o1-p-1:F3', 'STANDARD', 6, 3, 'free');
INSERT INTO parking_spots (id, parking_lot_id, spot_number, zone, spot_row, spot_col, status) VALUES ('83d8d8a5-ed02-58eb-ba3e-0da4a6dc6112', '6d139aed-f62a-5899-a42a-d3088fd3408b', 'f-o1-p-1:F4', 'STANDARD', 6, 4, 'free');
INSERT INTO parking_spots (id, parking_lot_id, spot_number, zone, spot_row, spot_col, status) VALUES ('bb269aad-03b7-5c22-ae6c-f8d1aaf318d0', '6d139aed-f62a-5899-a42a-d3088fd3408b', 'f-o1-p-1:F5', 'STANDARD', 6, 5, 'free');
INSERT INTO parking_spots (id, parking_lot_id, spot_number, zone, spot_row, spot_col, status) VALUES ('838f2bcc-f56b-57a2-b89a-b7bca6f84359', '6d139aed-f62a-5899-a42a-d3088fd3408b', 'f-o1-p-1:F6', 'STANDARD', 6, 6, 'free');
INSERT INTO parking_spots (id, parking_lot_id, spot_number, zone, spot_row, spot_col, status) VALUES ('08a4a699-d3ab-5b60-83d5-ddca07a820ea', '6d139aed-f62a-5899-a42a-d3088fd3408b', 'f-o1-p-1:F7', 'STANDARD', 6, 7, 'free');
INSERT INTO parking_spots (id, parking_lot_id, spot_number, zone, spot_row, spot_col, status) VALUES ('e7b57633-865f-5e6f-9bbe-328b42650279', '6d139aed-f62a-5899-a42a-d3088fd3408b', 'f-o1-p-1:F8', 'STANDARD', 6, 8, 'free');

INSERT INTO parking_lots (id, name, city, address, latitude, longitude, opening_hours, total_spaces)
VALUES ('c7c34eb2-d620-5fd6-a565-f04d9ec8b52a', 'Praia do Furadouro', 'Ovar', 'Av. Central, Furadouro', 40.875153, -8.676797, 'Aberto 24h', 120)
ON CONFLICT (id) DO UPDATE SET
  name = EXCLUDED.name,
  city = EXCLUDED.city,
  address = EXCLUDED.address,
  latitude = EXCLUDED.latitude,
  longitude = EXCLUDED.longitude,
  opening_hours = EXCLUDED.opening_hours,
  total_spaces = EXCLUDED.total_spaces;
DELETE FROM parking_lot_amenities WHERE parking_lot_id = 'c7c34eb2-d620-5fd6-a565-f04d9ec8b52a';
INSERT INTO tariffs (id, parking_lot_id, name, description, price_per_hour, max_daily, monthly, price_per_kwh, status)
VALUES ('6925627d-bff3-525e-9291-a18e5770912a', 'c7c34eb2-d620-5fd6-a565-f04d9ec8b52a', 'Standard', 'Tarifa normal de estacionamento', 0.40, 3.00, 30.00, NULL, 'ACTIVE')
ON CONFLICT (id) DO UPDATE SET
  price_per_hour = EXCLUDED.price_per_hour,
  max_daily = EXCLUDED.max_daily,
  monthly = EXCLUDED.monthly,
  status = EXCLUDED.status;
DELETE FROM ev_chargers WHERE parking_lot_id = 'c7c34eb2-d620-5fd6-a565-f04d9ec8b52a';
DELETE FROM accessible_spots WHERE parking_lot_id = 'c7c34eb2-d620-5fd6-a565-f04d9ec8b52a';
DELETE FROM parking_spots WHERE parking_lot_id = 'c7c34eb2-d620-5fd6-a565-f04d9ec8b52a';
INSERT INTO parking_spots (id, parking_lot_id, spot_number, zone, spot_row, spot_col, status) VALUES ('7b0c2c29-b5ec-5671-89c7-40339682157e', 'c7c34eb2-d620-5fd6-a565-f04d9ec8b52a', 'f-o2-p0:A1', 'ACCESSIBLE', 1, 1, 'accessible');
INSERT INTO parking_spots (id, parking_lot_id, spot_number, zone, spot_row, spot_col, status) VALUES ('d31e1a2b-4990-56a9-a494-fd83f6b341bc', 'c7c34eb2-d620-5fd6-a565-f04d9ec8b52a', 'f-o2-p0:A2', 'STANDARD', 1, 2, 'occupied');
INSERT INTO parking_spots (id, parking_lot_id, spot_number, zone, spot_row, spot_col, status) VALUES ('9e7c2568-7f7f-5ebb-b55d-fcdf02b4e603', 'c7c34eb2-d620-5fd6-a565-f04d9ec8b52a', 'f-o2-p0:A3', 'STANDARD', 1, 3, 'free');
INSERT INTO parking_spots (id, parking_lot_id, spot_number, zone, spot_row, spot_col, status) VALUES ('a7aaf960-0d30-5229-bae3-ddb0300012d5', 'c7c34eb2-d620-5fd6-a565-f04d9ec8b52a', 'f-o2-p0:A4', 'STANDARD', 1, 4, 'free');
INSERT INTO parking_spots (id, parking_lot_id, spot_number, zone, spot_row, spot_col, status) VALUES ('a6bbd939-524d-5679-b53d-bb431d79a44c', 'c7c34eb2-d620-5fd6-a565-f04d9ec8b52a', 'f-o2-p0:A5', 'STANDARD', 1, 5, 'occupied');
INSERT INTO parking_spots (id, parking_lot_id, spot_number, zone, spot_row, spot_col, status) VALUES ('cb08c57c-0331-53cd-822d-8e670e413d73', 'c7c34eb2-d620-5fd6-a565-f04d9ec8b52a', 'f-o2-p0:A6', 'STANDARD', 1, 6, 'free');
INSERT INTO parking_spots (id, parking_lot_id, spot_number, zone, spot_row, spot_col, status) VALUES ('e3a734e8-dc8b-5e4c-8837-002d75d33935', 'c7c34eb2-d620-5fd6-a565-f04d9ec8b52a', 'f-o2-p0:A7', 'STANDARD', 1, 7, 'free');
INSERT INTO parking_spots (id, parking_lot_id, spot_number, zone, spot_row, spot_col, status) VALUES ('7110c901-1133-52d4-a0c1-d4d311f6517f', 'c7c34eb2-d620-5fd6-a565-f04d9ec8b52a', 'f-o2-p0:A8', 'STANDARD', 1, 8, 'occupied');
INSERT INTO parking_spots (id, parking_lot_id, spot_number, zone, spot_row, spot_col, status) VALUES ('4d13bd11-3a85-5304-817b-098145d1a194', 'c7c34eb2-d620-5fd6-a565-f04d9ec8b52a', 'f-o2-p0:A9', 'STANDARD', 1, 9, 'free');
INSERT INTO parking_spots (id, parking_lot_id, spot_number, zone, spot_row, spot_col, status) VALUES ('9a1e450d-93de-5d9f-b2a0-cf522e3202f6', 'c7c34eb2-d620-5fd6-a565-f04d9ec8b52a', 'f-o2-p0:A10', 'STANDARD', 1, 10, 'free');
INSERT INTO parking_spots (id, parking_lot_id, spot_number, zone, spot_row, spot_col, status) VALUES ('18e006cd-a11e-5435-84a1-560eb48c7252', 'c7c34eb2-d620-5fd6-a565-f04d9ec8b52a', 'f-o2-p0:A11', 'STANDARD', 1, 11, 'free');
INSERT INTO parking_spots (id, parking_lot_id, spot_number, zone, spot_row, spot_col, status) VALUES ('713c5617-ea32-5ac8-a85c-5cac21666540', 'c7c34eb2-d620-5fd6-a565-f04d9ec8b52a', 'f-o2-p0:A12', 'STANDARD', 1, 12, 'free');
INSERT INTO parking_spots (id, parking_lot_id, spot_number, zone, spot_row, spot_col, status) VALUES ('415f1722-879f-5fe0-8455-08faa98f9f4c', 'c7c34eb2-d620-5fd6-a565-f04d9ec8b52a', 'f-o2-p0:B1', 'STANDARD', 2, 1, 'free');
INSERT INTO parking_spots (id, parking_lot_id, spot_number, zone, spot_row, spot_col, status) VALUES ('b9a8d1ce-3005-5343-8877-9030b3c86f97', 'c7c34eb2-d620-5fd6-a565-f04d9ec8b52a', 'f-o2-p0:B2', 'STANDARD', 2, 2, 'free');
INSERT INTO parking_spots (id, parking_lot_id, spot_number, zone, spot_row, spot_col, status) VALUES ('8f0618d9-12b1-558e-b9c3-6dce7af56ce9', 'c7c34eb2-d620-5fd6-a565-f04d9ec8b52a', 'f-o2-p0:B3', 'STANDARD', 2, 3, 'free');
INSERT INTO parking_spots (id, parking_lot_id, spot_number, zone, spot_row, spot_col, status) VALUES ('a5c5deae-a8c7-54d6-b499-acd58b2dfb88', 'c7c34eb2-d620-5fd6-a565-f04d9ec8b52a', 'f-o2-p0:B4', 'STANDARD', 2, 4, 'free');
INSERT INTO parking_spots (id, parking_lot_id, spot_number, zone, spot_row, spot_col, status) VALUES ('ebbefd60-4992-5763-b825-1dec0a533c0e', 'c7c34eb2-d620-5fd6-a565-f04d9ec8b52a', 'f-o2-p0:B5', 'STANDARD', 2, 5, 'free');
INSERT INTO parking_spots (id, parking_lot_id, spot_number, zone, spot_row, spot_col, status) VALUES ('51cf2862-61b6-5e69-8fc6-16d113d73d26', 'c7c34eb2-d620-5fd6-a565-f04d9ec8b52a', 'f-o2-p0:B6', 'STANDARD', 2, 6, 'free');
INSERT INTO parking_spots (id, parking_lot_id, spot_number, zone, spot_row, spot_col, status) VALUES ('5e21b88c-c95f-5b98-877f-0b118a36fb1b', 'c7c34eb2-d620-5fd6-a565-f04d9ec8b52a', 'f-o2-p0:B7', 'STANDARD', 2, 7, 'free');
INSERT INTO parking_spots (id, parking_lot_id, spot_number, zone, spot_row, spot_col, status) VALUES ('5ef86dcc-4c90-5233-b950-1785f5b7ee20', 'c7c34eb2-d620-5fd6-a565-f04d9ec8b52a', 'f-o2-p0:B8', 'STANDARD', 2, 8, 'free');
INSERT INTO parking_spots (id, parking_lot_id, spot_number, zone, spot_row, spot_col, status) VALUES ('2e8c6ffa-58bc-514c-aa7e-3b9e11fd6a30', 'c7c34eb2-d620-5fd6-a565-f04d9ec8b52a', 'f-o2-p0:B9', 'STANDARD', 2, 9, 'free');
INSERT INTO parking_spots (id, parking_lot_id, spot_number, zone, spot_row, spot_col, status) VALUES ('cc747a26-d442-5a64-b6bb-e4c58b079fa2', 'c7c34eb2-d620-5fd6-a565-f04d9ec8b52a', 'f-o2-p0:B10', 'STANDARD', 2, 10, 'free');
INSERT INTO parking_spots (id, parking_lot_id, spot_number, zone, spot_row, spot_col, status) VALUES ('84885f6b-d524-52af-a98a-da8bb6b18f9e', 'c7c34eb2-d620-5fd6-a565-f04d9ec8b52a', 'f-o2-p0:B11', 'STANDARD', 2, 11, 'free');
INSERT INTO parking_spots (id, parking_lot_id, spot_number, zone, spot_row, spot_col, status) VALUES ('2eb24f9d-af62-5a63-a4d2-ffe155ce461a', 'c7c34eb2-d620-5fd6-a565-f04d9ec8b52a', 'f-o2-p0:B12', 'STANDARD', 2, 12, 'free');
INSERT INTO parking_spots (id, parking_lot_id, spot_number, zone, spot_row, spot_col, status) VALUES ('766a7a2a-9fd4-50c9-a7f0-2b7237642f16', 'c7c34eb2-d620-5fd6-a565-f04d9ec8b52a', 'f-o2-p0:C1', 'STANDARD', 3, 1, 'free');
INSERT INTO parking_spots (id, parking_lot_id, spot_number, zone, spot_row, spot_col, status) VALUES ('ab148df9-9ac1-51a3-8e73-e1a521f30ab3', 'c7c34eb2-d620-5fd6-a565-f04d9ec8b52a', 'f-o2-p0:C2', 'STANDARD', 3, 2, 'free');
INSERT INTO parking_spots (id, parking_lot_id, spot_number, zone, spot_row, spot_col, status) VALUES ('c3c73634-9df0-5f4c-a77e-a3361c768d62', 'c7c34eb2-d620-5fd6-a565-f04d9ec8b52a', 'f-o2-p0:C3', 'STANDARD', 3, 3, 'free');
INSERT INTO parking_spots (id, parking_lot_id, spot_number, zone, spot_row, spot_col, status) VALUES ('cf1955a5-f114-5d13-953c-dac94936fcd7', 'c7c34eb2-d620-5fd6-a565-f04d9ec8b52a', 'f-o2-p0:C4', 'STANDARD', 3, 4, 'free');
INSERT INTO parking_spots (id, parking_lot_id, spot_number, zone, spot_row, spot_col, status) VALUES ('0385859f-15d7-5982-841e-fe3f10f11d72', 'c7c34eb2-d620-5fd6-a565-f04d9ec8b52a', 'f-o2-p0:C5', 'STANDARD', 3, 5, 'free');
INSERT INTO parking_spots (id, parking_lot_id, spot_number, zone, spot_row, spot_col, status) VALUES ('35ef7bcd-8671-5538-ba31-c883e799f1f8', 'c7c34eb2-d620-5fd6-a565-f04d9ec8b52a', 'f-o2-p0:C6', 'STANDARD', 3, 6, 'free');
INSERT INTO parking_spots (id, parking_lot_id, spot_number, zone, spot_row, spot_col, status) VALUES ('ca1d4386-9c5a-53f9-955e-0ee61775691c', 'c7c34eb2-d620-5fd6-a565-f04d9ec8b52a', 'f-o2-p0:C7', 'STANDARD', 3, 7, 'free');
INSERT INTO parking_spots (id, parking_lot_id, spot_number, zone, spot_row, spot_col, status) VALUES ('4f978a76-5089-5ea2-a152-5c78e082c230', 'c7c34eb2-d620-5fd6-a565-f04d9ec8b52a', 'f-o2-p0:C8', 'STANDARD', 3, 8, 'free');
INSERT INTO parking_spots (id, parking_lot_id, spot_number, zone, spot_row, spot_col, status) VALUES ('175dbcf5-d56a-5499-9462-be47003da5e1', 'c7c34eb2-d620-5fd6-a565-f04d9ec8b52a', 'f-o2-p0:C9', 'STANDARD', 3, 9, 'free');
INSERT INTO parking_spots (id, parking_lot_id, spot_number, zone, spot_row, spot_col, status) VALUES ('2d9f6385-14b8-57bf-90c7-bfc12abc9c42', 'c7c34eb2-d620-5fd6-a565-f04d9ec8b52a', 'f-o2-p0:C10', 'STANDARD', 3, 10, 'free');
INSERT INTO parking_spots (id, parking_lot_id, spot_number, zone, spot_row, spot_col, status) VALUES ('149583a6-831e-5904-855a-948dbd273c86', 'c7c34eb2-d620-5fd6-a565-f04d9ec8b52a', 'f-o2-p0:C11', 'STANDARD', 3, 11, 'free');
INSERT INTO parking_spots (id, parking_lot_id, spot_number, zone, spot_row, spot_col, status) VALUES ('54219042-86e0-59df-ba3e-2feca299a14e', 'c7c34eb2-d620-5fd6-a565-f04d9ec8b52a', 'f-o2-p0:C12', 'STANDARD', 3, 12, 'free');
INSERT INTO parking_spots (id, parking_lot_id, spot_number, zone, spot_row, spot_col, status) VALUES ('49e16798-b2c2-5f9f-b8a4-6dd4e829351d', 'c7c34eb2-d620-5fd6-a565-f04d9ec8b52a', 'f-o2-p0:D1', 'STANDARD', 4, 1, 'free');
INSERT INTO parking_spots (id, parking_lot_id, spot_number, zone, spot_row, spot_col, status) VALUES ('42df4b2d-0ab0-519a-8662-41afa24780c3', 'c7c34eb2-d620-5fd6-a565-f04d9ec8b52a', 'f-o2-p0:D2', 'STANDARD', 4, 2, 'free');
INSERT INTO parking_spots (id, parking_lot_id, spot_number, zone, spot_row, spot_col, status) VALUES ('b32c15a3-2954-54bd-b274-5cdf52b19d1d', 'c7c34eb2-d620-5fd6-a565-f04d9ec8b52a', 'f-o2-p0:D3', 'STANDARD', 4, 3, 'free');
INSERT INTO parking_spots (id, parking_lot_id, spot_number, zone, spot_row, spot_col, status) VALUES ('c182f79d-8385-53ec-ad31-79218622a482', 'c7c34eb2-d620-5fd6-a565-f04d9ec8b52a', 'f-o2-p0:D4', 'STANDARD', 4, 4, 'free');
INSERT INTO parking_spots (id, parking_lot_id, spot_number, zone, spot_row, spot_col, status) VALUES ('a0d11d04-e635-5dac-8bfd-1a193f8d32f0', 'c7c34eb2-d620-5fd6-a565-f04d9ec8b52a', 'f-o2-p0:D5', 'STANDARD', 4, 5, 'free');
INSERT INTO parking_spots (id, parking_lot_id, spot_number, zone, spot_row, spot_col, status) VALUES ('d9e345d8-d050-5f94-ad1b-c42c859841a4', 'c7c34eb2-d620-5fd6-a565-f04d9ec8b52a', 'f-o2-p0:D6', 'STANDARD', 4, 6, 'free');
INSERT INTO parking_spots (id, parking_lot_id, spot_number, zone, spot_row, spot_col, status) VALUES ('d8dcd4f9-585f-5691-9892-cdd029a72ec9', 'c7c34eb2-d620-5fd6-a565-f04d9ec8b52a', 'f-o2-p0:D7', 'STANDARD', 4, 7, 'free');
INSERT INTO parking_spots (id, parking_lot_id, spot_number, zone, spot_row, spot_col, status) VALUES ('a373b64d-2929-5153-8d3f-c7714b05542e', 'c7c34eb2-d620-5fd6-a565-f04d9ec8b52a', 'f-o2-p0:D8', 'STANDARD', 4, 8, 'free');
INSERT INTO parking_spots (id, parking_lot_id, spot_number, zone, spot_row, spot_col, status) VALUES ('f6b4147c-342d-590c-9063-ea4f64cb53f3', 'c7c34eb2-d620-5fd6-a565-f04d9ec8b52a', 'f-o2-p0:D9', 'STANDARD', 4, 9, 'free');
INSERT INTO parking_spots (id, parking_lot_id, spot_number, zone, spot_row, spot_col, status) VALUES ('9e64644b-ffb5-537a-bb22-32d97178cc3c', 'c7c34eb2-d620-5fd6-a565-f04d9ec8b52a', 'f-o2-p0:D10', 'STANDARD', 4, 10, 'free');
INSERT INTO parking_spots (id, parking_lot_id, spot_number, zone, spot_row, spot_col, status) VALUES ('d95202fd-44f6-5338-a2ec-c3af5e50894c', 'c7c34eb2-d620-5fd6-a565-f04d9ec8b52a', 'f-o2-p0:D11', 'STANDARD', 4, 11, 'free');
INSERT INTO parking_spots (id, parking_lot_id, spot_number, zone, spot_row, spot_col, status) VALUES ('b214aa82-8d1e-56e8-9f15-f24e195b971c', 'c7c34eb2-d620-5fd6-a565-f04d9ec8b52a', 'f-o2-p0:D12', 'STANDARD', 4, 12, 'free');
INSERT INTO parking_spots (id, parking_lot_id, spot_number, zone, spot_row, spot_col, status) VALUES ('e8177741-5cf7-53f8-a575-030cb112234f', 'c7c34eb2-d620-5fd6-a565-f04d9ec8b52a', 'f-o2-p0:E1', 'STANDARD', 5, 1, 'free');
INSERT INTO parking_spots (id, parking_lot_id, spot_number, zone, spot_row, spot_col, status) VALUES ('5347c094-b69d-572b-a649-a1fd861087db', 'c7c34eb2-d620-5fd6-a565-f04d9ec8b52a', 'f-o2-p0:E2', 'STANDARD', 5, 2, 'free');
INSERT INTO parking_spots (id, parking_lot_id, spot_number, zone, spot_row, spot_col, status) VALUES ('53e962f8-0728-5cec-8da3-5dfc056284b4', 'c7c34eb2-d620-5fd6-a565-f04d9ec8b52a', 'f-o2-p0:E3', 'STANDARD', 5, 3, 'free');
INSERT INTO parking_spots (id, parking_lot_id, spot_number, zone, spot_row, spot_col, status) VALUES ('2b4fe8c9-de6f-59ce-adeb-044cacfc04db', 'c7c34eb2-d620-5fd6-a565-f04d9ec8b52a', 'f-o2-p0:E4', 'STANDARD', 5, 4, 'free');
INSERT INTO parking_spots (id, parking_lot_id, spot_number, zone, spot_row, spot_col, status) VALUES ('5b834833-11c6-5616-b82b-a550845d22a2', 'c7c34eb2-d620-5fd6-a565-f04d9ec8b52a', 'f-o2-p0:E5', 'STANDARD', 5, 5, 'free');
INSERT INTO parking_spots (id, parking_lot_id, spot_number, zone, spot_row, spot_col, status) VALUES ('e8ca7da5-d063-564b-a497-d5b572ff302a', 'c7c34eb2-d620-5fd6-a565-f04d9ec8b52a', 'f-o2-p0:E6', 'STANDARD', 5, 6, 'free');
INSERT INTO parking_spots (id, parking_lot_id, spot_number, zone, spot_row, spot_col, status) VALUES ('9f0ee7cf-5e19-58a3-b83c-a1157af73c17', 'c7c34eb2-d620-5fd6-a565-f04d9ec8b52a', 'f-o2-p0:E7', 'STANDARD', 5, 7, 'free');
INSERT INTO parking_spots (id, parking_lot_id, spot_number, zone, spot_row, spot_col, status) VALUES ('9e2140c1-4435-57dc-a975-e9b9b3404bbb', 'c7c34eb2-d620-5fd6-a565-f04d9ec8b52a', 'f-o2-p0:E8', 'STANDARD', 5, 8, 'free');
INSERT INTO parking_spots (id, parking_lot_id, spot_number, zone, spot_row, spot_col, status) VALUES ('6ec822fb-b948-56c2-b5f6-854250e50ba7', 'c7c34eb2-d620-5fd6-a565-f04d9ec8b52a', 'f-o2-p0:E9', 'STANDARD', 5, 9, 'free');
INSERT INTO parking_spots (id, parking_lot_id, spot_number, zone, spot_row, spot_col, status) VALUES ('3fb74014-022a-5aa4-a5f7-09a1513da783', 'c7c34eb2-d620-5fd6-a565-f04d9ec8b52a', 'f-o2-p0:E10', 'STANDARD', 5, 10, 'free');
INSERT INTO parking_spots (id, parking_lot_id, spot_number, zone, spot_row, spot_col, status) VALUES ('b5d1f326-f1f4-5632-b263-c28c93d9c370', 'c7c34eb2-d620-5fd6-a565-f04d9ec8b52a', 'f-o2-p0:E11', 'STANDARD', 5, 11, 'free');
INSERT INTO parking_spots (id, parking_lot_id, spot_number, zone, spot_row, spot_col, status) VALUES ('0541991b-f1c4-5dee-a118-ab3d442e5500', 'c7c34eb2-d620-5fd6-a565-f04d9ec8b52a', 'f-o2-p0:E12', 'STANDARD', 5, 12, 'free');
INSERT INTO parking_spots (id, parking_lot_id, spot_number, zone, spot_row, spot_col, status) VALUES ('703c53e9-4a16-5588-926f-24d76752144f', 'c7c34eb2-d620-5fd6-a565-f04d9ec8b52a', 'f-o2-p0:F1', 'STANDARD', 6, 1, 'free');
INSERT INTO parking_spots (id, parking_lot_id, spot_number, zone, spot_row, spot_col, status) VALUES ('94d3d423-e4d6-5d84-a3d1-f38006f5e473', 'c7c34eb2-d620-5fd6-a565-f04d9ec8b52a', 'f-o2-p0:F2', 'STANDARD', 6, 2, 'free');
INSERT INTO parking_spots (id, parking_lot_id, spot_number, zone, spot_row, spot_col, status) VALUES ('0576f369-3355-50c8-a17b-5f07a60c47ca', 'c7c34eb2-d620-5fd6-a565-f04d9ec8b52a', 'f-o2-p0:F3', 'STANDARD', 6, 3, 'free');
INSERT INTO parking_spots (id, parking_lot_id, spot_number, zone, spot_row, spot_col, status) VALUES ('86259f0a-f51a-5cc7-858b-4c532302c045', 'c7c34eb2-d620-5fd6-a565-f04d9ec8b52a', 'f-o2-p0:F4', 'STANDARD', 6, 4, 'free');
INSERT INTO parking_spots (id, parking_lot_id, spot_number, zone, spot_row, spot_col, status) VALUES ('4f2199c3-00d7-5e38-b8bb-d4b40ced84fe', 'c7c34eb2-d620-5fd6-a565-f04d9ec8b52a', 'f-o2-p0:F5', 'STANDARD', 6, 5, 'free');
INSERT INTO parking_spots (id, parking_lot_id, spot_number, zone, spot_row, spot_col, status) VALUES ('52ed6381-8fc9-534a-98ec-05ec150a6f95', 'c7c34eb2-d620-5fd6-a565-f04d9ec8b52a', 'f-o2-p0:F6', 'STANDARD', 6, 6, 'free');
INSERT INTO parking_spots (id, parking_lot_id, spot_number, zone, spot_row, spot_col, status) VALUES ('641b722b-84e8-562d-99f2-0de3b94e2183', 'c7c34eb2-d620-5fd6-a565-f04d9ec8b52a', 'f-o2-p0:F7', 'STANDARD', 6, 7, 'free');
INSERT INTO parking_spots (id, parking_lot_id, spot_number, zone, spot_row, spot_col, status) VALUES ('a573f786-b40c-5f77-ae5e-fa0a1d1e2c0d', 'c7c34eb2-d620-5fd6-a565-f04d9ec8b52a', 'f-o2-p0:F8', 'STANDARD', 6, 8, 'free');
INSERT INTO parking_spots (id, parking_lot_id, spot_number, zone, spot_row, spot_col, status) VALUES ('e20dacc5-a902-5360-b53f-4ee27979d243', 'c7c34eb2-d620-5fd6-a565-f04d9ec8b52a', 'f-o2-p0:F9', 'STANDARD', 6, 9, 'free');
INSERT INTO parking_spots (id, parking_lot_id, spot_number, zone, spot_row, spot_col, status) VALUES ('98550711-85de-587d-84d6-a1eee4245491', 'c7c34eb2-d620-5fd6-a565-f04d9ec8b52a', 'f-o2-p0:F10', 'STANDARD', 6, 10, 'free');
INSERT INTO parking_spots (id, parking_lot_id, spot_number, zone, spot_row, spot_col, status) VALUES ('f2f549b5-fe0a-59c6-8aca-dc21ff27768d', 'c7c34eb2-d620-5fd6-a565-f04d9ec8b52a', 'f-o2-p0:F11', 'STANDARD', 6, 11, 'free');
INSERT INTO parking_spots (id, parking_lot_id, spot_number, zone, spot_row, spot_col, status) VALUES ('a0245ca6-0b70-58dd-bfbd-4426dae64903', 'c7c34eb2-d620-5fd6-a565-f04d9ec8b52a', 'f-o2-p0:F12', 'STANDARD', 6, 12, 'free');
INSERT INTO parking_spots (id, parking_lot_id, spot_number, zone, spot_row, spot_col, status) VALUES ('40c6d406-b5fc-586a-8ba4-4623cb10439e', 'c7c34eb2-d620-5fd6-a565-f04d9ec8b52a', 'f-o2-p0:G1', 'STANDARD', 7, 1, 'free');
INSERT INTO parking_spots (id, parking_lot_id, spot_number, zone, spot_row, spot_col, status) VALUES ('0908d208-906c-5c3f-971a-aa40c43d1fcc', 'c7c34eb2-d620-5fd6-a565-f04d9ec8b52a', 'f-o2-p0:G2', 'STANDARD', 7, 2, 'free');
INSERT INTO parking_spots (id, parking_lot_id, spot_number, zone, spot_row, spot_col, status) VALUES ('45ff7c2b-dc6f-556a-8cd1-d2d69a086c14', 'c7c34eb2-d620-5fd6-a565-f04d9ec8b52a', 'f-o2-p0:G3', 'STANDARD', 7, 3, 'free');
INSERT INTO parking_spots (id, parking_lot_id, spot_number, zone, spot_row, spot_col, status) VALUES ('2035f9d1-4ecd-5581-a090-91db3321770a', 'c7c34eb2-d620-5fd6-a565-f04d9ec8b52a', 'f-o2-p0:G4', 'STANDARD', 7, 4, 'free');
INSERT INTO parking_spots (id, parking_lot_id, spot_number, zone, spot_row, spot_col, status) VALUES ('b7285df8-f1d4-5171-8ebf-4287b59ed53b', 'c7c34eb2-d620-5fd6-a565-f04d9ec8b52a', 'f-o2-p0:G5', 'STANDARD', 7, 5, 'free');
INSERT INTO parking_spots (id, parking_lot_id, spot_number, zone, spot_row, spot_col, status) VALUES ('51394790-f74e-5e8f-adbd-6c3fb57b16e9', 'c7c34eb2-d620-5fd6-a565-f04d9ec8b52a', 'f-o2-p0:G6', 'STANDARD', 7, 6, 'free');
INSERT INTO parking_spots (id, parking_lot_id, spot_number, zone, spot_row, spot_col, status) VALUES ('bbede366-5b14-56be-84b1-9152ebd1522d', 'c7c34eb2-d620-5fd6-a565-f04d9ec8b52a', 'f-o2-p0:G7', 'STANDARD', 7, 7, 'free');
INSERT INTO parking_spots (id, parking_lot_id, spot_number, zone, spot_row, spot_col, status) VALUES ('d7c09bfc-cbe2-56c4-9612-a0e4529a3f29', 'c7c34eb2-d620-5fd6-a565-f04d9ec8b52a', 'f-o2-p0:G8', 'STANDARD', 7, 8, 'free');
INSERT INTO parking_spots (id, parking_lot_id, spot_number, zone, spot_row, spot_col, status) VALUES ('1a520348-f918-5275-858b-d69c4a063eec', 'c7c34eb2-d620-5fd6-a565-f04d9ec8b52a', 'f-o2-p0:G9', 'STANDARD', 7, 9, 'free');
INSERT INTO parking_spots (id, parking_lot_id, spot_number, zone, spot_row, spot_col, status) VALUES ('f95dd0c8-9ba8-5caf-9119-696be805d207', 'c7c34eb2-d620-5fd6-a565-f04d9ec8b52a', 'f-o2-p0:G10', 'STANDARD', 7, 10, 'free');
INSERT INTO parking_spots (id, parking_lot_id, spot_number, zone, spot_row, spot_col, status) VALUES ('041223a0-9d67-5d7c-bdd5-673dfeb8ff60', 'c7c34eb2-d620-5fd6-a565-f04d9ec8b52a', 'f-o2-p0:G11', 'STANDARD', 7, 11, 'free');
INSERT INTO parking_spots (id, parking_lot_id, spot_number, zone, spot_row, spot_col, status) VALUES ('57eec4f1-cd51-5632-97f6-a6cb02dff836', 'c7c34eb2-d620-5fd6-a565-f04d9ec8b52a', 'f-o2-p0:G12', 'STANDARD', 7, 12, 'free');
INSERT INTO parking_spots (id, parking_lot_id, spot_number, zone, spot_row, spot_col, status) VALUES ('806d93c7-2bb8-5e11-9e3b-637e6c15cdd6', 'c7c34eb2-d620-5fd6-a565-f04d9ec8b52a', 'f-o2-p0:H1', 'STANDARD', 8, 1, 'free');
INSERT INTO parking_spots (id, parking_lot_id, spot_number, zone, spot_row, spot_col, status) VALUES ('d35e1d2f-41b2-54ce-aa16-cabb7d29c37a', 'c7c34eb2-d620-5fd6-a565-f04d9ec8b52a', 'f-o2-p0:H2', 'STANDARD', 8, 2, 'free');
INSERT INTO parking_spots (id, parking_lot_id, spot_number, zone, spot_row, spot_col, status) VALUES ('c64f3bf7-6825-5be2-a91d-9edaaebe3714', 'c7c34eb2-d620-5fd6-a565-f04d9ec8b52a', 'f-o2-p0:H3', 'STANDARD', 8, 3, 'free');
INSERT INTO parking_spots (id, parking_lot_id, spot_number, zone, spot_row, spot_col, status) VALUES ('76371f51-cac1-5983-8d7c-93d98714d6b0', 'c7c34eb2-d620-5fd6-a565-f04d9ec8b52a', 'f-o2-p0:H4', 'STANDARD', 8, 4, 'free');
INSERT INTO parking_spots (id, parking_lot_id, spot_number, zone, spot_row, spot_col, status) VALUES ('eafeaf34-3bb6-5ff7-a0f6-43fa2ea0cd8e', 'c7c34eb2-d620-5fd6-a565-f04d9ec8b52a', 'f-o2-p0:H5', 'STANDARD', 8, 5, 'free');
INSERT INTO parking_spots (id, parking_lot_id, spot_number, zone, spot_row, spot_col, status) VALUES ('8530ab10-dd87-536a-827c-cf9dada6ae4c', 'c7c34eb2-d620-5fd6-a565-f04d9ec8b52a', 'f-o2-p0:H6', 'STANDARD', 8, 6, 'free');
INSERT INTO parking_spots (id, parking_lot_id, spot_number, zone, spot_row, spot_col, status) VALUES ('613aa4fd-e66b-5409-b747-f13884e556ad', 'c7c34eb2-d620-5fd6-a565-f04d9ec8b52a', 'f-o2-p0:H7', 'STANDARD', 8, 7, 'free');
INSERT INTO parking_spots (id, parking_lot_id, spot_number, zone, spot_row, spot_col, status) VALUES ('2673751c-dba9-5dc8-a537-e56e263b7a0a', 'c7c34eb2-d620-5fd6-a565-f04d9ec8b52a', 'f-o2-p0:H8', 'STANDARD', 8, 8, 'free');
INSERT INTO parking_spots (id, parking_lot_id, spot_number, zone, spot_row, spot_col, status) VALUES ('bd627b16-0974-5921-9de6-71f0a2b680f4', 'c7c34eb2-d620-5fd6-a565-f04d9ec8b52a', 'f-o2-p0:H9', 'STANDARD', 8, 9, 'free');
INSERT INTO parking_spots (id, parking_lot_id, spot_number, zone, spot_row, spot_col, status) VALUES ('b0052c78-475d-5e26-af04-3c90dad34bed', 'c7c34eb2-d620-5fd6-a565-f04d9ec8b52a', 'f-o2-p0:H10', 'STANDARD', 8, 10, 'free');
INSERT INTO parking_spots (id, parking_lot_id, spot_number, zone, spot_row, spot_col, status) VALUES ('006b42ff-e6e4-5881-a32c-acabd8747e89', 'c7c34eb2-d620-5fd6-a565-f04d9ec8b52a', 'f-o2-p0:H11', 'STANDARD', 8, 11, 'free');
INSERT INTO parking_spots (id, parking_lot_id, spot_number, zone, spot_row, spot_col, status) VALUES ('8da0840d-5bdd-5b85-8390-114f671c53c4', 'c7c34eb2-d620-5fd6-a565-f04d9ec8b52a', 'f-o2-p0:H12', 'STANDARD', 8, 12, 'free');
INSERT INTO parking_spots (id, parking_lot_id, spot_number, zone, spot_row, spot_col, status) VALUES ('df7d22fe-aab4-5733-8138-5eebb3c7699a', 'c7c34eb2-d620-5fd6-a565-f04d9ec8b52a', 'f-o2-p0:I1', 'STANDARD', 9, 1, 'free');
INSERT INTO parking_spots (id, parking_lot_id, spot_number, zone, spot_row, spot_col, status) VALUES ('fd9f0f51-9293-5e45-9dda-e67852539eed', 'c7c34eb2-d620-5fd6-a565-f04d9ec8b52a', 'f-o2-p0:I2', 'STANDARD', 9, 2, 'free');
INSERT INTO parking_spots (id, parking_lot_id, spot_number, zone, spot_row, spot_col, status) VALUES ('0537612f-fcc5-5886-a73d-be83a0882016', 'c7c34eb2-d620-5fd6-a565-f04d9ec8b52a', 'f-o2-p0:I3', 'STANDARD', 9, 3, 'free');
INSERT INTO parking_spots (id, parking_lot_id, spot_number, zone, spot_row, spot_col, status) VALUES ('60f18f29-6b2f-5aab-b95d-279e1042c115', 'c7c34eb2-d620-5fd6-a565-f04d9ec8b52a', 'f-o2-p0:I4', 'STANDARD', 9, 4, 'free');
INSERT INTO parking_spots (id, parking_lot_id, spot_number, zone, spot_row, spot_col, status) VALUES ('9ef8cc61-722d-5d0f-b9e8-05d8352c350e', 'c7c34eb2-d620-5fd6-a565-f04d9ec8b52a', 'f-o2-p0:I5', 'STANDARD', 9, 5, 'free');
INSERT INTO parking_spots (id, parking_lot_id, spot_number, zone, spot_row, spot_col, status) VALUES ('937b5f40-9954-5ab7-9ca7-d5b1c9e082fa', 'c7c34eb2-d620-5fd6-a565-f04d9ec8b52a', 'f-o2-p0:I6', 'STANDARD', 9, 6, 'free');
INSERT INTO parking_spots (id, parking_lot_id, spot_number, zone, spot_row, spot_col, status) VALUES ('8ef9a63a-9ec7-5957-8d81-d7cb04838911', 'c7c34eb2-d620-5fd6-a565-f04d9ec8b52a', 'f-o2-p0:I7', 'STANDARD', 9, 7, 'free');
INSERT INTO parking_spots (id, parking_lot_id, spot_number, zone, spot_row, spot_col, status) VALUES ('f695d1d3-c648-5974-97da-40180e6f7b8a', 'c7c34eb2-d620-5fd6-a565-f04d9ec8b52a', 'f-o2-p0:I8', 'STANDARD', 9, 8, 'free');
INSERT INTO parking_spots (id, parking_lot_id, spot_number, zone, spot_row, spot_col, status) VALUES ('5b3a6712-e61f-5345-b630-6702208f7224', 'c7c34eb2-d620-5fd6-a565-f04d9ec8b52a', 'f-o2-p0:I9', 'STANDARD', 9, 9, 'free');
INSERT INTO parking_spots (id, parking_lot_id, spot_number, zone, spot_row, spot_col, status) VALUES ('41de0b0b-823a-51c3-b6a8-3d21a75f8d2b', 'c7c34eb2-d620-5fd6-a565-f04d9ec8b52a', 'f-o2-p0:I10', 'STANDARD', 9, 10, 'free');
INSERT INTO parking_spots (id, parking_lot_id, spot_number, zone, spot_row, spot_col, status) VALUES ('a8cc2a19-8f64-5ece-80dd-8661dec53078', 'c7c34eb2-d620-5fd6-a565-f04d9ec8b52a', 'f-o2-p0:I11', 'STANDARD', 9, 11, 'free');
INSERT INTO parking_spots (id, parking_lot_id, spot_number, zone, spot_row, spot_col, status) VALUES ('e2f30f51-7494-5935-9ccb-0fafe070480f', 'c7c34eb2-d620-5fd6-a565-f04d9ec8b52a', 'f-o2-p0:I12', 'STANDARD', 9, 12, 'free');
INSERT INTO parking_spots (id, parking_lot_id, spot_number, zone, spot_row, spot_col, status) VALUES ('4173a439-e353-5512-bfd0-16697e00db63', 'c7c34eb2-d620-5fd6-a565-f04d9ec8b52a', 'f-o2-p0:J1', 'STANDARD', 10, 1, 'free');
INSERT INTO parking_spots (id, parking_lot_id, spot_number, zone, spot_row, spot_col, status) VALUES ('357d5791-0b51-5bbc-9885-3d767eb9e62b', 'c7c34eb2-d620-5fd6-a565-f04d9ec8b52a', 'f-o2-p0:J2', 'STANDARD', 10, 2, 'free');
INSERT INTO parking_spots (id, parking_lot_id, spot_number, zone, spot_row, spot_col, status) VALUES ('e3294117-1899-59f0-ad56-4a9c28395881', 'c7c34eb2-d620-5fd6-a565-f04d9ec8b52a', 'f-o2-p0:J3', 'STANDARD', 10, 3, 'free');
INSERT INTO parking_spots (id, parking_lot_id, spot_number, zone, spot_row, spot_col, status) VALUES ('cd75b730-08cf-5c39-9f0d-50d27f7f8c64', 'c7c34eb2-d620-5fd6-a565-f04d9ec8b52a', 'f-o2-p0:J4', 'STANDARD', 10, 4, 'free');
INSERT INTO parking_spots (id, parking_lot_id, spot_number, zone, spot_row, spot_col, status) VALUES ('2a6dbdd0-7962-570c-9d8f-7ec5993caada', 'c7c34eb2-d620-5fd6-a565-f04d9ec8b52a', 'f-o2-p0:J5', 'STANDARD', 10, 5, 'free');
INSERT INTO parking_spots (id, parking_lot_id, spot_number, zone, spot_row, spot_col, status) VALUES ('349dc5cc-04ef-57a0-b281-e7a386fa87e0', 'c7c34eb2-d620-5fd6-a565-f04d9ec8b52a', 'f-o2-p0:J6', 'STANDARD', 10, 6, 'free');
INSERT INTO parking_spots (id, parking_lot_id, spot_number, zone, spot_row, spot_col, status) VALUES ('29b892ca-c23b-5986-8e88-6a1e606be342', 'c7c34eb2-d620-5fd6-a565-f04d9ec8b52a', 'f-o2-p0:J7', 'STANDARD', 10, 7, 'free');
INSERT INTO parking_spots (id, parking_lot_id, spot_number, zone, spot_row, spot_col, status) VALUES ('2e91351c-aff5-5d6b-83eb-ea36daef812f', 'c7c34eb2-d620-5fd6-a565-f04d9ec8b52a', 'f-o2-p0:J8', 'EV', 10, 8, 'ev');
INSERT INTO parking_spots (id, parking_lot_id, spot_number, zone, spot_row, spot_col, status) VALUES ('00387319-4c11-5c3e-afc5-9b0c7eb8b4f3', 'c7c34eb2-d620-5fd6-a565-f04d9ec8b52a', 'f-o2-p0:J9', 'STANDARD', 10, 9, 'free');
INSERT INTO parking_spots (id, parking_lot_id, spot_number, zone, spot_row, spot_col, status) VALUES ('806a835f-662b-545f-b533-72548ddfe44a', 'c7c34eb2-d620-5fd6-a565-f04d9ec8b52a', 'f-o2-p0:J10', 'STANDARD', 10, 10, 'free');
INSERT INTO parking_spots (id, parking_lot_id, spot_number, zone, spot_row, spot_col, status) VALUES ('205e166c-a145-59f8-8c7d-61174b0cb35d', 'c7c34eb2-d620-5fd6-a565-f04d9ec8b52a', 'f-o2-p0:J11', 'STANDARD', 10, 11, 'free');
INSERT INTO parking_spots (id, parking_lot_id, spot_number, zone, spot_row, spot_col, status) VALUES ('4e25398a-d000-5029-bcd3-2b6f30567a9f', 'c7c34eb2-d620-5fd6-a565-f04d9ec8b52a', 'f-o2-p0:J12', 'STANDARD', 10, 12, 'free');
INSERT INTO parking_spots (id, parking_lot_id, spot_number, zone, spot_row, spot_col, status) VALUES ('eabff018-3267-59a0-8546-648ff42fed96', 'c7c34eb2-d620-5fd6-a565-f04d9ec8b52a', 'f-o2-p1:A1', 'STANDARD', 1, 1, 'free');
INSERT INTO parking_spots (id, parking_lot_id, spot_number, zone, spot_row, spot_col, status) VALUES ('82bb5050-584b-5d82-b346-442af87cb149', 'c7c34eb2-d620-5fd6-a565-f04d9ec8b52a', 'f-o2-p1:A2', 'STANDARD', 1, 2, 'free');
INSERT INTO parking_spots (id, parking_lot_id, spot_number, zone, spot_row, spot_col, status) VALUES ('211f67e2-6f6c-5beb-99d3-8adcc57937ba', 'c7c34eb2-d620-5fd6-a565-f04d9ec8b52a', 'f-o2-p1:A3', 'STANDARD', 1, 3, 'occupied');
INSERT INTO parking_spots (id, parking_lot_id, spot_number, zone, spot_row, spot_col, status) VALUES ('2ca86c8a-8f04-5c5c-a39e-c069913b1d26', 'c7c34eb2-d620-5fd6-a565-f04d9ec8b52a', 'f-o2-p1:A4', 'STANDARD', 1, 4, 'free');
INSERT INTO parking_spots (id, parking_lot_id, spot_number, zone, spot_row, spot_col, status) VALUES ('44e95418-8815-579f-9dc0-0617bfc77db9', 'c7c34eb2-d620-5fd6-a565-f04d9ec8b52a', 'f-o2-p1:A5', 'STANDARD', 1, 5, 'free');
INSERT INTO parking_spots (id, parking_lot_id, spot_number, zone, spot_row, spot_col, status) VALUES ('b3603589-50fd-5fd2-a6dd-4821874e9863', 'c7c34eb2-d620-5fd6-a565-f04d9ec8b52a', 'f-o2-p1:A6', 'STANDARD', 1, 6, 'occupied');
INSERT INTO parking_spots (id, parking_lot_id, spot_number, zone, spot_row, spot_col, status) VALUES ('0d78e7b7-b1b2-5ae4-ab94-6e0ab9c5bf09', 'c7c34eb2-d620-5fd6-a565-f04d9ec8b52a', 'f-o2-p1:A7', 'STANDARD', 1, 7, 'free');
INSERT INTO parking_spots (id, parking_lot_id, spot_number, zone, spot_row, spot_col, status) VALUES ('40afe9bb-397b-5a0d-a46c-b499654fa804', 'c7c34eb2-d620-5fd6-a565-f04d9ec8b52a', 'f-o2-p1:A8', 'STANDARD', 1, 8, 'free');
INSERT INTO parking_spots (id, parking_lot_id, spot_number, zone, spot_row, spot_col, status) VALUES ('7b2e5092-c6d1-57a0-a631-9e48f5cc7dd3', 'c7c34eb2-d620-5fd6-a565-f04d9ec8b52a', 'f-o2-p1:A9', 'STANDARD', 1, 9, 'free');
INSERT INTO parking_spots (id, parking_lot_id, spot_number, zone, spot_row, spot_col, status) VALUES ('3a01719a-e3af-5fdf-90d1-e4a51d3ad3ef', 'c7c34eb2-d620-5fd6-a565-f04d9ec8b52a', 'f-o2-p1:A10', 'STANDARD', 1, 10, 'free');
INSERT INTO parking_spots (id, parking_lot_id, spot_number, zone, spot_row, spot_col, status) VALUES ('c3acec4a-a408-5d64-948a-6b7a9a181fce', 'c7c34eb2-d620-5fd6-a565-f04d9ec8b52a', 'f-o2-p1:A11', 'STANDARD', 1, 11, 'free');
INSERT INTO parking_spots (id, parking_lot_id, spot_number, zone, spot_row, spot_col, status) VALUES ('1a9ecd34-8ded-59b3-910a-f2e72c22569f', 'c7c34eb2-d620-5fd6-a565-f04d9ec8b52a', 'f-o2-p1:A12', 'STANDARD', 1, 12, 'free');
INSERT INTO parking_spots (id, parking_lot_id, spot_number, zone, spot_row, spot_col, status) VALUES ('69f99c71-1c10-59b7-a1d7-8eddbaa0fb73', 'c7c34eb2-d620-5fd6-a565-f04d9ec8b52a', 'f-o2-p1:B1', 'STANDARD', 2, 1, 'free');
INSERT INTO parking_spots (id, parking_lot_id, spot_number, zone, spot_row, spot_col, status) VALUES ('ab85e3bd-7ea3-5c38-9219-031e7c792ff6', 'c7c34eb2-d620-5fd6-a565-f04d9ec8b52a', 'f-o2-p1:B2', 'STANDARD', 2, 2, 'free');
INSERT INTO parking_spots (id, parking_lot_id, spot_number, zone, spot_row, spot_col, status) VALUES ('5f4bff7d-7713-5502-a987-958aaa8ad956', 'c7c34eb2-d620-5fd6-a565-f04d9ec8b52a', 'f-o2-p1:B3', 'STANDARD', 2, 3, 'free');
INSERT INTO parking_spots (id, parking_lot_id, spot_number, zone, spot_row, spot_col, status) VALUES ('9cfac7d6-44a1-5fc0-9fef-3be0cd571199', 'c7c34eb2-d620-5fd6-a565-f04d9ec8b52a', 'f-o2-p1:B4', 'STANDARD', 2, 4, 'free');
INSERT INTO parking_spots (id, parking_lot_id, spot_number, zone, spot_row, spot_col, status) VALUES ('3bfa906c-6702-5f68-8687-a4ddba26176a', 'c7c34eb2-d620-5fd6-a565-f04d9ec8b52a', 'f-o2-p1:B5', 'STANDARD', 2, 5, 'free');
INSERT INTO parking_spots (id, parking_lot_id, spot_number, zone, spot_row, spot_col, status) VALUES ('2dcfc5de-6852-5e29-957c-aed62c8e9cbf', 'c7c34eb2-d620-5fd6-a565-f04d9ec8b52a', 'f-o2-p1:B6', 'STANDARD', 2, 6, 'free');
INSERT INTO parking_spots (id, parking_lot_id, spot_number, zone, spot_row, spot_col, status) VALUES ('1635e27f-85c6-581b-94a8-770bd69b6f60', 'c7c34eb2-d620-5fd6-a565-f04d9ec8b52a', 'f-o2-p1:B7', 'STANDARD', 2, 7, 'free');
INSERT INTO parking_spots (id, parking_lot_id, spot_number, zone, spot_row, spot_col, status) VALUES ('848514fd-41dc-5e62-9411-fdf49f6576e4', 'c7c34eb2-d620-5fd6-a565-f04d9ec8b52a', 'f-o2-p1:B8', 'STANDARD', 2, 8, 'free');
INSERT INTO parking_spots (id, parking_lot_id, spot_number, zone, spot_row, spot_col, status) VALUES ('c28fc9f5-cab4-5f88-8628-ded2256ed573', 'c7c34eb2-d620-5fd6-a565-f04d9ec8b52a', 'f-o2-p1:B9', 'RESERVED', 2, 9, 'reserved');
INSERT INTO parking_spots (id, parking_lot_id, spot_number, zone, spot_row, spot_col, status) VALUES ('2e6162bf-ca90-5ea7-8ad8-cb841516315e', 'c7c34eb2-d620-5fd6-a565-f04d9ec8b52a', 'f-o2-p1:B10', 'RESERVED', 2, 10, 'reserved');
INSERT INTO parking_spots (id, parking_lot_id, spot_number, zone, spot_row, spot_col, status) VALUES ('58cdb50a-4225-5319-ad13-db7a685ee5fd', 'c7c34eb2-d620-5fd6-a565-f04d9ec8b52a', 'f-o2-p1:B11', 'STANDARD', 2, 11, 'free');
INSERT INTO parking_spots (id, parking_lot_id, spot_number, zone, spot_row, spot_col, status) VALUES ('5ece6b2e-b46d-58cf-91e3-ea9536382115', 'c7c34eb2-d620-5fd6-a565-f04d9ec8b52a', 'f-o2-p1:B12', 'STANDARD', 2, 12, 'free');
INSERT INTO parking_spots (id, parking_lot_id, spot_number, zone, spot_row, spot_col, status) VALUES ('a5beb92c-bb9b-5060-b3c1-8975d1a8528c', 'c7c34eb2-d620-5fd6-a565-f04d9ec8b52a', 'f-o2-p1:C1', 'STANDARD', 3, 1, 'free');
INSERT INTO parking_spots (id, parking_lot_id, spot_number, zone, spot_row, spot_col, status) VALUES ('aa00e6b5-303f-53fd-b23e-0a5bb32cb5bd', 'c7c34eb2-d620-5fd6-a565-f04d9ec8b52a', 'f-o2-p1:C2', 'STANDARD', 3, 2, 'free');
INSERT INTO parking_spots (id, parking_lot_id, spot_number, zone, spot_row, spot_col, status) VALUES ('385c5213-b72d-5971-bf53-008ffd6c1afe', 'c7c34eb2-d620-5fd6-a565-f04d9ec8b52a', 'f-o2-p1:C3', 'STANDARD', 3, 3, 'free');
INSERT INTO parking_spots (id, parking_lot_id, spot_number, zone, spot_row, spot_col, status) VALUES ('30baf516-10d8-5d84-a143-30fafa31bca0', 'c7c34eb2-d620-5fd6-a565-f04d9ec8b52a', 'f-o2-p1:C4', 'STANDARD', 3, 4, 'free');
INSERT INTO parking_spots (id, parking_lot_id, spot_number, zone, spot_row, spot_col, status) VALUES ('c21adac8-e8a8-57aa-9059-607463ef0a2d', 'c7c34eb2-d620-5fd6-a565-f04d9ec8b52a', 'f-o2-p1:C5', 'STANDARD', 3, 5, 'free');
INSERT INTO parking_spots (id, parking_lot_id, spot_number, zone, spot_row, spot_col, status) VALUES ('4b6d08a8-fe34-5885-87e5-fccdeec7c2c9', 'c7c34eb2-d620-5fd6-a565-f04d9ec8b52a', 'f-o2-p1:C6', 'STANDARD', 3, 6, 'free');
INSERT INTO parking_spots (id, parking_lot_id, spot_number, zone, spot_row, spot_col, status) VALUES ('231f8350-37e5-50e3-acf8-e41ab436b359', 'c7c34eb2-d620-5fd6-a565-f04d9ec8b52a', 'f-o2-p1:C7', 'STANDARD', 3, 7, 'free');
INSERT INTO parking_spots (id, parking_lot_id, spot_number, zone, spot_row, spot_col, status) VALUES ('01ae84f5-224a-56f5-8c9f-0a80e02294c2', 'c7c34eb2-d620-5fd6-a565-f04d9ec8b52a', 'f-o2-p1:C8', 'STANDARD', 3, 8, 'free');
INSERT INTO parking_spots (id, parking_lot_id, spot_number, zone, spot_row, spot_col, status) VALUES ('327723da-07e4-5c60-95d3-7d230581478b', 'c7c34eb2-d620-5fd6-a565-f04d9ec8b52a', 'f-o2-p1:C9', 'STANDARD', 3, 9, 'free');
INSERT INTO parking_spots (id, parking_lot_id, spot_number, zone, spot_row, spot_col, status) VALUES ('767e19fd-11be-5c24-8230-37437385bc17', 'c7c34eb2-d620-5fd6-a565-f04d9ec8b52a', 'f-o2-p1:C10', 'STANDARD', 3, 10, 'free');
INSERT INTO parking_spots (id, parking_lot_id, spot_number, zone, spot_row, spot_col, status) VALUES ('19e97426-e41e-5353-b9ea-abf1866ed9c8', 'c7c34eb2-d620-5fd6-a565-f04d9ec8b52a', 'f-o2-p1:C11', 'STANDARD', 3, 11, 'free');
INSERT INTO parking_spots (id, parking_lot_id, spot_number, zone, spot_row, spot_col, status) VALUES ('9fc696ce-4310-55cf-97e2-97ec787fe4df', 'c7c34eb2-d620-5fd6-a565-f04d9ec8b52a', 'f-o2-p1:C12', 'STANDARD', 3, 12, 'free');
INSERT INTO parking_spots (id, parking_lot_id, spot_number, zone, spot_row, spot_col, status) VALUES ('6ec52d38-4bf4-574b-b8a2-1dab868aa8c7', 'c7c34eb2-d620-5fd6-a565-f04d9ec8b52a', 'f-o2-p1:D1', 'STANDARD', 4, 1, 'free');
INSERT INTO parking_spots (id, parking_lot_id, spot_number, zone, spot_row, spot_col, status) VALUES ('6d1f5182-bce1-5711-bb6b-41b655ded707', 'c7c34eb2-d620-5fd6-a565-f04d9ec8b52a', 'f-o2-p1:D2', 'STANDARD', 4, 2, 'free');
INSERT INTO parking_spots (id, parking_lot_id, spot_number, zone, spot_row, spot_col, status) VALUES ('a910869f-25ca-5fce-8f54-c475417cf9f3', 'c7c34eb2-d620-5fd6-a565-f04d9ec8b52a', 'f-o2-p1:D3', 'STANDARD', 4, 3, 'free');
INSERT INTO parking_spots (id, parking_lot_id, spot_number, zone, spot_row, spot_col, status) VALUES ('c52d0f4a-b942-5c99-8275-728d2acd0a10', 'c7c34eb2-d620-5fd6-a565-f04d9ec8b52a', 'f-o2-p1:D4', 'STANDARD', 4, 4, 'free');
INSERT INTO parking_spots (id, parking_lot_id, spot_number, zone, spot_row, spot_col, status) VALUES ('a98bff2b-ec99-5e4e-a36f-c095cd2feb7d', 'c7c34eb2-d620-5fd6-a565-f04d9ec8b52a', 'f-o2-p1:D5', 'STANDARD', 4, 5, 'free');
INSERT INTO parking_spots (id, parking_lot_id, spot_number, zone, spot_row, spot_col, status) VALUES ('ae3e9dc4-1c4c-5fe7-a0dc-5e4950d41c36', 'c7c34eb2-d620-5fd6-a565-f04d9ec8b52a', 'f-o2-p1:D6', 'STANDARD', 4, 6, 'free');
INSERT INTO parking_spots (id, parking_lot_id, spot_number, zone, spot_row, spot_col, status) VALUES ('bb91aa64-2aed-50f5-8630-9d6f0c10d2cd', 'c7c34eb2-d620-5fd6-a565-f04d9ec8b52a', 'f-o2-p1:D7', 'STANDARD', 4, 7, 'free');
INSERT INTO parking_spots (id, parking_lot_id, spot_number, zone, spot_row, spot_col, status) VALUES ('1d641731-8e3d-5690-9ae1-8c9ec79c248b', 'c7c34eb2-d620-5fd6-a565-f04d9ec8b52a', 'f-o2-p1:D8', 'STANDARD', 4, 8, 'free');
INSERT INTO parking_spots (id, parking_lot_id, spot_number, zone, spot_row, spot_col, status) VALUES ('44c718d8-66c8-572e-9422-bc5bb572ebc3', 'c7c34eb2-d620-5fd6-a565-f04d9ec8b52a', 'f-o2-p1:D9', 'STANDARD', 4, 9, 'free');
INSERT INTO parking_spots (id, parking_lot_id, spot_number, zone, spot_row, spot_col, status) VALUES ('7ee3c5c0-c17f-5543-934a-2995a60c29f9', 'c7c34eb2-d620-5fd6-a565-f04d9ec8b52a', 'f-o2-p1:D10', 'STANDARD', 4, 10, 'free');
INSERT INTO parking_spots (id, parking_lot_id, spot_number, zone, spot_row, spot_col, status) VALUES ('fc7333f3-ba09-53e9-9742-53e82c805a22', 'c7c34eb2-d620-5fd6-a565-f04d9ec8b52a', 'f-o2-p1:D11', 'STANDARD', 4, 11, 'free');
INSERT INTO parking_spots (id, parking_lot_id, spot_number, zone, spot_row, spot_col, status) VALUES ('45523554-812b-57f3-b5b0-2fb6bdaeecaf', 'c7c34eb2-d620-5fd6-a565-f04d9ec8b52a', 'f-o2-p1:D12', 'STANDARD', 4, 12, 'free');
INSERT INTO parking_spots (id, parking_lot_id, spot_number, zone, spot_row, spot_col, status) VALUES ('a4c860e4-259d-5bd0-9c90-e1190cd36076', 'c7c34eb2-d620-5fd6-a565-f04d9ec8b52a', 'f-o2-p1:E1', 'STANDARD', 5, 1, 'free');
INSERT INTO parking_spots (id, parking_lot_id, spot_number, zone, spot_row, spot_col, status) VALUES ('a18c556c-76ba-589c-b1bc-39f8c6b82edf', 'c7c34eb2-d620-5fd6-a565-f04d9ec8b52a', 'f-o2-p1:E2', 'STANDARD', 5, 2, 'free');
INSERT INTO parking_spots (id, parking_lot_id, spot_number, zone, spot_row, spot_col, status) VALUES ('eaf84254-bc8e-5f1a-8f42-38ccb665c91f', 'c7c34eb2-d620-5fd6-a565-f04d9ec8b52a', 'f-o2-p1:E3', 'STANDARD', 5, 3, 'free');
INSERT INTO parking_spots (id, parking_lot_id, spot_number, zone, spot_row, spot_col, status) VALUES ('fd3f1e23-0cf5-53d1-9fd2-710689c378c5', 'c7c34eb2-d620-5fd6-a565-f04d9ec8b52a', 'f-o2-p1:E4', 'STANDARD', 5, 4, 'free');
INSERT INTO parking_spots (id, parking_lot_id, spot_number, zone, spot_row, spot_col, status) VALUES ('103d7bcf-b352-54eb-920c-8228f66ca26e', 'c7c34eb2-d620-5fd6-a565-f04d9ec8b52a', 'f-o2-p1:E5', 'STANDARD', 5, 5, 'free');
INSERT INTO parking_spots (id, parking_lot_id, spot_number, zone, spot_row, spot_col, status) VALUES ('c0c26731-2e1f-5d26-86d8-2fd6fed39129', 'c7c34eb2-d620-5fd6-a565-f04d9ec8b52a', 'f-o2-p1:E6', 'STANDARD', 5, 6, 'free');
INSERT INTO parking_spots (id, parking_lot_id, spot_number, zone, spot_row, spot_col, status) VALUES ('fd545290-03f5-5d5a-9017-e65ac8ab6b1e', 'c7c34eb2-d620-5fd6-a565-f04d9ec8b52a', 'f-o2-p1:E7', 'STANDARD', 5, 7, 'free');
INSERT INTO parking_spots (id, parking_lot_id, spot_number, zone, spot_row, spot_col, status) VALUES ('f3040200-976e-5a0f-93cd-74fa7eaff2ed', 'c7c34eb2-d620-5fd6-a565-f04d9ec8b52a', 'f-o2-p1:E8', 'STANDARD', 5, 8, 'free');
INSERT INTO parking_spots (id, parking_lot_id, spot_number, zone, spot_row, spot_col, status) VALUES ('72a8dd9d-cf38-58bd-a4f3-42d91f6fb13a', 'c7c34eb2-d620-5fd6-a565-f04d9ec8b52a', 'f-o2-p1:E9', 'STANDARD', 5, 9, 'free');
INSERT INTO parking_spots (id, parking_lot_id, spot_number, zone, spot_row, spot_col, status) VALUES ('817399a9-2991-53ae-9589-2d3bdcde07fb', 'c7c34eb2-d620-5fd6-a565-f04d9ec8b52a', 'f-o2-p1:E10', 'STANDARD', 5, 10, 'free');
INSERT INTO parking_spots (id, parking_lot_id, spot_number, zone, spot_row, spot_col, status) VALUES ('b6203453-fe3e-5760-b747-36b903426c9e', 'c7c34eb2-d620-5fd6-a565-f04d9ec8b52a', 'f-o2-p1:E11', 'STANDARD', 5, 11, 'free');
INSERT INTO parking_spots (id, parking_lot_id, spot_number, zone, spot_row, spot_col, status) VALUES ('372833a6-e063-54da-afe9-d38f6af30421', 'c7c34eb2-d620-5fd6-a565-f04d9ec8b52a', 'f-o2-p1:E12', 'STANDARD', 5, 12, 'free');
INSERT INTO parking_spots (id, parking_lot_id, spot_number, zone, spot_row, spot_col, status) VALUES ('06f53abc-e917-565c-bfda-b8c8e014646f', 'c7c34eb2-d620-5fd6-a565-f04d9ec8b52a', 'f-o2-p1:F1', 'STANDARD', 6, 1, 'free');
INSERT INTO parking_spots (id, parking_lot_id, spot_number, zone, spot_row, spot_col, status) VALUES ('e68f09bb-6132-5ac5-adbd-00f0c69171b4', 'c7c34eb2-d620-5fd6-a565-f04d9ec8b52a', 'f-o2-p1:F2', 'STANDARD', 6, 2, 'free');
INSERT INTO parking_spots (id, parking_lot_id, spot_number, zone, spot_row, spot_col, status) VALUES ('f0528dff-2f87-5ad5-b199-203c124d5ad8', 'c7c34eb2-d620-5fd6-a565-f04d9ec8b52a', 'f-o2-p1:F3', 'STANDARD', 6, 3, 'free');
INSERT INTO parking_spots (id, parking_lot_id, spot_number, zone, spot_row, spot_col, status) VALUES ('8d1cfe9a-2c81-54ca-bc72-94555641f20d', 'c7c34eb2-d620-5fd6-a565-f04d9ec8b52a', 'f-o2-p1:F4', 'STANDARD', 6, 4, 'free');
INSERT INTO parking_spots (id, parking_lot_id, spot_number, zone, spot_row, spot_col, status) VALUES ('e4f455e2-0131-50ec-b118-59927a1ad0f9', 'c7c34eb2-d620-5fd6-a565-f04d9ec8b52a', 'f-o2-p1:F5', 'STANDARD', 6, 5, 'free');
INSERT INTO parking_spots (id, parking_lot_id, spot_number, zone, spot_row, spot_col, status) VALUES ('e5e2853f-f235-5035-b7d1-2b5ee7856fa0', 'c7c34eb2-d620-5fd6-a565-f04d9ec8b52a', 'f-o2-p1:F6', 'STANDARD', 6, 6, 'free');
INSERT INTO parking_spots (id, parking_lot_id, spot_number, zone, spot_row, spot_col, status) VALUES ('039f3d6d-5b85-55ca-967c-89bb1dc44a06', 'c7c34eb2-d620-5fd6-a565-f04d9ec8b52a', 'f-o2-p1:F7', 'STANDARD', 6, 7, 'free');
INSERT INTO parking_spots (id, parking_lot_id, spot_number, zone, spot_row, spot_col, status) VALUES ('af23f681-5643-5da1-9822-3edea1733a99', 'c7c34eb2-d620-5fd6-a565-f04d9ec8b52a', 'f-o2-p1:F8', 'STANDARD', 6, 8, 'free');
INSERT INTO parking_spots (id, parking_lot_id, spot_number, zone, spot_row, spot_col, status) VALUES ('6df4f470-a98a-591c-b931-53a847fe492c', 'c7c34eb2-d620-5fd6-a565-f04d9ec8b52a', 'f-o2-p1:F9', 'STANDARD', 6, 9, 'free');
INSERT INTO parking_spots (id, parking_lot_id, spot_number, zone, spot_row, spot_col, status) VALUES ('09c68c79-bc60-59ec-84a8-d898e94f14c7', 'c7c34eb2-d620-5fd6-a565-f04d9ec8b52a', 'f-o2-p1:F10', 'STANDARD', 6, 10, 'free');
INSERT INTO parking_spots (id, parking_lot_id, spot_number, zone, spot_row, spot_col, status) VALUES ('bff946f7-cb3e-5376-bd60-6036390f7bfc', 'c7c34eb2-d620-5fd6-a565-f04d9ec8b52a', 'f-o2-p1:F11', 'STANDARD', 6, 11, 'free');
INSERT INTO parking_spots (id, parking_lot_id, spot_number, zone, spot_row, spot_col, status) VALUES ('bb4b2119-6635-5624-a332-5ec4a16f38d8', 'c7c34eb2-d620-5fd6-a565-f04d9ec8b52a', 'f-o2-p1:F12', 'STANDARD', 6, 12, 'free');
INSERT INTO parking_spots (id, parking_lot_id, spot_number, zone, spot_row, spot_col, status) VALUES ('05035936-29d6-5385-a91a-a8ae262eec5d', 'c7c34eb2-d620-5fd6-a565-f04d9ec8b52a', 'f-o2-p1:G1', 'STANDARD', 7, 1, 'free');
INSERT INTO parking_spots (id, parking_lot_id, spot_number, zone, spot_row, spot_col, status) VALUES ('3f7aafe2-bed7-506f-ac2d-7760c32ace42', 'c7c34eb2-d620-5fd6-a565-f04d9ec8b52a', 'f-o2-p1:G2', 'STANDARD', 7, 2, 'free');
INSERT INTO parking_spots (id, parking_lot_id, spot_number, zone, spot_row, spot_col, status) VALUES ('dfbfebf7-cd3b-5459-9eb9-fb1057d85686', 'c7c34eb2-d620-5fd6-a565-f04d9ec8b52a', 'f-o2-p1:G3', 'STANDARD', 7, 3, 'free');
INSERT INTO parking_spots (id, parking_lot_id, spot_number, zone, spot_row, spot_col, status) VALUES ('30567550-ed56-58ef-be97-58c287eea803', 'c7c34eb2-d620-5fd6-a565-f04d9ec8b52a', 'f-o2-p1:G4', 'STANDARD', 7, 4, 'free');
INSERT INTO parking_spots (id, parking_lot_id, spot_number, zone, spot_row, spot_col, status) VALUES ('81b5d96f-811d-5b92-838d-f357cc58e7cb', 'c7c34eb2-d620-5fd6-a565-f04d9ec8b52a', 'f-o2-p1:G5', 'STANDARD', 7, 5, 'free');
INSERT INTO parking_spots (id, parking_lot_id, spot_number, zone, spot_row, spot_col, status) VALUES ('22d525f1-7813-5b1b-85b1-f5f6db714cf0', 'c7c34eb2-d620-5fd6-a565-f04d9ec8b52a', 'f-o2-p1:G6', 'STANDARD', 7, 6, 'free');
INSERT INTO parking_spots (id, parking_lot_id, spot_number, zone, spot_row, spot_col, status) VALUES ('f0a295e7-067a-59b3-89ff-0536cd855a4e', 'c7c34eb2-d620-5fd6-a565-f04d9ec8b52a', 'f-o2-p1:G7', 'STANDARD', 7, 7, 'free');
INSERT INTO parking_spots (id, parking_lot_id, spot_number, zone, spot_row, spot_col, status) VALUES ('a1074a61-fec9-5cc2-9173-1c96e7f9071f', 'c7c34eb2-d620-5fd6-a565-f04d9ec8b52a', 'f-o2-p1:G8', 'STANDARD', 7, 8, 'free');
INSERT INTO parking_spots (id, parking_lot_id, spot_number, zone, spot_row, spot_col, status) VALUES ('70f0aebc-92a1-5811-a2cf-95bd4e8d5b76', 'c7c34eb2-d620-5fd6-a565-f04d9ec8b52a', 'f-o2-p1:G9', 'STANDARD', 7, 9, 'free');
INSERT INTO parking_spots (id, parking_lot_id, spot_number, zone, spot_row, spot_col, status) VALUES ('2d3eacdc-1ef2-5dfe-a79c-a348d13987f8', 'c7c34eb2-d620-5fd6-a565-f04d9ec8b52a', 'f-o2-p1:G10', 'STANDARD', 7, 10, 'free');
INSERT INTO parking_spots (id, parking_lot_id, spot_number, zone, spot_row, spot_col, status) VALUES ('968f3b8e-bb88-5a1f-87c2-07f930de47b8', 'c7c34eb2-d620-5fd6-a565-f04d9ec8b52a', 'f-o2-p1:G11', 'STANDARD', 7, 11, 'free');
INSERT INTO parking_spots (id, parking_lot_id, spot_number, zone, spot_row, spot_col, status) VALUES ('fadbb709-c8b0-5d3c-a3b3-ef2fbe96d4cc', 'c7c34eb2-d620-5fd6-a565-f04d9ec8b52a', 'f-o2-p1:G12', 'STANDARD', 7, 12, 'free');
INSERT INTO parking_spots (id, parking_lot_id, spot_number, zone, spot_row, spot_col, status) VALUES ('4c9c6379-3963-50ea-987c-a0d2f8ced843', 'c7c34eb2-d620-5fd6-a565-f04d9ec8b52a', 'f-o2-p1:H1', 'STANDARD', 8, 1, 'free');
INSERT INTO parking_spots (id, parking_lot_id, spot_number, zone, spot_row, spot_col, status) VALUES ('e2997f08-b6fb-5eed-917b-311348eccfea', 'c7c34eb2-d620-5fd6-a565-f04d9ec8b52a', 'f-o2-p1:H2', 'STANDARD', 8, 2, 'free');
INSERT INTO parking_spots (id, parking_lot_id, spot_number, zone, spot_row, spot_col, status) VALUES ('ea3726ab-fc5e-548d-b3c0-fbbfa3825b46', 'c7c34eb2-d620-5fd6-a565-f04d9ec8b52a', 'f-o2-p1:H3', 'STANDARD', 8, 3, 'free');
INSERT INTO parking_spots (id, parking_lot_id, spot_number, zone, spot_row, spot_col, status) VALUES ('46f47848-212a-57d5-8341-e15a0b683314', 'c7c34eb2-d620-5fd6-a565-f04d9ec8b52a', 'f-o2-p1:H4', 'STANDARD', 8, 4, 'free');
INSERT INTO parking_spots (id, parking_lot_id, spot_number, zone, spot_row, spot_col, status) VALUES ('02f187a5-272e-5a7d-b029-0f5fe988df3e', 'c7c34eb2-d620-5fd6-a565-f04d9ec8b52a', 'f-o2-p1:H5', 'STANDARD', 8, 5, 'free');
INSERT INTO parking_spots (id, parking_lot_id, spot_number, zone, spot_row, spot_col, status) VALUES ('7a0bc86c-935c-50e4-a000-72cdac87b48e', 'c7c34eb2-d620-5fd6-a565-f04d9ec8b52a', 'f-o2-p1:H6', 'STANDARD', 8, 6, 'free');
INSERT INTO parking_spots (id, parking_lot_id, spot_number, zone, spot_row, spot_col, status) VALUES ('46948e0b-fd90-587e-8211-1d519e382bce', 'c7c34eb2-d620-5fd6-a565-f04d9ec8b52a', 'f-o2-p1:H7', 'STANDARD', 8, 7, 'free');
INSERT INTO parking_spots (id, parking_lot_id, spot_number, zone, spot_row, spot_col, status) VALUES ('15daf156-6dc2-5245-ad63-0ec9acaa68ed', 'c7c34eb2-d620-5fd6-a565-f04d9ec8b52a', 'f-o2-p1:H8', 'STANDARD', 8, 8, 'free');
INSERT INTO parking_spots (id, parking_lot_id, spot_number, zone, spot_row, spot_col, status) VALUES ('7f5b4542-708b-511b-826a-73fda671ab86', 'c7c34eb2-d620-5fd6-a565-f04d9ec8b52a', 'f-o2-p1:H9', 'STANDARD', 8, 9, 'free');
INSERT INTO parking_spots (id, parking_lot_id, spot_number, zone, spot_row, spot_col, status) VALUES ('ccadfc30-bedd-526c-a6ff-db43b29c4c5e', 'c7c34eb2-d620-5fd6-a565-f04d9ec8b52a', 'f-o2-p1:H10', 'STANDARD', 8, 10, 'free');
INSERT INTO parking_spots (id, parking_lot_id, spot_number, zone, spot_row, spot_col, status) VALUES ('73e6b588-2689-53ec-9bc1-8fae1e482d9f', 'c7c34eb2-d620-5fd6-a565-f04d9ec8b52a', 'f-o2-p1:H11', 'STANDARD', 8, 11, 'free');
INSERT INTO parking_spots (id, parking_lot_id, spot_number, zone, spot_row, spot_col, status) VALUES ('5fcc7a34-2697-5da3-a543-8f652fb6aff5', 'c7c34eb2-d620-5fd6-a565-f04d9ec8b52a', 'f-o2-p1:H12', 'STANDARD', 8, 12, 'free');
INSERT INTO parking_spots (id, parking_lot_id, spot_number, zone, spot_row, spot_col, status) VALUES ('0597b34e-ff45-5996-9a2b-31020380de90', 'c7c34eb2-d620-5fd6-a565-f04d9ec8b52a', 'f-o2-p1:I1', 'STANDARD', 9, 1, 'free');
INSERT INTO parking_spots (id, parking_lot_id, spot_number, zone, spot_row, spot_col, status) VALUES ('9d996429-f979-5b2e-a9ac-a86c96a62f69', 'c7c34eb2-d620-5fd6-a565-f04d9ec8b52a', 'f-o2-p1:I2', 'STANDARD', 9, 2, 'free');
INSERT INTO parking_spots (id, parking_lot_id, spot_number, zone, spot_row, spot_col, status) VALUES ('b711e3b2-8f15-56e9-b087-a60674ea9a7e', 'c7c34eb2-d620-5fd6-a565-f04d9ec8b52a', 'f-o2-p1:I3', 'STANDARD', 9, 3, 'free');
INSERT INTO parking_spots (id, parking_lot_id, spot_number, zone, spot_row, spot_col, status) VALUES ('026481e8-a7c4-5e77-9be8-4d2d3c422bb0', 'c7c34eb2-d620-5fd6-a565-f04d9ec8b52a', 'f-o2-p1:I4', 'STANDARD', 9, 4, 'free');
INSERT INTO parking_spots (id, parking_lot_id, spot_number, zone, spot_row, spot_col, status) VALUES ('453ef82a-61e0-51c8-a547-65e6c6548019', 'c7c34eb2-d620-5fd6-a565-f04d9ec8b52a', 'f-o2-p1:I5', 'STANDARD', 9, 5, 'free');
INSERT INTO parking_spots (id, parking_lot_id, spot_number, zone, spot_row, spot_col, status) VALUES ('ace44bbf-440e-5a9b-ae62-ed992074d099', 'c7c34eb2-d620-5fd6-a565-f04d9ec8b52a', 'f-o2-p1:I6', 'STANDARD', 9, 6, 'free');
INSERT INTO parking_spots (id, parking_lot_id, spot_number, zone, spot_row, spot_col, status) VALUES ('6bcc22d6-cda7-5213-8d73-9e9b342db98e', 'c7c34eb2-d620-5fd6-a565-f04d9ec8b52a', 'f-o2-p1:I7', 'STANDARD', 9, 7, 'free');
INSERT INTO parking_spots (id, parking_lot_id, spot_number, zone, spot_row, spot_col, status) VALUES ('f02cf29d-1603-5ec9-9659-0b6130e9684e', 'c7c34eb2-d620-5fd6-a565-f04d9ec8b52a', 'f-o2-p1:I8', 'STANDARD', 9, 8, 'free');
INSERT INTO parking_spots (id, parking_lot_id, spot_number, zone, spot_row, spot_col, status) VALUES ('92e592d3-7340-5193-9664-4f2c7b8be9be', 'c7c34eb2-d620-5fd6-a565-f04d9ec8b52a', 'f-o2-p1:I9', 'STANDARD', 9, 9, 'free');
INSERT INTO parking_spots (id, parking_lot_id, spot_number, zone, spot_row, spot_col, status) VALUES ('fc38d475-49f3-550c-9a31-23ea81176e7b', 'c7c34eb2-d620-5fd6-a565-f04d9ec8b52a', 'f-o2-p1:I10', 'STANDARD', 9, 10, 'free');
INSERT INTO parking_spots (id, parking_lot_id, spot_number, zone, spot_row, spot_col, status) VALUES ('eb8d9729-7dc2-5b77-9f15-f63ed735b9bc', 'c7c34eb2-d620-5fd6-a565-f04d9ec8b52a', 'f-o2-p1:I11', 'STANDARD', 9, 11, 'free');
INSERT INTO parking_spots (id, parking_lot_id, spot_number, zone, spot_row, spot_col, status) VALUES ('bfbe04c4-c928-5320-ad54-fe92f57d2161', 'c7c34eb2-d620-5fd6-a565-f04d9ec8b52a', 'f-o2-p1:I12', 'STANDARD', 9, 12, 'free');
INSERT INTO parking_spots (id, parking_lot_id, spot_number, zone, spot_row, spot_col, status) VALUES ('c3351517-8493-59f4-b5ce-7dc8e5263e3c', 'c7c34eb2-d620-5fd6-a565-f04d9ec8b52a', 'f-o2-p1:J1', 'STANDARD', 10, 1, 'free');
INSERT INTO parking_spots (id, parking_lot_id, spot_number, zone, spot_row, spot_col, status) VALUES ('6b931fa2-ca3b-5e6d-8175-c92f7c9fbbbb', 'c7c34eb2-d620-5fd6-a565-f04d9ec8b52a', 'f-o2-p1:J2', 'STANDARD', 10, 2, 'free');
INSERT INTO parking_spots (id, parking_lot_id, spot_number, zone, spot_row, spot_col, status) VALUES ('6658860a-6693-5de9-af14-b18971b9a469', 'c7c34eb2-d620-5fd6-a565-f04d9ec8b52a', 'f-o2-p1:J3', 'STANDARD', 10, 3, 'free');
INSERT INTO parking_spots (id, parking_lot_id, spot_number, zone, spot_row, spot_col, status) VALUES ('4c09e27f-f65b-5d45-81c5-24cb0b396e41', 'c7c34eb2-d620-5fd6-a565-f04d9ec8b52a', 'f-o2-p1:J4', 'STANDARD', 10, 4, 'free');
INSERT INTO parking_spots (id, parking_lot_id, spot_number, zone, spot_row, spot_col, status) VALUES ('b1c3d79d-5ccb-57cb-b326-fbf44b72e364', 'c7c34eb2-d620-5fd6-a565-f04d9ec8b52a', 'f-o2-p1:J5', 'STANDARD', 10, 5, 'free');
INSERT INTO parking_spots (id, parking_lot_id, spot_number, zone, spot_row, spot_col, status) VALUES ('a0275fe8-5290-530a-8c3d-367ed6f15583', 'c7c34eb2-d620-5fd6-a565-f04d9ec8b52a', 'f-o2-p1:J6', 'STANDARD', 10, 6, 'free');
INSERT INTO parking_spots (id, parking_lot_id, spot_number, zone, spot_row, spot_col, status) VALUES ('73621169-b34e-5e94-90fc-21216fc16279', 'c7c34eb2-d620-5fd6-a565-f04d9ec8b52a', 'f-o2-p1:J7', 'STANDARD', 10, 7, 'free');
INSERT INTO parking_spots (id, parking_lot_id, spot_number, zone, spot_row, spot_col, status) VALUES ('8e21c98e-886a-5d2f-823c-354909597384', 'c7c34eb2-d620-5fd6-a565-f04d9ec8b52a', 'f-o2-p1:J8', 'STANDARD', 10, 8, 'free');
INSERT INTO parking_spots (id, parking_lot_id, spot_number, zone, spot_row, spot_col, status) VALUES ('8d7af295-ee3b-5acc-af9d-64d66826d6bf', 'c7c34eb2-d620-5fd6-a565-f04d9ec8b52a', 'f-o2-p1:J9', 'STANDARD', 10, 9, 'free');
INSERT INTO parking_spots (id, parking_lot_id, spot_number, zone, spot_row, spot_col, status) VALUES ('f7036e9d-a92f-5f33-b3ef-330a1bc49644', 'c7c34eb2-d620-5fd6-a565-f04d9ec8b52a', 'f-o2-p1:J10', 'STANDARD', 10, 10, 'free');
INSERT INTO parking_spots (id, parking_lot_id, spot_number, zone, spot_row, spot_col, status) VALUES ('a74b3ddb-1f30-5eec-a874-636e46ea9f4d', 'c7c34eb2-d620-5fd6-a565-f04d9ec8b52a', 'f-o2-p1:J11', 'STANDARD', 10, 11, 'free');
INSERT INTO parking_spots (id, parking_lot_id, spot_number, zone, spot_row, spot_col, status) VALUES ('a224f613-f10e-5cb1-88f9-f0387a129dc0', 'c7c34eb2-d620-5fd6-a565-f04d9ec8b52a', 'f-o2-p1:J12', 'STANDARD', 10, 12, 'free');

INSERT INTO parking_lots (id, name, city, address, latitude, longitude, opening_hours, total_spaces)
VALUES ('cd48f90c-637d-5f26-966a-73e1dd6baf98', 'Mercado Municipal de Arganil', 'Arganil', 'Av. José Augusto de Carvalho, Arganil', 40.215495, -8.051295, 'Aberto 24h', 60)
ON CONFLICT (id) DO UPDATE SET
  name = EXCLUDED.name,
  city = EXCLUDED.city,
  address = EXCLUDED.address,
  latitude = EXCLUDED.latitude,
  longitude = EXCLUDED.longitude,
  opening_hours = EXCLUDED.opening_hours,
  total_spaces = EXCLUDED.total_spaces;
DELETE FROM parking_lot_amenities WHERE parking_lot_id = 'cd48f90c-637d-5f26-966a-73e1dd6baf98';
INSERT INTO parking_lot_amenities (parking_lot_id, amenity) VALUES ('cd48f90c-637d-5f26-966a-73e1dd6baf98', 'câmeras');
INSERT INTO parking_lot_amenities (parking_lot_id, amenity) VALUES ('cd48f90c-637d-5f26-966a-73e1dd6baf98', 'elevador');
INSERT INTO tariffs (id, parking_lot_id, name, description, price_per_hour, max_daily, monthly, price_per_kwh, status)
VALUES ('204d543f-f850-5e59-aed6-0f250fe55d75', 'cd48f90c-637d-5f26-966a-73e1dd6baf98', 'Standard', 'Tarifa normal de estacionamento', 0.60, 4.50, 45.00, NULL, 'ACTIVE')
ON CONFLICT (id) DO UPDATE SET
  price_per_hour = EXCLUDED.price_per_hour,
  max_daily = EXCLUDED.max_daily,
  monthly = EXCLUDED.monthly,
  status = EXCLUDED.status;
DELETE FROM ev_chargers WHERE parking_lot_id = 'cd48f90c-637d-5f26-966a-73e1dd6baf98';
DELETE FROM accessible_spots WHERE parking_lot_id = 'cd48f90c-637d-5f26-966a-73e1dd6baf98';
DELETE FROM parking_spots WHERE parking_lot_id = 'cd48f90c-637d-5f26-966a-73e1dd6baf98';
INSERT INTO parking_spots (id, parking_lot_id, spot_number, zone, spot_row, spot_col, status) VALUES ('aafd1b10-dee9-5d8a-a44d-19ad5014f822', 'cd48f90c-637d-5f26-966a-73e1dd6baf98', 'f-ar1-p0:A1', 'ACCESSIBLE', 1, 1, 'accessible');
INSERT INTO parking_spots (id, parking_lot_id, spot_number, zone, spot_row, spot_col, status) VALUES ('f714d271-0499-5730-8009-7264d30d4d9a', 'cd48f90c-637d-5f26-966a-73e1dd6baf98', 'f-ar1-p0:A2', 'STANDARD', 1, 2, 'occupied');
INSERT INTO parking_spots (id, parking_lot_id, spot_number, zone, spot_row, spot_col, status) VALUES ('571aaa74-1b39-53fb-9a38-9fb9d7930085', 'cd48f90c-637d-5f26-966a-73e1dd6baf98', 'f-ar1-p0:A3', 'STANDARD', 1, 3, 'free');
INSERT INTO parking_spots (id, parking_lot_id, spot_number, zone, spot_row, spot_col, status) VALUES ('c40a4ea3-7cc7-5e06-8dab-628cac1d5cf2', 'cd48f90c-637d-5f26-966a-73e1dd6baf98', 'f-ar1-p0:A4', 'STANDARD', 1, 4, 'free');
INSERT INTO parking_spots (id, parking_lot_id, spot_number, zone, spot_row, spot_col, status) VALUES ('502f3200-9f4c-5983-b074-3d6b2efe0d71', 'cd48f90c-637d-5f26-966a-73e1dd6baf98', 'f-ar1-p0:A5', 'STANDARD', 1, 5, 'occupied');
INSERT INTO parking_spots (id, parking_lot_id, spot_number, zone, spot_row, spot_col, status) VALUES ('a9ea5dc2-75a2-5465-87bf-b2e7e5c1f936', 'cd48f90c-637d-5f26-966a-73e1dd6baf98', 'f-ar1-p0:A6', 'STANDARD', 1, 6, 'free');
INSERT INTO parking_spots (id, parking_lot_id, spot_number, zone, spot_row, spot_col, status) VALUES ('d2ba2cf3-4255-543c-b8d8-1c0cfb4d2fdf', 'cd48f90c-637d-5f26-966a-73e1dd6baf98', 'f-ar1-p0:A7', 'STANDARD', 1, 7, 'free');
INSERT INTO parking_spots (id, parking_lot_id, spot_number, zone, spot_row, spot_col, status) VALUES ('62538e4a-225c-557f-9bea-ea389b408048', 'cd48f90c-637d-5f26-966a-73e1dd6baf98', 'f-ar1-p0:A8', 'STANDARD', 1, 8, 'occupied');
INSERT INTO parking_spots (id, parking_lot_id, spot_number, zone, spot_row, spot_col, status) VALUES ('fa62f1c0-6dfa-5a9c-8de8-d1922cdaad57', 'cd48f90c-637d-5f26-966a-73e1dd6baf98', 'f-ar1-p0:A9', 'STANDARD', 1, 9, 'free');
INSERT INTO parking_spots (id, parking_lot_id, spot_number, zone, spot_row, spot_col, status) VALUES ('b0b04721-631c-5804-a2cd-59fb1ee30bed', 'cd48f90c-637d-5f26-966a-73e1dd6baf98', 'f-ar1-p0:A10', 'STANDARD', 1, 10, 'free');
INSERT INTO parking_spots (id, parking_lot_id, spot_number, zone, spot_row, spot_col, status) VALUES ('04e18261-b7d9-541d-9df3-115ff73de474', 'cd48f90c-637d-5f26-966a-73e1dd6baf98', 'f-ar1-p0:B1', 'STANDARD', 2, 1, 'free');
INSERT INTO parking_spots (id, parking_lot_id, spot_number, zone, spot_row, spot_col, status) VALUES ('8cad34c5-7a37-5f4c-8706-b3ecd5222381', 'cd48f90c-637d-5f26-966a-73e1dd6baf98', 'f-ar1-p0:B2', 'STANDARD', 2, 2, 'free');
INSERT INTO parking_spots (id, parking_lot_id, spot_number, zone, spot_row, spot_col, status) VALUES ('7baae5a0-9bce-5898-a131-009979c762fd', 'cd48f90c-637d-5f26-966a-73e1dd6baf98', 'f-ar1-p0:B3', 'STANDARD', 2, 3, 'free');
INSERT INTO parking_spots (id, parking_lot_id, spot_number, zone, spot_row, spot_col, status) VALUES ('91915063-9050-5b9a-aeaf-9d870174ff19', 'cd48f90c-637d-5f26-966a-73e1dd6baf98', 'f-ar1-p0:B4', 'STANDARD', 2, 4, 'free');
INSERT INTO parking_spots (id, parking_lot_id, spot_number, zone, spot_row, spot_col, status) VALUES ('e6bf03ae-9875-5b8a-a89e-c319648364a0', 'cd48f90c-637d-5f26-966a-73e1dd6baf98', 'f-ar1-p0:B5', 'STANDARD', 2, 5, 'free');
INSERT INTO parking_spots (id, parking_lot_id, spot_number, zone, spot_row, spot_col, status) VALUES ('c715a0e2-c2b1-5c68-b023-ed42c4028815', 'cd48f90c-637d-5f26-966a-73e1dd6baf98', 'f-ar1-p0:B6', 'STANDARD', 2, 6, 'free');
INSERT INTO parking_spots (id, parking_lot_id, spot_number, zone, spot_row, spot_col, status) VALUES ('79907974-d4d1-5fab-a363-da56cdc47488', 'cd48f90c-637d-5f26-966a-73e1dd6baf98', 'f-ar1-p0:B7', 'STANDARD', 2, 7, 'free');
INSERT INTO parking_spots (id, parking_lot_id, spot_number, zone, spot_row, spot_col, status) VALUES ('22378615-7194-5452-b24a-38c73393b07b', 'cd48f90c-637d-5f26-966a-73e1dd6baf98', 'f-ar1-p0:B8', 'STANDARD', 2, 8, 'free');
INSERT INTO parking_spots (id, parking_lot_id, spot_number, zone, spot_row, spot_col, status) VALUES ('80c6a36e-2eb9-5c8f-83d7-29f8c112514a', 'cd48f90c-637d-5f26-966a-73e1dd6baf98', 'f-ar1-p0:B9', 'STANDARD', 2, 9, 'free');
INSERT INTO parking_spots (id, parking_lot_id, spot_number, zone, spot_row, spot_col, status) VALUES ('7485408c-4eed-586a-94de-ada21bbd919a', 'cd48f90c-637d-5f26-966a-73e1dd6baf98', 'f-ar1-p0:B10', 'STANDARD', 2, 10, 'free');
INSERT INTO parking_spots (id, parking_lot_id, spot_number, zone, spot_row, spot_col, status) VALUES ('c76045fd-4f6b-5761-a6b3-2a241307bba2', 'cd48f90c-637d-5f26-966a-73e1dd6baf98', 'f-ar1-p0:C1', 'STANDARD', 3, 1, 'free');
INSERT INTO parking_spots (id, parking_lot_id, spot_number, zone, spot_row, spot_col, status) VALUES ('b065f793-08cb-526a-ba39-5570e72d795f', 'cd48f90c-637d-5f26-966a-73e1dd6baf98', 'f-ar1-p0:C2', 'STANDARD', 3, 2, 'free');
INSERT INTO parking_spots (id, parking_lot_id, spot_number, zone, spot_row, spot_col, status) VALUES ('8c03e081-2e19-5835-8883-aab5113c0229', 'cd48f90c-637d-5f26-966a-73e1dd6baf98', 'f-ar1-p0:C3', 'STANDARD', 3, 3, 'free');
INSERT INTO parking_spots (id, parking_lot_id, spot_number, zone, spot_row, spot_col, status) VALUES ('b76ce5b8-3df7-5c22-9914-a00164e41227', 'cd48f90c-637d-5f26-966a-73e1dd6baf98', 'f-ar1-p0:C4', 'STANDARD', 3, 4, 'free');
INSERT INTO parking_spots (id, parking_lot_id, spot_number, zone, spot_row, spot_col, status) VALUES ('95bc024b-14f1-5e90-99e5-ad97dc676f21', 'cd48f90c-637d-5f26-966a-73e1dd6baf98', 'f-ar1-p0:C5', 'STANDARD', 3, 5, 'free');
INSERT INTO parking_spots (id, parking_lot_id, spot_number, zone, spot_row, spot_col, status) VALUES ('85d5b58e-2bf3-54a5-80fa-7b439cc8e80c', 'cd48f90c-637d-5f26-966a-73e1dd6baf98', 'f-ar1-p0:C6', 'STANDARD', 3, 6, 'free');
INSERT INTO parking_spots (id, parking_lot_id, spot_number, zone, spot_row, spot_col, status) VALUES ('3cfe72f7-5a74-5a53-8a0e-bd8c9972feec', 'cd48f90c-637d-5f26-966a-73e1dd6baf98', 'f-ar1-p0:C7', 'STANDARD', 3, 7, 'free');
INSERT INTO parking_spots (id, parking_lot_id, spot_number, zone, spot_row, spot_col, status) VALUES ('47601fd1-dde4-5eaa-a88b-31c646e94c58', 'cd48f90c-637d-5f26-966a-73e1dd6baf98', 'f-ar1-p0:C8', 'STANDARD', 3, 8, 'free');
INSERT INTO parking_spots (id, parking_lot_id, spot_number, zone, spot_row, spot_col, status) VALUES ('0b194d82-b5c9-531b-883d-072c76437511', 'cd48f90c-637d-5f26-966a-73e1dd6baf98', 'f-ar1-p0:C9', 'STANDARD', 3, 9, 'free');
INSERT INTO parking_spots (id, parking_lot_id, spot_number, zone, spot_row, spot_col, status) VALUES ('7a50a7f3-9036-5dd8-a7b6-a0e5a3c52d0a', 'cd48f90c-637d-5f26-966a-73e1dd6baf98', 'f-ar1-p0:C10', 'STANDARD', 3, 10, 'free');
INSERT INTO parking_spots (id, parking_lot_id, spot_number, zone, spot_row, spot_col, status) VALUES ('d61929e8-5e7a-53d7-80cc-75b435c6297b', 'cd48f90c-637d-5f26-966a-73e1dd6baf98', 'f-ar1-p0:D1', 'STANDARD', 4, 1, 'free');
INSERT INTO parking_spots (id, parking_lot_id, spot_number, zone, spot_row, spot_col, status) VALUES ('9d00f315-1f72-5e6c-ac93-5bc589ead246', 'cd48f90c-637d-5f26-966a-73e1dd6baf98', 'f-ar1-p0:D2', 'STANDARD', 4, 2, 'free');
INSERT INTO parking_spots (id, parking_lot_id, spot_number, zone, spot_row, spot_col, status) VALUES ('c8a10f08-9c56-57b0-aa94-a8f692e06bb7', 'cd48f90c-637d-5f26-966a-73e1dd6baf98', 'f-ar1-p0:D3', 'STANDARD', 4, 3, 'free');
INSERT INTO parking_spots (id, parking_lot_id, spot_number, zone, spot_row, spot_col, status) VALUES ('fe36c561-f929-5f63-a754-21a85e059752', 'cd48f90c-637d-5f26-966a-73e1dd6baf98', 'f-ar1-p0:D4', 'STANDARD', 4, 4, 'free');
INSERT INTO parking_spots (id, parking_lot_id, spot_number, zone, spot_row, spot_col, status) VALUES ('7eb17d36-3ed3-5a25-a10c-58b06a2f08cf', 'cd48f90c-637d-5f26-966a-73e1dd6baf98', 'f-ar1-p0:D5', 'STANDARD', 4, 5, 'free');
INSERT INTO parking_spots (id, parking_lot_id, spot_number, zone, spot_row, spot_col, status) VALUES ('d5b63930-64b1-532d-8f72-2b87844072ca', 'cd48f90c-637d-5f26-966a-73e1dd6baf98', 'f-ar1-p0:D6', 'STANDARD', 4, 6, 'free');
INSERT INTO parking_spots (id, parking_lot_id, spot_number, zone, spot_row, spot_col, status) VALUES ('f061d088-86ac-5177-80ae-1041ee53854a', 'cd48f90c-637d-5f26-966a-73e1dd6baf98', 'f-ar1-p0:D7', 'STANDARD', 4, 7, 'free');
INSERT INTO parking_spots (id, parking_lot_id, spot_number, zone, spot_row, spot_col, status) VALUES ('9cf9b377-0cf5-5f01-807c-cbea8fc28d56', 'cd48f90c-637d-5f26-966a-73e1dd6baf98', 'f-ar1-p0:D8', 'STANDARD', 4, 8, 'free');
INSERT INTO parking_spots (id, parking_lot_id, spot_number, zone, spot_row, spot_col, status) VALUES ('09ca3bbd-7e56-51c1-b115-9e18dcd3dde5', 'cd48f90c-637d-5f26-966a-73e1dd6baf98', 'f-ar1-p0:D9', 'STANDARD', 4, 9, 'free');
INSERT INTO parking_spots (id, parking_lot_id, spot_number, zone, spot_row, spot_col, status) VALUES ('b8c97d6f-97a1-5a27-bc74-02f824bf89c7', 'cd48f90c-637d-5f26-966a-73e1dd6baf98', 'f-ar1-p0:D10', 'STANDARD', 4, 10, 'free');
INSERT INTO parking_spots (id, parking_lot_id, spot_number, zone, spot_row, spot_col, status) VALUES ('280928cd-524f-53b1-a2c3-5859b4976dd2', 'cd48f90c-637d-5f26-966a-73e1dd6baf98', 'f-ar1-p0:E1', 'STANDARD', 5, 1, 'free');
INSERT INTO parking_spots (id, parking_lot_id, spot_number, zone, spot_row, spot_col, status) VALUES ('73eb7aa3-7803-54d3-8a2c-610dac1e4c94', 'cd48f90c-637d-5f26-966a-73e1dd6baf98', 'f-ar1-p0:E2', 'STANDARD', 5, 2, 'free');
INSERT INTO parking_spots (id, parking_lot_id, spot_number, zone, spot_row, spot_col, status) VALUES ('e8409ead-0ca4-50d8-a621-3f3768480a98', 'cd48f90c-637d-5f26-966a-73e1dd6baf98', 'f-ar1-p0:E3', 'STANDARD', 5, 3, 'free');
INSERT INTO parking_spots (id, parking_lot_id, spot_number, zone, spot_row, spot_col, status) VALUES ('64d83ce8-0d76-5da9-968c-5d687c69926c', 'cd48f90c-637d-5f26-966a-73e1dd6baf98', 'f-ar1-p0:E4', 'STANDARD', 5, 4, 'free');
INSERT INTO parking_spots (id, parking_lot_id, spot_number, zone, spot_row, spot_col, status) VALUES ('a5bfcb4e-3ef9-5d6a-844b-ff8cc3874cf9', 'cd48f90c-637d-5f26-966a-73e1dd6baf98', 'f-ar1-p0:E5', 'STANDARD', 5, 5, 'free');
INSERT INTO parking_spots (id, parking_lot_id, spot_number, zone, spot_row, spot_col, status) VALUES ('8bfddf35-6c76-504a-80cc-1b388a6d326b', 'cd48f90c-637d-5f26-966a-73e1dd6baf98', 'f-ar1-p0:E6', 'STANDARD', 5, 6, 'free');
INSERT INTO parking_spots (id, parking_lot_id, spot_number, zone, spot_row, spot_col, status) VALUES ('63f1092c-ca52-5c52-91cc-53ab736a8429', 'cd48f90c-637d-5f26-966a-73e1dd6baf98', 'f-ar1-p0:E7', 'STANDARD', 5, 7, 'free');
INSERT INTO parking_spots (id, parking_lot_id, spot_number, zone, spot_row, spot_col, status) VALUES ('6d6bc492-5acc-54e2-98de-a265f86764df', 'cd48f90c-637d-5f26-966a-73e1dd6baf98', 'f-ar1-p0:E8', 'STANDARD', 5, 8, 'free');
INSERT INTO parking_spots (id, parking_lot_id, spot_number, zone, spot_row, spot_col, status) VALUES ('177d6229-1683-5240-b91e-71fe9806cfee', 'cd48f90c-637d-5f26-966a-73e1dd6baf98', 'f-ar1-p0:E9', 'STANDARD', 5, 9, 'free');
INSERT INTO parking_spots (id, parking_lot_id, spot_number, zone, spot_row, spot_col, status) VALUES ('0e65b14a-bdac-5352-b71b-088ca3d63453', 'cd48f90c-637d-5f26-966a-73e1dd6baf98', 'f-ar1-p0:E10', 'STANDARD', 5, 10, 'free');
INSERT INTO parking_spots (id, parking_lot_id, spot_number, zone, spot_row, spot_col, status) VALUES ('457703e6-4256-5183-8b56-b6cdc78b2f9c', 'cd48f90c-637d-5f26-966a-73e1dd6baf98', 'f-ar1-p0:F1', 'STANDARD', 6, 1, 'free');
INSERT INTO parking_spots (id, parking_lot_id, spot_number, zone, spot_row, spot_col, status) VALUES ('5929a370-222f-5493-88d3-2d97d5d64542', 'cd48f90c-637d-5f26-966a-73e1dd6baf98', 'f-ar1-p0:F2', 'STANDARD', 6, 2, 'free');
INSERT INTO parking_spots (id, parking_lot_id, spot_number, zone, spot_row, spot_col, status) VALUES ('062f4032-ee60-54de-adaa-e3d9206c7bb2', 'cd48f90c-637d-5f26-966a-73e1dd6baf98', 'f-ar1-p0:F3', 'STANDARD', 6, 3, 'free');
INSERT INTO parking_spots (id, parking_lot_id, spot_number, zone, spot_row, spot_col, status) VALUES ('ac35185d-5d0d-578e-a535-d32f837b340c', 'cd48f90c-637d-5f26-966a-73e1dd6baf98', 'f-ar1-p0:F4', 'STANDARD', 6, 4, 'free');
INSERT INTO parking_spots (id, parking_lot_id, spot_number, zone, spot_row, spot_col, status) VALUES ('41af06ab-21ec-5b9b-acd3-01127950d19a', 'cd48f90c-637d-5f26-966a-73e1dd6baf98', 'f-ar1-p0:F5', 'STANDARD', 6, 5, 'free');
INSERT INTO parking_spots (id, parking_lot_id, spot_number, zone, spot_row, spot_col, status) VALUES ('44a4e30d-63b2-5fb7-836c-77cd304be87e', 'cd48f90c-637d-5f26-966a-73e1dd6baf98', 'f-ar1-p0:F6', 'STANDARD', 6, 6, 'free');
INSERT INTO parking_spots (id, parking_lot_id, spot_number, zone, spot_row, spot_col, status) VALUES ('d0fa1f0f-435b-5fce-ac1d-603473179f31', 'cd48f90c-637d-5f26-966a-73e1dd6baf98', 'f-ar1-p0:F7', 'STANDARD', 6, 7, 'free');
INSERT INTO parking_spots (id, parking_lot_id, spot_number, zone, spot_row, spot_col, status) VALUES ('b4182033-8f89-5dc1-ae22-8eaf461d9915', 'cd48f90c-637d-5f26-966a-73e1dd6baf98', 'f-ar1-p0:F8', 'STANDARD', 6, 8, 'free');
INSERT INTO parking_spots (id, parking_lot_id, spot_number, zone, spot_row, spot_col, status) VALUES ('2dd4220c-fd3c-52b7-bc21-4d193a52025e', 'cd48f90c-637d-5f26-966a-73e1dd6baf98', 'f-ar1-p0:F9', 'EV', 6, 9, 'ev');
INSERT INTO parking_spots (id, parking_lot_id, spot_number, zone, spot_row, spot_col, status) VALUES ('e2f3caf7-5083-51c3-8b52-0e5536ca729d', 'cd48f90c-637d-5f26-966a-73e1dd6baf98', 'f-ar1-p0:F10', 'STANDARD', 6, 10, 'free');
INSERT INTO parking_spots (id, parking_lot_id, spot_number, zone, spot_row, spot_col, status) VALUES ('a851a307-6da6-5d00-989f-59a292bb5678', 'cd48f90c-637d-5f26-966a-73e1dd6baf98', 'f-ar1-p1:A1', 'STANDARD', 1, 1, 'free');
INSERT INTO parking_spots (id, parking_lot_id, spot_number, zone, spot_row, spot_col, status) VALUES ('ddd58cad-8533-56ba-bcd7-e18db2e164fd', 'cd48f90c-637d-5f26-966a-73e1dd6baf98', 'f-ar1-p1:A2', 'STANDARD', 1, 2, 'free');
INSERT INTO parking_spots (id, parking_lot_id, spot_number, zone, spot_row, spot_col, status) VALUES ('e0a3ccea-6c5a-5aab-8ef6-1ff066dc404e', 'cd48f90c-637d-5f26-966a-73e1dd6baf98', 'f-ar1-p1:A3', 'STANDARD', 1, 3, 'occupied');
INSERT INTO parking_spots (id, parking_lot_id, spot_number, zone, spot_row, spot_col, status) VALUES ('3c2f809c-7d23-56a6-8864-22a08a71420e', 'cd48f90c-637d-5f26-966a-73e1dd6baf98', 'f-ar1-p1:A4', 'STANDARD', 1, 4, 'free');
INSERT INTO parking_spots (id, parking_lot_id, spot_number, zone, spot_row, spot_col, status) VALUES ('922077f5-2fb3-5594-ab8b-1c5cb761501b', 'cd48f90c-637d-5f26-966a-73e1dd6baf98', 'f-ar1-p1:A5', 'STANDARD', 1, 5, 'free');
INSERT INTO parking_spots (id, parking_lot_id, spot_number, zone, spot_row, spot_col, status) VALUES ('7c0d2d24-598d-5b79-b186-9d21b1c420ff', 'cd48f90c-637d-5f26-966a-73e1dd6baf98', 'f-ar1-p1:A6', 'STANDARD', 1, 6, 'occupied');
INSERT INTO parking_spots (id, parking_lot_id, spot_number, zone, spot_row, spot_col, status) VALUES ('c538e98e-5141-52a0-bc27-5660106baf93', 'cd48f90c-637d-5f26-966a-73e1dd6baf98', 'f-ar1-p1:A7', 'STANDARD', 1, 7, 'free');
INSERT INTO parking_spots (id, parking_lot_id, spot_number, zone, spot_row, spot_col, status) VALUES ('ab81729c-0f4f-5b04-9c45-aeb67c10bf0c', 'cd48f90c-637d-5f26-966a-73e1dd6baf98', 'f-ar1-p1:A8', 'STANDARD', 1, 8, 'free');
INSERT INTO parking_spots (id, parking_lot_id, spot_number, zone, spot_row, spot_col, status) VALUES ('bc35caf8-cc0f-51e2-8e44-825ebf36ff39', 'cd48f90c-637d-5f26-966a-73e1dd6baf98', 'f-ar1-p1:A9', 'STANDARD', 1, 9, 'free');
INSERT INTO parking_spots (id, parking_lot_id, spot_number, zone, spot_row, spot_col, status) VALUES ('79829376-6ebd-5eb8-8bc4-9fceaa7af6af', 'cd48f90c-637d-5f26-966a-73e1dd6baf98', 'f-ar1-p1:A10', 'STANDARD', 1, 10, 'free');
INSERT INTO parking_spots (id, parking_lot_id, spot_number, zone, spot_row, spot_col, status) VALUES ('34c34d00-a7af-5b75-b09b-28f33882e4cf', 'cd48f90c-637d-5f26-966a-73e1dd6baf98', 'f-ar1-p1:B1', 'STANDARD', 2, 1, 'free');
INSERT INTO parking_spots (id, parking_lot_id, spot_number, zone, spot_row, spot_col, status) VALUES ('ce5453ba-a681-509f-a4fc-7c848abfe88a', 'cd48f90c-637d-5f26-966a-73e1dd6baf98', 'f-ar1-p1:B2', 'STANDARD', 2, 2, 'free');
INSERT INTO parking_spots (id, parking_lot_id, spot_number, zone, spot_row, spot_col, status) VALUES ('de2b3d7b-a749-55cf-9da5-fa5281d27fca', 'cd48f90c-637d-5f26-966a-73e1dd6baf98', 'f-ar1-p1:B3', 'STANDARD', 2, 3, 'free');
INSERT INTO parking_spots (id, parking_lot_id, spot_number, zone, spot_row, spot_col, status) VALUES ('b77a337e-cfd7-5ee6-b7a7-2e40b19f32c6', 'cd48f90c-637d-5f26-966a-73e1dd6baf98', 'f-ar1-p1:B4', 'STANDARD', 2, 4, 'free');
INSERT INTO parking_spots (id, parking_lot_id, spot_number, zone, spot_row, spot_col, status) VALUES ('34888f68-1c60-55b9-a5d4-225545c342f5', 'cd48f90c-637d-5f26-966a-73e1dd6baf98', 'f-ar1-p1:B5', 'STANDARD', 2, 5, 'free');
INSERT INTO parking_spots (id, parking_lot_id, spot_number, zone, spot_row, spot_col, status) VALUES ('2de0d406-ab86-52e0-93a5-ddcf2adedba1', 'cd48f90c-637d-5f26-966a-73e1dd6baf98', 'f-ar1-p1:B6', 'STANDARD', 2, 6, 'free');
INSERT INTO parking_spots (id, parking_lot_id, spot_number, zone, spot_row, spot_col, status) VALUES ('f93195c5-1370-5f11-b651-d51e53b61b68', 'cd48f90c-637d-5f26-966a-73e1dd6baf98', 'f-ar1-p1:B7', 'STANDARD', 2, 7, 'free');
INSERT INTO parking_spots (id, parking_lot_id, spot_number, zone, spot_row, spot_col, status) VALUES ('33f8ed29-6946-54b4-ab28-fe4595f8295b', 'cd48f90c-637d-5f26-966a-73e1dd6baf98', 'f-ar1-p1:B8', 'STANDARD', 2, 8, 'free');
INSERT INTO parking_spots (id, parking_lot_id, spot_number, zone, spot_row, spot_col, status) VALUES ('2012d795-4759-55a2-a700-79fa8c983406', 'cd48f90c-637d-5f26-966a-73e1dd6baf98', 'f-ar1-p1:B9', 'STANDARD', 2, 9, 'free');
INSERT INTO parking_spots (id, parking_lot_id, spot_number, zone, spot_row, spot_col, status) VALUES ('aab09572-c674-5743-966a-1120bbd7339f', 'cd48f90c-637d-5f26-966a-73e1dd6baf98', 'f-ar1-p1:B10', 'STANDARD', 2, 10, 'free');
INSERT INTO parking_spots (id, parking_lot_id, spot_number, zone, spot_row, spot_col, status) VALUES ('3d547495-634e-5ee2-a565-ed61ac14e43e', 'cd48f90c-637d-5f26-966a-73e1dd6baf98', 'f-ar1-p1:C1', 'STANDARD', 3, 1, 'free');
INSERT INTO parking_spots (id, parking_lot_id, spot_number, zone, spot_row, spot_col, status) VALUES ('2329b05f-3aa9-5370-98e0-9d13fe9da544', 'cd48f90c-637d-5f26-966a-73e1dd6baf98', 'f-ar1-p1:C2', 'STANDARD', 3, 2, 'free');
INSERT INTO parking_spots (id, parking_lot_id, spot_number, zone, spot_row, spot_col, status) VALUES ('54454aae-8e45-5362-bc6a-be8955154d5b', 'cd48f90c-637d-5f26-966a-73e1dd6baf98', 'f-ar1-p1:C3', 'STANDARD', 3, 3, 'free');
INSERT INTO parking_spots (id, parking_lot_id, spot_number, zone, spot_row, spot_col, status) VALUES ('4cd81cf1-5460-5822-8bbe-942116cb716a', 'cd48f90c-637d-5f26-966a-73e1dd6baf98', 'f-ar1-p1:C4', 'STANDARD', 3, 4, 'free');
INSERT INTO parking_spots (id, parking_lot_id, spot_number, zone, spot_row, spot_col, status) VALUES ('59a8eab4-a4ad-56ca-9361-8666e41387d2', 'cd48f90c-637d-5f26-966a-73e1dd6baf98', 'f-ar1-p1:C5', 'STANDARD', 3, 5, 'free');
INSERT INTO parking_spots (id, parking_lot_id, spot_number, zone, spot_row, spot_col, status) VALUES ('03d154bb-aa42-51bc-a205-5dc806ae5266', 'cd48f90c-637d-5f26-966a-73e1dd6baf98', 'f-ar1-p1:C6', 'STANDARD', 3, 6, 'free');
INSERT INTO parking_spots (id, parking_lot_id, spot_number, zone, spot_row, spot_col, status) VALUES ('b7424386-cbe2-52eb-8bf4-dc25ad15155f', 'cd48f90c-637d-5f26-966a-73e1dd6baf98', 'f-ar1-p1:C7', 'STANDARD', 3, 7, 'free');
INSERT INTO parking_spots (id, parking_lot_id, spot_number, zone, spot_row, spot_col, status) VALUES ('5d9ea580-2ffd-546d-bb7f-d1aafe5c1a4b', 'cd48f90c-637d-5f26-966a-73e1dd6baf98', 'f-ar1-p1:C8', 'STANDARD', 3, 8, 'free');
INSERT INTO parking_spots (id, parking_lot_id, spot_number, zone, spot_row, spot_col, status) VALUES ('e542c299-8f96-5e87-b71a-d9311f7cf51c', 'cd48f90c-637d-5f26-966a-73e1dd6baf98', 'f-ar1-p1:C9', 'STANDARD', 3, 9, 'free');
INSERT INTO parking_spots (id, parking_lot_id, spot_number, zone, spot_row, spot_col, status) VALUES ('8b629ac8-2254-5585-8e0f-8262c5882804', 'cd48f90c-637d-5f26-966a-73e1dd6baf98', 'f-ar1-p1:C10', 'STANDARD', 3, 10, 'free');
INSERT INTO parking_spots (id, parking_lot_id, spot_number, zone, spot_row, spot_col, status) VALUES ('13aa37f9-8c20-57b5-88c0-1e23a2a91d26', 'cd48f90c-637d-5f26-966a-73e1dd6baf98', 'f-ar1-p1:D1', 'STANDARD', 4, 1, 'free');
INSERT INTO parking_spots (id, parking_lot_id, spot_number, zone, spot_row, spot_col, status) VALUES ('58d510ca-a2e4-50d9-b4b7-f68d24151f8b', 'cd48f90c-637d-5f26-966a-73e1dd6baf98', 'f-ar1-p1:D2', 'STANDARD', 4, 2, 'free');
INSERT INTO parking_spots (id, parking_lot_id, spot_number, zone, spot_row, spot_col, status) VALUES ('0123fbda-6ba8-5427-831a-10e80ad3c51b', 'cd48f90c-637d-5f26-966a-73e1dd6baf98', 'f-ar1-p1:D3', 'STANDARD', 4, 3, 'free');
INSERT INTO parking_spots (id, parking_lot_id, spot_number, zone, spot_row, spot_col, status) VALUES ('5d8afd07-d111-5c3c-82c5-fdb9213b292b', 'cd48f90c-637d-5f26-966a-73e1dd6baf98', 'f-ar1-p1:D4', 'STANDARD', 4, 4, 'free');
INSERT INTO parking_spots (id, parking_lot_id, spot_number, zone, spot_row, spot_col, status) VALUES ('4b84cb37-475f-5781-bbab-96ba67f0a840', 'cd48f90c-637d-5f26-966a-73e1dd6baf98', 'f-ar1-p1:D5', 'STANDARD', 4, 5, 'free');
INSERT INTO parking_spots (id, parking_lot_id, spot_number, zone, spot_row, spot_col, status) VALUES ('572f8965-41b1-5c22-b603-c5ef871e41bd', 'cd48f90c-637d-5f26-966a-73e1dd6baf98', 'f-ar1-p1:D6', 'STANDARD', 4, 6, 'free');
INSERT INTO parking_spots (id, parking_lot_id, spot_number, zone, spot_row, spot_col, status) VALUES ('0f02d84e-2de5-51ea-8572-626639ccfa2a', 'cd48f90c-637d-5f26-966a-73e1dd6baf98', 'f-ar1-p1:D7', 'STANDARD', 4, 7, 'free');
INSERT INTO parking_spots (id, parking_lot_id, spot_number, zone, spot_row, spot_col, status) VALUES ('eb80fbee-0798-5b0d-b03f-d27db2c5483a', 'cd48f90c-637d-5f26-966a-73e1dd6baf98', 'f-ar1-p1:D8', 'STANDARD', 4, 8, 'free');
INSERT INTO parking_spots (id, parking_lot_id, spot_number, zone, spot_row, spot_col, status) VALUES ('9ca0eb22-6706-5c5d-86b8-663da24997d3', 'cd48f90c-637d-5f26-966a-73e1dd6baf98', 'f-ar1-p1:D9', 'STANDARD', 4, 9, 'free');
INSERT INTO parking_spots (id, parking_lot_id, spot_number, zone, spot_row, spot_col, status) VALUES ('62e2e8cf-5142-5d10-bfb9-cc0136021450', 'cd48f90c-637d-5f26-966a-73e1dd6baf98', 'f-ar1-p1:D10', 'STANDARD', 4, 10, 'free');
INSERT INTO parking_spots (id, parking_lot_id, spot_number, zone, spot_row, spot_col, status) VALUES ('410eff32-fd48-5455-96fb-9305ead8c683', 'cd48f90c-637d-5f26-966a-73e1dd6baf98', 'f-ar1-p1:E1', 'STANDARD', 5, 1, 'free');
INSERT INTO parking_spots (id, parking_lot_id, spot_number, zone, spot_row, spot_col, status) VALUES ('695d6e14-ec10-5e61-b591-32bb6b933aaf', 'cd48f90c-637d-5f26-966a-73e1dd6baf98', 'f-ar1-p1:E2', 'STANDARD', 5, 2, 'free');
INSERT INTO parking_spots (id, parking_lot_id, spot_number, zone, spot_row, spot_col, status) VALUES ('61e197c6-3664-5748-8d14-9ffe09e5ba85', 'cd48f90c-637d-5f26-966a-73e1dd6baf98', 'f-ar1-p1:E3', 'STANDARD', 5, 3, 'free');
INSERT INTO parking_spots (id, parking_lot_id, spot_number, zone, spot_row, spot_col, status) VALUES ('72c5e5f9-3cd3-53cb-8536-eec344962389', 'cd48f90c-637d-5f26-966a-73e1dd6baf98', 'f-ar1-p1:E4', 'STANDARD', 5, 4, 'free');
INSERT INTO parking_spots (id, parking_lot_id, spot_number, zone, spot_row, spot_col, status) VALUES ('6e9db58d-4327-50fe-a3e6-04452e1081d6', 'cd48f90c-637d-5f26-966a-73e1dd6baf98', 'f-ar1-p1:E5', 'STANDARD', 5, 5, 'free');
INSERT INTO parking_spots (id, parking_lot_id, spot_number, zone, spot_row, spot_col, status) VALUES ('9b982ce5-bd9a-5d00-bce4-9e25c80fe3ec', 'cd48f90c-637d-5f26-966a-73e1dd6baf98', 'f-ar1-p1:E6', 'STANDARD', 5, 6, 'free');
INSERT INTO parking_spots (id, parking_lot_id, spot_number, zone, spot_row, spot_col, status) VALUES ('f1808d8b-d40b-51e1-ab44-01df89976fa6', 'cd48f90c-637d-5f26-966a-73e1dd6baf98', 'f-ar1-p1:E7', 'STANDARD', 5, 7, 'free');
INSERT INTO parking_spots (id, parking_lot_id, spot_number, zone, spot_row, spot_col, status) VALUES ('b0fd51f7-5695-5a4a-8d16-0bb3abb3f730', 'cd48f90c-637d-5f26-966a-73e1dd6baf98', 'f-ar1-p1:E8', 'STANDARD', 5, 8, 'free');
INSERT INTO parking_spots (id, parking_lot_id, spot_number, zone, spot_row, spot_col, status) VALUES ('80ee9c24-5f86-5ede-952b-0010e3ecda63', 'cd48f90c-637d-5f26-966a-73e1dd6baf98', 'f-ar1-p1:E9', 'STANDARD', 5, 9, 'free');
INSERT INTO parking_spots (id, parking_lot_id, spot_number, zone, spot_row, spot_col, status) VALUES ('b489797d-9cf2-5d08-b542-b17d841da10a', 'cd48f90c-637d-5f26-966a-73e1dd6baf98', 'f-ar1-p1:E10', 'STANDARD', 5, 10, 'free');
INSERT INTO parking_spots (id, parking_lot_id, spot_number, zone, spot_row, spot_col, status) VALUES ('950d9ac1-5fd6-5f32-b700-f271b543abe3', 'cd48f90c-637d-5f26-966a-73e1dd6baf98', 'f-ar1-p1:F1', 'STANDARD', 6, 1, 'free');
INSERT INTO parking_spots (id, parking_lot_id, spot_number, zone, spot_row, spot_col, status) VALUES ('aa1c84aa-733d-5bb5-8679-a0a9d24c82ec', 'cd48f90c-637d-5f26-966a-73e1dd6baf98', 'f-ar1-p1:F2', 'STANDARD', 6, 2, 'free');
INSERT INTO parking_spots (id, parking_lot_id, spot_number, zone, spot_row, spot_col, status) VALUES ('66752b92-3cda-57da-87db-e674b76a4acc', 'cd48f90c-637d-5f26-966a-73e1dd6baf98', 'f-ar1-p1:F3', 'STANDARD', 6, 3, 'free');
INSERT INTO parking_spots (id, parking_lot_id, spot_number, zone, spot_row, spot_col, status) VALUES ('bdb06ca6-7955-5637-8463-db2afc603ee4', 'cd48f90c-637d-5f26-966a-73e1dd6baf98', 'f-ar1-p1:F4', 'STANDARD', 6, 4, 'free');
INSERT INTO parking_spots (id, parking_lot_id, spot_number, zone, spot_row, spot_col, status) VALUES ('fed19bbb-258e-579e-b2f3-18df60a84330', 'cd48f90c-637d-5f26-966a-73e1dd6baf98', 'f-ar1-p1:F5', 'STANDARD', 6, 5, 'free');
INSERT INTO parking_spots (id, parking_lot_id, spot_number, zone, spot_row, spot_col, status) VALUES ('57f56df7-9192-522f-9004-df52f925ae5b', 'cd48f90c-637d-5f26-966a-73e1dd6baf98', 'f-ar1-p1:F6', 'STANDARD', 6, 6, 'free');
INSERT INTO parking_spots (id, parking_lot_id, spot_number, zone, spot_row, spot_col, status) VALUES ('e5b9d7ec-11fc-599e-bda7-dbacfa48a5ec', 'cd48f90c-637d-5f26-966a-73e1dd6baf98', 'f-ar1-p1:F7', 'STANDARD', 6, 7, 'free');
INSERT INTO parking_spots (id, parking_lot_id, spot_number, zone, spot_row, spot_col, status) VALUES ('a32d070e-92e5-5fc6-ab5b-23658a0572fc', 'cd48f90c-637d-5f26-966a-73e1dd6baf98', 'f-ar1-p1:F8', 'STANDARD', 6, 8, 'free');
INSERT INTO parking_spots (id, parking_lot_id, spot_number, zone, spot_row, spot_col, status) VALUES ('d0aca702-3ccb-5aaa-a7d3-5fe7c501da7b', 'cd48f90c-637d-5f26-966a-73e1dd6baf98', 'f-ar1-p1:F9', 'STANDARD', 6, 9, 'free');
INSERT INTO parking_spots (id, parking_lot_id, spot_number, zone, spot_row, spot_col, status) VALUES ('4e8f284f-b2c2-543e-b146-a5d80560941b', 'cd48f90c-637d-5f26-966a-73e1dd6baf98', 'f-ar1-p1:F10', 'STANDARD', 6, 10, 'free');

INSERT INTO parking_lots (id, name, city, address, latitude, longitude, opening_hours, total_spaces)
VALUES ('617dd647-6d08-52b2-95d3-9b4a4e002b6e', 'Montalto', 'Arganil', 'R. do Montalto, Arganil', 40.216063, -8.031704, 'Aberto 24h', 100)
ON CONFLICT (id) DO UPDATE SET
  name = EXCLUDED.name,
  city = EXCLUDED.city,
  address = EXCLUDED.address,
  latitude = EXCLUDED.latitude,
  longitude = EXCLUDED.longitude,
  opening_hours = EXCLUDED.opening_hours,
  total_spaces = EXCLUDED.total_spaces;
DELETE FROM parking_lot_amenities WHERE parking_lot_id = '617dd647-6d08-52b2-95d3-9b4a4e002b6e';
INSERT INTO tariffs (id, parking_lot_id, name, description, price_per_hour, max_daily, monthly, price_per_kwh, status)
VALUES ('0cf88fd0-de53-537f-8f0b-ae2a98caa169', '617dd647-6d08-52b2-95d3-9b4a4e002b6e', 'Standard', 'Tarifa normal de estacionamento', 0.30, 2.50, 20.00, NULL, 'ACTIVE')
ON CONFLICT (id) DO UPDATE SET
  price_per_hour = EXCLUDED.price_per_hour,
  max_daily = EXCLUDED.max_daily,
  monthly = EXCLUDED.monthly,
  status = EXCLUDED.status;
DELETE FROM accessible_spots WHERE parking_lot_id = '617dd647-6d08-52b2-95d3-9b4a4e002b6e';
DELETE FROM parking_spots WHERE parking_lot_id = '617dd647-6d08-52b2-95d3-9b4a4e002b6e';
INSERT INTO parking_spots (id, parking_lot_id, spot_number, zone, spot_row, spot_col, status) VALUES ('730ede93-d0be-5e59-860d-6c21a107c7d4', '617dd647-6d08-52b2-95d3-9b4a4e002b6e', 'f-ar2-p0:A1', 'ACCESSIBLE', 1, 1, 'accessible');
INSERT INTO parking_spots (id, parking_lot_id, spot_number, zone, spot_row, spot_col, status) VALUES ('ec8b44dd-65ae-54fd-9fd9-2227db8a0088', '617dd647-6d08-52b2-95d3-9b4a4e002b6e', 'f-ar2-p0:A2', 'STANDARD', 1, 2, 'occupied');
INSERT INTO parking_spots (id, parking_lot_id, spot_number, zone, spot_row, spot_col, status) VALUES ('4a6407ae-3fe4-522e-99af-48adb981d64a', '617dd647-6d08-52b2-95d3-9b4a4e002b6e', 'f-ar2-p0:A3', 'STANDARD', 1, 3, 'occupied');
INSERT INTO parking_spots (id, parking_lot_id, spot_number, zone, spot_row, spot_col, status) VALUES ('0a1412c8-7525-50a7-a127-386e68f8f244', '617dd647-6d08-52b2-95d3-9b4a4e002b6e', 'f-ar2-p0:A4', 'STANDARD', 1, 4, 'occupied');
INSERT INTO parking_spots (id, parking_lot_id, spot_number, zone, spot_row, spot_col, status) VALUES ('1aa97fb6-ff22-5ff8-8945-3f1745855178', '617dd647-6d08-52b2-95d3-9b4a4e002b6e', 'f-ar2-p0:A5', 'STANDARD', 1, 5, 'free');
INSERT INTO parking_spots (id, parking_lot_id, spot_number, zone, spot_row, spot_col, status) VALUES ('70e79b64-31d4-500e-a355-7893a747b055', '617dd647-6d08-52b2-95d3-9b4a4e002b6e', 'f-ar2-p0:A6', 'STANDARD', 1, 6, 'free');
INSERT INTO parking_spots (id, parking_lot_id, spot_number, zone, spot_row, spot_col, status) VALUES ('6343705b-4041-54f5-af52-5b9af8a94ff5', '617dd647-6d08-52b2-95d3-9b4a4e002b6e', 'f-ar2-p0:A7', 'STANDARD', 1, 7, 'free');
INSERT INTO parking_spots (id, parking_lot_id, spot_number, zone, spot_row, spot_col, status) VALUES ('8529cdf2-231c-5a81-a119-b51c77ae834c', '617dd647-6d08-52b2-95d3-9b4a4e002b6e', 'f-ar2-p0:A8', 'STANDARD', 1, 8, 'free');
INSERT INTO parking_spots (id, parking_lot_id, spot_number, zone, spot_row, spot_col, status) VALUES ('446b63be-d27e-5c99-be11-92583fa0e4e2', '617dd647-6d08-52b2-95d3-9b4a4e002b6e', 'f-ar2-p0:A9', 'STANDARD', 1, 9, 'free');
INSERT INTO parking_spots (id, parking_lot_id, spot_number, zone, spot_row, spot_col, status) VALUES ('7ab48bff-ae41-53c6-9043-9f529336a211', '617dd647-6d08-52b2-95d3-9b4a4e002b6e', 'f-ar2-p0:A10', 'STANDARD', 1, 10, 'free');
INSERT INTO parking_spots (id, parking_lot_id, spot_number, zone, spot_row, spot_col, status) VALUES ('eb701315-fb92-59f1-84ea-0845bbc4b9f6', '617dd647-6d08-52b2-95d3-9b4a4e002b6e', 'f-ar2-p0:B1', 'STANDARD', 2, 1, 'free');
INSERT INTO parking_spots (id, parking_lot_id, spot_number, zone, spot_row, spot_col, status) VALUES ('515e4e27-6607-5b6b-a7d0-7aa9de065746', '617dd647-6d08-52b2-95d3-9b4a4e002b6e', 'f-ar2-p0:B2', 'STANDARD', 2, 2, 'free');
INSERT INTO parking_spots (id, parking_lot_id, spot_number, zone, spot_row, spot_col, status) VALUES ('2895c04e-6791-5e46-8f32-bffc7a9a1a19', '617dd647-6d08-52b2-95d3-9b4a4e002b6e', 'f-ar2-p0:B3', 'STANDARD', 2, 3, 'free');
INSERT INTO parking_spots (id, parking_lot_id, spot_number, zone, spot_row, spot_col, status) VALUES ('1f91d39b-51c1-50b4-a116-f7404caef11e', '617dd647-6d08-52b2-95d3-9b4a4e002b6e', 'f-ar2-p0:B4', 'STANDARD', 2, 4, 'free');
INSERT INTO parking_spots (id, parking_lot_id, spot_number, zone, spot_row, spot_col, status) VALUES ('6f606116-9854-5444-8629-e83ba112fb37', '617dd647-6d08-52b2-95d3-9b4a4e002b6e', 'f-ar2-p0:B5', 'STANDARD', 2, 5, 'free');
INSERT INTO parking_spots (id, parking_lot_id, spot_number, zone, spot_row, spot_col, status) VALUES ('bcb3fc7d-f2d8-5fbb-b1cb-1bfb35e45cd0', '617dd647-6d08-52b2-95d3-9b4a4e002b6e', 'f-ar2-p0:B6', 'STANDARD', 2, 6, 'free');
INSERT INTO parking_spots (id, parking_lot_id, spot_number, zone, spot_row, spot_col, status) VALUES ('45394365-0fce-5aa3-8063-bbee517dc8a3', '617dd647-6d08-52b2-95d3-9b4a4e002b6e', 'f-ar2-p0:B7', 'STANDARD', 2, 7, 'free');
INSERT INTO parking_spots (id, parking_lot_id, spot_number, zone, spot_row, spot_col, status) VALUES ('31b6f40c-8cb8-59e1-86ec-35e0c95b547b', '617dd647-6d08-52b2-95d3-9b4a4e002b6e', 'f-ar2-p0:B8', 'STANDARD', 2, 8, 'free');
INSERT INTO parking_spots (id, parking_lot_id, spot_number, zone, spot_row, spot_col, status) VALUES ('29623a58-a41f-5494-add0-6df0e87bc9c1', '617dd647-6d08-52b2-95d3-9b4a4e002b6e', 'f-ar2-p0:B9', 'STANDARD', 2, 9, 'free');
INSERT INTO parking_spots (id, parking_lot_id, spot_number, zone, spot_row, spot_col, status) VALUES ('d23a1e0d-d28d-5adb-a69a-06ccdbec2059', '617dd647-6d08-52b2-95d3-9b4a4e002b6e', 'f-ar2-p0:B10', 'STANDARD', 2, 10, 'free');
INSERT INTO parking_spots (id, parking_lot_id, spot_number, zone, spot_row, spot_col, status) VALUES ('06e0f598-19b0-53f1-91d5-b6997d47f229', '617dd647-6d08-52b2-95d3-9b4a4e002b6e', 'f-ar2-p0:C1', 'STANDARD', 3, 1, 'free');
INSERT INTO parking_spots (id, parking_lot_id, spot_number, zone, spot_row, spot_col, status) VALUES ('f841a7a7-f215-5604-832e-eb763dc9a7f8', '617dd647-6d08-52b2-95d3-9b4a4e002b6e', 'f-ar2-p0:C2', 'STANDARD', 3, 2, 'free');
INSERT INTO parking_spots (id, parking_lot_id, spot_number, zone, spot_row, spot_col, status) VALUES ('e0a20960-6592-5043-9f68-056265a8103a', '617dd647-6d08-52b2-95d3-9b4a4e002b6e', 'f-ar2-p0:C3', 'STANDARD', 3, 3, 'free');
INSERT INTO parking_spots (id, parking_lot_id, spot_number, zone, spot_row, spot_col, status) VALUES ('c5e82bbf-59e4-50bd-8f84-0e9ce5887bb1', '617dd647-6d08-52b2-95d3-9b4a4e002b6e', 'f-ar2-p0:C4', 'STANDARD', 3, 4, 'free');
INSERT INTO parking_spots (id, parking_lot_id, spot_number, zone, spot_row, spot_col, status) VALUES ('9bd0c019-5908-54b8-b755-87263561412b', '617dd647-6d08-52b2-95d3-9b4a4e002b6e', 'f-ar2-p0:C5', 'STANDARD', 3, 5, 'free');
INSERT INTO parking_spots (id, parking_lot_id, spot_number, zone, spot_row, spot_col, status) VALUES ('e4013e52-2b6d-54c1-bf39-fd7cb6f6becd', '617dd647-6d08-52b2-95d3-9b4a4e002b6e', 'f-ar2-p0:C6', 'STANDARD', 3, 6, 'free');
INSERT INTO parking_spots (id, parking_lot_id, spot_number, zone, spot_row, spot_col, status) VALUES ('3d3074d7-d6d6-5d8d-8d3f-8640a33a99fb', '617dd647-6d08-52b2-95d3-9b4a4e002b6e', 'f-ar2-p0:C7', 'STANDARD', 3, 7, 'free');
INSERT INTO parking_spots (id, parking_lot_id, spot_number, zone, spot_row, spot_col, status) VALUES ('d2cc2c82-c7cf-5a5e-a405-5ff2b11eb40b', '617dd647-6d08-52b2-95d3-9b4a4e002b6e', 'f-ar2-p0:C8', 'STANDARD', 3, 8, 'free');
INSERT INTO parking_spots (id, parking_lot_id, spot_number, zone, spot_row, spot_col, status) VALUES ('6e167d25-e08f-56bb-989a-3b3b7e8829a7', '617dd647-6d08-52b2-95d3-9b4a4e002b6e', 'f-ar2-p0:C9', 'STANDARD', 3, 9, 'free');
INSERT INTO parking_spots (id, parking_lot_id, spot_number, zone, spot_row, spot_col, status) VALUES ('a426c9c8-e1e8-5617-af35-69e5e6a52930', '617dd647-6d08-52b2-95d3-9b4a4e002b6e', 'f-ar2-p0:C10', 'STANDARD', 3, 10, 'free');
INSERT INTO parking_spots (id, parking_lot_id, spot_number, zone, spot_row, spot_col, status) VALUES ('21332b3b-5dcc-5f18-b2ba-292607d68d8a', '617dd647-6d08-52b2-95d3-9b4a4e002b6e', 'f-ar2-p0:D1', 'STANDARD', 4, 1, 'free');
INSERT INTO parking_spots (id, parking_lot_id, spot_number, zone, spot_row, spot_col, status) VALUES ('ec302b6b-579b-5205-a500-f224271c3e5b', '617dd647-6d08-52b2-95d3-9b4a4e002b6e', 'f-ar2-p0:D2', 'STANDARD', 4, 2, 'free');
INSERT INTO parking_spots (id, parking_lot_id, spot_number, zone, spot_row, spot_col, status) VALUES ('419a0b01-8b70-596a-921f-afd2e7bcf78f', '617dd647-6d08-52b2-95d3-9b4a4e002b6e', 'f-ar2-p0:D3', 'STANDARD', 4, 3, 'free');
INSERT INTO parking_spots (id, parking_lot_id, spot_number, zone, spot_row, spot_col, status) VALUES ('23721aad-96b2-5b35-badb-4cb331e658ed', '617dd647-6d08-52b2-95d3-9b4a4e002b6e', 'f-ar2-p0:D4', 'STANDARD', 4, 4, 'free');
INSERT INTO parking_spots (id, parking_lot_id, spot_number, zone, spot_row, spot_col, status) VALUES ('0c000122-e141-5b5d-9bdb-2192c711a309', '617dd647-6d08-52b2-95d3-9b4a4e002b6e', 'f-ar2-p0:D5', 'STANDARD', 4, 5, 'free');
INSERT INTO parking_spots (id, parking_lot_id, spot_number, zone, spot_row, spot_col, status) VALUES ('f47e4d73-aca1-5084-99f4-7a80ff1ea91c', '617dd647-6d08-52b2-95d3-9b4a4e002b6e', 'f-ar2-p0:D6', 'STANDARD', 4, 6, 'free');
INSERT INTO parking_spots (id, parking_lot_id, spot_number, zone, spot_row, spot_col, status) VALUES ('3f120a6e-c3d5-5251-8b2b-2bba3190c49c', '617dd647-6d08-52b2-95d3-9b4a4e002b6e', 'f-ar2-p0:D7', 'STANDARD', 4, 7, 'free');
INSERT INTO parking_spots (id, parking_lot_id, spot_number, zone, spot_row, spot_col, status) VALUES ('8660ff50-799f-5b03-9814-f51639fce1b8', '617dd647-6d08-52b2-95d3-9b4a4e002b6e', 'f-ar2-p0:D8', 'STANDARD', 4, 8, 'free');
INSERT INTO parking_spots (id, parking_lot_id, spot_number, zone, spot_row, spot_col, status) VALUES ('075fe340-549d-5a79-b2c6-71699ae0a0af', '617dd647-6d08-52b2-95d3-9b4a4e002b6e', 'f-ar2-p0:D9', 'STANDARD', 4, 9, 'free');
INSERT INTO parking_spots (id, parking_lot_id, spot_number, zone, spot_row, spot_col, status) VALUES ('ff5b8e67-69fc-59b4-baed-b50fea276b1a', '617dd647-6d08-52b2-95d3-9b4a4e002b6e', 'f-ar2-p0:D10', 'STANDARD', 4, 10, 'free');
INSERT INTO parking_spots (id, parking_lot_id, spot_number, zone, spot_row, spot_col, status) VALUES ('4e082afa-f3ba-5331-a9d3-fcafac8f023b', '617dd647-6d08-52b2-95d3-9b4a4e002b6e', 'f-ar2-p0:E1', 'STANDARD', 5, 1, 'free');
INSERT INTO parking_spots (id, parking_lot_id, spot_number, zone, spot_row, spot_col, status) VALUES ('4da5c245-e332-57fe-978b-adef030c7999', '617dd647-6d08-52b2-95d3-9b4a4e002b6e', 'f-ar2-p0:E2', 'STANDARD', 5, 2, 'free');
INSERT INTO parking_spots (id, parking_lot_id, spot_number, zone, spot_row, spot_col, status) VALUES ('a2a86e8c-6574-5ef2-873a-7397c48cd746', '617dd647-6d08-52b2-95d3-9b4a4e002b6e', 'f-ar2-p0:E3', 'STANDARD', 5, 3, 'free');
INSERT INTO parking_spots (id, parking_lot_id, spot_number, zone, spot_row, spot_col, status) VALUES ('ef614b66-5fe1-5a1e-bcf3-e61557785150', '617dd647-6d08-52b2-95d3-9b4a4e002b6e', 'f-ar2-p0:E4', 'STANDARD', 5, 4, 'free');
INSERT INTO parking_spots (id, parking_lot_id, spot_number, zone, spot_row, spot_col, status) VALUES ('1eb20866-687b-5740-839b-d1153ca65714', '617dd647-6d08-52b2-95d3-9b4a4e002b6e', 'f-ar2-p0:E5', 'STANDARD', 5, 5, 'free');
INSERT INTO parking_spots (id, parking_lot_id, spot_number, zone, spot_row, spot_col, status) VALUES ('ef08fd6d-b5aa-596b-878a-7a7f592f8ec1', '617dd647-6d08-52b2-95d3-9b4a4e002b6e', 'f-ar2-p0:E6', 'STANDARD', 5, 6, 'free');
INSERT INTO parking_spots (id, parking_lot_id, spot_number, zone, spot_row, spot_col, status) VALUES ('d597741f-f2fd-5af6-9082-3ff1d6be0db1', '617dd647-6d08-52b2-95d3-9b4a4e002b6e', 'f-ar2-p0:E7', 'STANDARD', 5, 7, 'free');
INSERT INTO parking_spots (id, parking_lot_id, spot_number, zone, spot_row, spot_col, status) VALUES ('531a25fc-3b45-5d5b-b6f6-ae3524b7b1ff', '617dd647-6d08-52b2-95d3-9b4a4e002b6e', 'f-ar2-p0:E8', 'STANDARD', 5, 8, 'free');
INSERT INTO parking_spots (id, parking_lot_id, spot_number, zone, spot_row, spot_col, status) VALUES ('6a0779b9-2d89-5c44-91ec-ad03e3ec68c2', '617dd647-6d08-52b2-95d3-9b4a4e002b6e', 'f-ar2-p0:E9', 'STANDARD', 5, 9, 'free');
INSERT INTO parking_spots (id, parking_lot_id, spot_number, zone, spot_row, spot_col, status) VALUES ('72f75782-8ea0-56ae-84d8-db09579f30ee', '617dd647-6d08-52b2-95d3-9b4a4e002b6e', 'f-ar2-p0:E10', 'STANDARD', 5, 10, 'free');
INSERT INTO parking_spots (id, parking_lot_id, spot_number, zone, spot_row, spot_col, status) VALUES ('62a627df-40a1-5bf7-a589-95af3fcd7f88', '617dd647-6d08-52b2-95d3-9b4a4e002b6e', 'f-ar2-p0:F1', 'STANDARD', 6, 1, 'free');
INSERT INTO parking_spots (id, parking_lot_id, spot_number, zone, spot_row, spot_col, status) VALUES ('2133f7d1-d85d-5e70-8d5c-c401234a8b33', '617dd647-6d08-52b2-95d3-9b4a4e002b6e', 'f-ar2-p0:F2', 'STANDARD', 6, 2, 'free');
INSERT INTO parking_spots (id, parking_lot_id, spot_number, zone, spot_row, spot_col, status) VALUES ('ada18bc0-3ff0-5449-8272-3835b4963fbf', '617dd647-6d08-52b2-95d3-9b4a4e002b6e', 'f-ar2-p0:F3', 'STANDARD', 6, 3, 'free');
INSERT INTO parking_spots (id, parking_lot_id, spot_number, zone, spot_row, spot_col, status) VALUES ('b4faea98-ca7b-578c-a052-26e00bc5dbe9', '617dd647-6d08-52b2-95d3-9b4a4e002b6e', 'f-ar2-p0:F4', 'STANDARD', 6, 4, 'free');
INSERT INTO parking_spots (id, parking_lot_id, spot_number, zone, spot_row, spot_col, status) VALUES ('164f8366-8fad-59bc-ad85-ddd812d1f8d1', '617dd647-6d08-52b2-95d3-9b4a4e002b6e', 'f-ar2-p0:F5', 'STANDARD', 6, 5, 'free');
INSERT INTO parking_spots (id, parking_lot_id, spot_number, zone, spot_row, spot_col, status) VALUES ('9fb025a5-9eb5-5f1e-aaca-01d821d9a5b7', '617dd647-6d08-52b2-95d3-9b4a4e002b6e', 'f-ar2-p0:F6', 'STANDARD', 6, 6, 'free');
INSERT INTO parking_spots (id, parking_lot_id, spot_number, zone, spot_row, spot_col, status) VALUES ('de674cb3-d732-59fc-80d1-07bf4c1c3263', '617dd647-6d08-52b2-95d3-9b4a4e002b6e', 'f-ar2-p0:F7', 'STANDARD', 6, 7, 'free');
INSERT INTO parking_spots (id, parking_lot_id, spot_number, zone, spot_row, spot_col, status) VALUES ('9859b355-22d9-53c7-9758-8fa7d71d4fc0', '617dd647-6d08-52b2-95d3-9b4a4e002b6e', 'f-ar2-p0:F8', 'STANDARD', 6, 8, 'free');
INSERT INTO parking_spots (id, parking_lot_id, spot_number, zone, spot_row, spot_col, status) VALUES ('09d0246f-faf9-5307-bbb3-1d91e99f5c56', '617dd647-6d08-52b2-95d3-9b4a4e002b6e', 'f-ar2-p0:F9', 'STANDARD', 6, 9, 'free');
INSERT INTO parking_spots (id, parking_lot_id, spot_number, zone, spot_row, spot_col, status) VALUES ('997d9617-7b93-534f-82d9-5d3226f38727', '617dd647-6d08-52b2-95d3-9b4a4e002b6e', 'f-ar2-p0:F10', 'STANDARD', 6, 10, 'free');
INSERT INTO parking_spots (id, parking_lot_id, spot_number, zone, spot_row, spot_col, status) VALUES ('578b438b-bb58-510e-ad1b-c49cf14cc582', '617dd647-6d08-52b2-95d3-9b4a4e002b6e', 'f-ar2-p0:G1', 'STANDARD', 7, 1, 'free');
INSERT INTO parking_spots (id, parking_lot_id, spot_number, zone, spot_row, spot_col, status) VALUES ('b6590c11-556d-5a3a-a3a1-9cd123dc0ba9', '617dd647-6d08-52b2-95d3-9b4a4e002b6e', 'f-ar2-p0:G2', 'STANDARD', 7, 2, 'free');
INSERT INTO parking_spots (id, parking_lot_id, spot_number, zone, spot_row, spot_col, status) VALUES ('2206d911-01ab-5ed5-af4c-76148d171d18', '617dd647-6d08-52b2-95d3-9b4a4e002b6e', 'f-ar2-p0:G3', 'STANDARD', 7, 3, 'free');
INSERT INTO parking_spots (id, parking_lot_id, spot_number, zone, spot_row, spot_col, status) VALUES ('3fe2f985-2cc2-5a8c-9be6-7682d5fe8950', '617dd647-6d08-52b2-95d3-9b4a4e002b6e', 'f-ar2-p0:G4', 'STANDARD', 7, 4, 'free');
INSERT INTO parking_spots (id, parking_lot_id, spot_number, zone, spot_row, spot_col, status) VALUES ('bc70be10-c974-5c86-9129-1796afb83bae', '617dd647-6d08-52b2-95d3-9b4a4e002b6e', 'f-ar2-p0:G5', 'STANDARD', 7, 5, 'free');
INSERT INTO parking_spots (id, parking_lot_id, spot_number, zone, spot_row, spot_col, status) VALUES ('80f877b1-d655-5a73-bee0-6866108c0387', '617dd647-6d08-52b2-95d3-9b4a4e002b6e', 'f-ar2-p0:G6', 'STANDARD', 7, 6, 'free');
INSERT INTO parking_spots (id, parking_lot_id, spot_number, zone, spot_row, spot_col, status) VALUES ('79d018c6-4276-54c7-9d13-cc3a391948e5', '617dd647-6d08-52b2-95d3-9b4a4e002b6e', 'f-ar2-p0:G7', 'STANDARD', 7, 7, 'free');
INSERT INTO parking_spots (id, parking_lot_id, spot_number, zone, spot_row, spot_col, status) VALUES ('57c1234e-74a3-5292-bc58-21504a0af1d0', '617dd647-6d08-52b2-95d3-9b4a4e002b6e', 'f-ar2-p0:G8', 'STANDARD', 7, 8, 'free');
INSERT INTO parking_spots (id, parking_lot_id, spot_number, zone, spot_row, spot_col, status) VALUES ('1e49ea5d-2011-522b-96de-62b6a9ff8556', '617dd647-6d08-52b2-95d3-9b4a4e002b6e', 'f-ar2-p0:G9', 'STANDARD', 7, 9, 'free');
INSERT INTO parking_spots (id, parking_lot_id, spot_number, zone, spot_row, spot_col, status) VALUES ('4f4ea797-a8a4-5403-a109-500c61ed41e5', '617dd647-6d08-52b2-95d3-9b4a4e002b6e', 'f-ar2-p0:G10', 'STANDARD', 7, 10, 'free');
INSERT INTO parking_spots (id, parking_lot_id, spot_number, zone, spot_row, spot_col, status) VALUES ('c249f5aa-db16-5374-8931-ae38f43e19a1', '617dd647-6d08-52b2-95d3-9b4a4e002b6e', 'f-ar2-p0:H1', 'STANDARD', 8, 1, 'free');
INSERT INTO parking_spots (id, parking_lot_id, spot_number, zone, spot_row, spot_col, status) VALUES ('5afddf51-c2d6-5170-92ea-fb2460aa8a8c', '617dd647-6d08-52b2-95d3-9b4a4e002b6e', 'f-ar2-p0:H2', 'STANDARD', 8, 2, 'free');
INSERT INTO parking_spots (id, parking_lot_id, spot_number, zone, spot_row, spot_col, status) VALUES ('1e3800d1-e996-53de-a457-3c810a70b181', '617dd647-6d08-52b2-95d3-9b4a4e002b6e', 'f-ar2-p0:H3', 'STANDARD', 8, 3, 'free');
INSERT INTO parking_spots (id, parking_lot_id, spot_number, zone, spot_row, spot_col, status) VALUES ('bb619a18-9537-5982-afce-644e4501f56c', '617dd647-6d08-52b2-95d3-9b4a4e002b6e', 'f-ar2-p0:H4', 'STANDARD', 8, 4, 'free');
INSERT INTO parking_spots (id, parking_lot_id, spot_number, zone, spot_row, spot_col, status) VALUES ('03d7114c-f359-583b-a9a1-243c5ae9b791', '617dd647-6d08-52b2-95d3-9b4a4e002b6e', 'f-ar2-p0:H5', 'STANDARD', 8, 5, 'free');
INSERT INTO parking_spots (id, parking_lot_id, spot_number, zone, spot_row, spot_col, status) VALUES ('f59156db-989e-594d-a6ec-e8b881d2e05f', '617dd647-6d08-52b2-95d3-9b4a4e002b6e', 'f-ar2-p0:H6', 'STANDARD', 8, 6, 'free');
INSERT INTO parking_spots (id, parking_lot_id, spot_number, zone, spot_row, spot_col, status) VALUES ('05d24bdc-00c2-54c7-8f41-841a188c659d', '617dd647-6d08-52b2-95d3-9b4a4e002b6e', 'f-ar2-p0:H7', 'STANDARD', 8, 7, 'free');
INSERT INTO parking_spots (id, parking_lot_id, spot_number, zone, spot_row, spot_col, status) VALUES ('d72591fa-fdcf-50c6-a379-5a4fbf81707b', '617dd647-6d08-52b2-95d3-9b4a4e002b6e', 'f-ar2-p0:H8', 'STANDARD', 8, 8, 'free');
INSERT INTO parking_spots (id, parking_lot_id, spot_number, zone, spot_row, spot_col, status) VALUES ('5e8b5398-eb36-5bc6-bcda-fe59da3093c1', '617dd647-6d08-52b2-95d3-9b4a4e002b6e', 'f-ar2-p0:H9', 'STANDARD', 8, 9, 'free');
INSERT INTO parking_spots (id, parking_lot_id, spot_number, zone, spot_row, spot_col, status) VALUES ('ebdccb52-a9db-5c76-b7cb-0b9c0e2a79cb', '617dd647-6d08-52b2-95d3-9b4a4e002b6e', 'f-ar2-p0:H10', 'STANDARD', 8, 10, 'free');
INSERT INTO parking_spots (id, parking_lot_id, spot_number, zone, spot_row, spot_col, status) VALUES ('486a1e12-d067-5374-bc59-15dffe0e4f27', '617dd647-6d08-52b2-95d3-9b4a4e002b6e', 'f-ar2-p0:I1', 'STANDARD', 9, 1, 'free');
INSERT INTO parking_spots (id, parking_lot_id, spot_number, zone, spot_row, spot_col, status) VALUES ('1f1bde69-b832-5932-855d-a92499ddac1d', '617dd647-6d08-52b2-95d3-9b4a4e002b6e', 'f-ar2-p0:I2', 'STANDARD', 9, 2, 'free');
INSERT INTO parking_spots (id, parking_lot_id, spot_number, zone, spot_row, spot_col, status) VALUES ('05209e93-a11e-5feb-bb60-e7234f6bd239', '617dd647-6d08-52b2-95d3-9b4a4e002b6e', 'f-ar2-p0:I3', 'STANDARD', 9, 3, 'free');
INSERT INTO parking_spots (id, parking_lot_id, spot_number, zone, spot_row, spot_col, status) VALUES ('ac7e66ec-a89c-5460-9b08-ad5e189a26e8', '617dd647-6d08-52b2-95d3-9b4a4e002b6e', 'f-ar2-p0:I4', 'STANDARD', 9, 4, 'free');
INSERT INTO parking_spots (id, parking_lot_id, spot_number, zone, spot_row, spot_col, status) VALUES ('aabfbb64-5ee0-52df-8d5c-1d5da8d0a462', '617dd647-6d08-52b2-95d3-9b4a4e002b6e', 'f-ar2-p0:I5', 'STANDARD', 9, 5, 'free');
INSERT INTO parking_spots (id, parking_lot_id, spot_number, zone, spot_row, spot_col, status) VALUES ('567306d3-cde1-587e-a704-b8b258cd3f82', '617dd647-6d08-52b2-95d3-9b4a4e002b6e', 'f-ar2-p0:I6', 'STANDARD', 9, 6, 'free');
INSERT INTO parking_spots (id, parking_lot_id, spot_number, zone, spot_row, spot_col, status) VALUES ('9877dbc5-8ea7-5390-a126-a87c3a44731d', '617dd647-6d08-52b2-95d3-9b4a4e002b6e', 'f-ar2-p0:I7', 'STANDARD', 9, 7, 'free');
INSERT INTO parking_spots (id, parking_lot_id, spot_number, zone, spot_row, spot_col, status) VALUES ('56df0f4e-aab7-51a8-846d-5ad2a27421d1', '617dd647-6d08-52b2-95d3-9b4a4e002b6e', 'f-ar2-p0:I8', 'STANDARD', 9, 8, 'free');
INSERT INTO parking_spots (id, parking_lot_id, spot_number, zone, spot_row, spot_col, status) VALUES ('287c95db-2437-5bcc-860e-548d5adead82', '617dd647-6d08-52b2-95d3-9b4a4e002b6e', 'f-ar2-p0:I9', 'STANDARD', 9, 9, 'free');
INSERT INTO parking_spots (id, parking_lot_id, spot_number, zone, spot_row, spot_col, status) VALUES ('4ae1cc83-674a-5a1c-95fb-da4311c06f95', '617dd647-6d08-52b2-95d3-9b4a4e002b6e', 'f-ar2-p0:I10', 'STANDARD', 9, 10, 'free');
INSERT INTO parking_spots (id, parking_lot_id, spot_number, zone, spot_row, spot_col, status) VALUES ('d6720883-0963-5f7e-8322-d82a6ec18598', '617dd647-6d08-52b2-95d3-9b4a4e002b6e', 'f-ar2-p0:J1', 'STANDARD', 10, 1, 'free');
INSERT INTO parking_spots (id, parking_lot_id, spot_number, zone, spot_row, spot_col, status) VALUES ('25063b55-aaa8-593f-9c76-e346125ef974', '617dd647-6d08-52b2-95d3-9b4a4e002b6e', 'f-ar2-p0:J2', 'STANDARD', 10, 2, 'free');
INSERT INTO parking_spots (id, parking_lot_id, spot_number, zone, spot_row, spot_col, status) VALUES ('98a8899a-902d-59c3-b17e-d6d36421aaa0', '617dd647-6d08-52b2-95d3-9b4a4e002b6e', 'f-ar2-p0:J3', 'STANDARD', 10, 3, 'free');
INSERT INTO parking_spots (id, parking_lot_id, spot_number, zone, spot_row, spot_col, status) VALUES ('0454be75-47c9-5388-84a6-fa892ea4a336', '617dd647-6d08-52b2-95d3-9b4a4e002b6e', 'f-ar2-p0:J4', 'STANDARD', 10, 4, 'free');
INSERT INTO parking_spots (id, parking_lot_id, spot_number, zone, spot_row, spot_col, status) VALUES ('b894f3d3-7081-5973-8766-ea0cb11cc3ba', '617dd647-6d08-52b2-95d3-9b4a4e002b6e', 'f-ar2-p0:J5', 'STANDARD', 10, 5, 'free');
INSERT INTO parking_spots (id, parking_lot_id, spot_number, zone, spot_row, spot_col, status) VALUES ('b16d90dc-2758-57eb-9314-b9d53dc01135', '617dd647-6d08-52b2-95d3-9b4a4e002b6e', 'f-ar2-p0:J6', 'STANDARD', 10, 6, 'free');
INSERT INTO parking_spots (id, parking_lot_id, spot_number, zone, spot_row, spot_col, status) VALUES ('2a214a43-28cb-5405-b732-f8604874e84a', '617dd647-6d08-52b2-95d3-9b4a4e002b6e', 'f-ar2-p0:J7', 'STANDARD', 10, 7, 'free');
INSERT INTO parking_spots (id, parking_lot_id, spot_number, zone, spot_row, spot_col, status) VALUES ('de11f04f-9692-5e38-b8f9-6a08db311d13', '617dd647-6d08-52b2-95d3-9b4a4e002b6e', 'f-ar2-p0:J8', 'STANDARD', 10, 8, 'free');
INSERT INTO parking_spots (id, parking_lot_id, spot_number, zone, spot_row, spot_col, status) VALUES ('01366a58-3e51-5f31-a21c-9ffe88485269', '617dd647-6d08-52b2-95d3-9b4a4e002b6e', 'f-ar2-p0:J9', 'STANDARD', 10, 9, 'free');
INSERT INTO parking_spots (id, parking_lot_id, spot_number, zone, spot_row, spot_col, status) VALUES ('9f726d30-caf3-5fdd-b2cd-e9ebc244f2f7', '617dd647-6d08-52b2-95d3-9b4a4e002b6e', 'f-ar2-p0:J10', 'STANDARD', 10, 10, 'free');
INSERT INTO parking_spots (id, parking_lot_id, spot_number, zone, spot_row, spot_col, status) VALUES ('e7055dfa-4339-57b2-b195-6890146c8f6f', '617dd647-6d08-52b2-95d3-9b4a4e002b6e', 'f-ar2-p-1:A1', 'STANDARD', 1, 1, 'free');
INSERT INTO parking_spots (id, parking_lot_id, spot_number, zone, spot_row, spot_col, status) VALUES ('4eae8f81-a0c2-553f-a71c-b11a3eb1ec4f', '617dd647-6d08-52b2-95d3-9b4a4e002b6e', 'f-ar2-p-1:A2', 'STANDARD', 1, 2, 'free');
INSERT INTO parking_spots (id, parking_lot_id, spot_number, zone, spot_row, spot_col, status) VALUES ('cda420d8-424c-5ac5-977b-14ed17cabd9b', '617dd647-6d08-52b2-95d3-9b4a4e002b6e', 'f-ar2-p-1:A3', 'STANDARD', 1, 3, 'free');
INSERT INTO parking_spots (id, parking_lot_id, spot_number, zone, spot_row, spot_col, status) VALUES ('bc61392d-3bfe-52fe-a8e7-494e222b4ee8', '617dd647-6d08-52b2-95d3-9b4a4e002b6e', 'f-ar2-p-1:A4', 'STANDARD', 1, 4, 'free');
INSERT INTO parking_spots (id, parking_lot_id, spot_number, zone, spot_row, spot_col, status) VALUES ('fcf8833e-460e-5368-aaea-9bd77f20e0e7', '617dd647-6d08-52b2-95d3-9b4a4e002b6e', 'f-ar2-p-1:A5', 'STANDARD', 1, 5, 'occupied');
INSERT INTO parking_spots (id, parking_lot_id, spot_number, zone, spot_row, spot_col, status) VALUES ('cafbabed-8200-5331-a048-4b4915d43a5f', '617dd647-6d08-52b2-95d3-9b4a4e002b6e', 'f-ar2-p-1:A6', 'STANDARD', 1, 6, 'occupied');
INSERT INTO parking_spots (id, parking_lot_id, spot_number, zone, spot_row, spot_col, status) VALUES ('29e6d8b4-ed21-5695-85cb-f9ea7f34929d', '617dd647-6d08-52b2-95d3-9b4a4e002b6e', 'f-ar2-p-1:A7', 'STANDARD', 1, 7, 'free');
INSERT INTO parking_spots (id, parking_lot_id, spot_number, zone, spot_row, spot_col, status) VALUES ('28143deb-2d7d-5928-839d-b76d7c7439bb', '617dd647-6d08-52b2-95d3-9b4a4e002b6e', 'f-ar2-p-1:A8', 'STANDARD', 1, 8, 'free');
INSERT INTO parking_spots (id, parking_lot_id, spot_number, zone, spot_row, spot_col, status) VALUES ('03832d91-acbe-5ada-8c08-edb19849c053', '617dd647-6d08-52b2-95d3-9b4a4e002b6e', 'f-ar2-p-1:A9', 'STANDARD', 1, 9, 'free');
INSERT INTO parking_spots (id, parking_lot_id, spot_number, zone, spot_row, spot_col, status) VALUES ('0adfc814-3d08-5fc9-8c77-43ed4c5df7f3', '617dd647-6d08-52b2-95d3-9b4a4e002b6e', 'f-ar2-p-1:A10', 'STANDARD', 1, 10, 'free');
INSERT INTO parking_spots (id, parking_lot_id, spot_number, zone, spot_row, spot_col, status) VALUES ('afe2bfe3-7d0e-5239-804a-9c5b4078bc28', '617dd647-6d08-52b2-95d3-9b4a4e002b6e', 'f-ar2-p-1:B1', 'STANDARD', 2, 1, 'free');
INSERT INTO parking_spots (id, parking_lot_id, spot_number, zone, spot_row, spot_col, status) VALUES ('26171dc2-71da-5cbf-8dad-4096753b4a58', '617dd647-6d08-52b2-95d3-9b4a4e002b6e', 'f-ar2-p-1:B2', 'STANDARD', 2, 2, 'free');
INSERT INTO parking_spots (id, parking_lot_id, spot_number, zone, spot_row, spot_col, status) VALUES ('833b7c54-39ff-5774-aabd-ccb24c10e706', '617dd647-6d08-52b2-95d3-9b4a4e002b6e', 'f-ar2-p-1:B3', 'STANDARD', 2, 3, 'free');
INSERT INTO parking_spots (id, parking_lot_id, spot_number, zone, spot_row, spot_col, status) VALUES ('5572966e-e0fe-569b-a579-4aa1be15f561', '617dd647-6d08-52b2-95d3-9b4a4e002b6e', 'f-ar2-p-1:B4', 'STANDARD', 2, 4, 'free');
INSERT INTO parking_spots (id, parking_lot_id, spot_number, zone, spot_row, spot_col, status) VALUES ('e5860673-c4cb-5728-a0c1-0378210a31ad', '617dd647-6d08-52b2-95d3-9b4a4e002b6e', 'f-ar2-p-1:B5', 'STANDARD', 2, 5, 'free');
INSERT INTO parking_spots (id, parking_lot_id, spot_number, zone, spot_row, spot_col, status) VALUES ('44181609-3425-5e38-9212-fc53ebba6497', '617dd647-6d08-52b2-95d3-9b4a4e002b6e', 'f-ar2-p-1:B6', 'STANDARD', 2, 6, 'free');
INSERT INTO parking_spots (id, parking_lot_id, spot_number, zone, spot_row, spot_col, status) VALUES ('142983fb-30df-52e2-acfe-845dd2eee78b', '617dd647-6d08-52b2-95d3-9b4a4e002b6e', 'f-ar2-p-1:B7', 'STANDARD', 2, 7, 'free');
INSERT INTO parking_spots (id, parking_lot_id, spot_number, zone, spot_row, spot_col, status) VALUES ('1d5d3b86-37eb-5b5c-b72d-695c305e6623', '617dd647-6d08-52b2-95d3-9b4a4e002b6e', 'f-ar2-p-1:B8', 'STANDARD', 2, 8, 'free');
INSERT INTO parking_spots (id, parking_lot_id, spot_number, zone, spot_row, spot_col, status) VALUES ('f4913568-ecad-51f5-bd64-bdc272d9d32b', '617dd647-6d08-52b2-95d3-9b4a4e002b6e', 'f-ar2-p-1:B9', 'STANDARD', 2, 9, 'free');
INSERT INTO parking_spots (id, parking_lot_id, spot_number, zone, spot_row, spot_col, status) VALUES ('84399c3d-4c9c-5b98-a4da-cd12af870521', '617dd647-6d08-52b2-95d3-9b4a4e002b6e', 'f-ar2-p-1:B10', 'STANDARD', 2, 10, 'free');
INSERT INTO parking_spots (id, parking_lot_id, spot_number, zone, spot_row, spot_col, status) VALUES ('88fb2405-e773-56de-a905-f39a26df86c6', '617dd647-6d08-52b2-95d3-9b4a4e002b6e', 'f-ar2-p-1:C1', 'STANDARD', 3, 1, 'free');
INSERT INTO parking_spots (id, parking_lot_id, spot_number, zone, spot_row, spot_col, status) VALUES ('b2b7f3aa-89c7-5d0d-ad79-f02107d69845', '617dd647-6d08-52b2-95d3-9b4a4e002b6e', 'f-ar2-p-1:C2', 'STANDARD', 3, 2, 'free');
INSERT INTO parking_spots (id, parking_lot_id, spot_number, zone, spot_row, spot_col, status) VALUES ('50222313-8047-52c3-8969-5d6d72a0f5ae', '617dd647-6d08-52b2-95d3-9b4a4e002b6e', 'f-ar2-p-1:C3', 'STANDARD', 3, 3, 'free');
INSERT INTO parking_spots (id, parking_lot_id, spot_number, zone, spot_row, spot_col, status) VALUES ('9d3af734-4aaa-5bc8-a79b-848dd097f036', '617dd647-6d08-52b2-95d3-9b4a4e002b6e', 'f-ar2-p-1:C4', 'STANDARD', 3, 4, 'free');
INSERT INTO parking_spots (id, parking_lot_id, spot_number, zone, spot_row, spot_col, status) VALUES ('ae7435e1-f6b6-552a-bb95-9084bf67d6f6', '617dd647-6d08-52b2-95d3-9b4a4e002b6e', 'f-ar2-p-1:C5', 'STANDARD', 3, 5, 'free');
INSERT INTO parking_spots (id, parking_lot_id, spot_number, zone, spot_row, spot_col, status) VALUES ('6e0f87eb-116a-586a-8579-1a7f9e5ee9e9', '617dd647-6d08-52b2-95d3-9b4a4e002b6e', 'f-ar2-p-1:C6', 'STANDARD', 3, 6, 'free');
INSERT INTO parking_spots (id, parking_lot_id, spot_number, zone, spot_row, spot_col, status) VALUES ('df8eaadd-6c23-5790-863b-f608863a4a87', '617dd647-6d08-52b2-95d3-9b4a4e002b6e', 'f-ar2-p-1:C7', 'STANDARD', 3, 7, 'free');
INSERT INTO parking_spots (id, parking_lot_id, spot_number, zone, spot_row, spot_col, status) VALUES ('7eeb4d91-b9b0-50af-aae4-1601b74b449c', '617dd647-6d08-52b2-95d3-9b4a4e002b6e', 'f-ar2-p-1:C8', 'STANDARD', 3, 8, 'free');
INSERT INTO parking_spots (id, parking_lot_id, spot_number, zone, spot_row, spot_col, status) VALUES ('c4e690ea-768a-597c-9d8d-8ad4dc2c718c', '617dd647-6d08-52b2-95d3-9b4a4e002b6e', 'f-ar2-p-1:C9', 'STANDARD', 3, 9, 'free');
INSERT INTO parking_spots (id, parking_lot_id, spot_number, zone, spot_row, spot_col, status) VALUES ('9531956a-b955-5bf7-a92c-57993971d3be', '617dd647-6d08-52b2-95d3-9b4a4e002b6e', 'f-ar2-p-1:C10', 'STANDARD', 3, 10, 'free');
INSERT INTO parking_spots (id, parking_lot_id, spot_number, zone, spot_row, spot_col, status) VALUES ('ac03c55b-e544-5bed-a52c-128bfea96c72', '617dd647-6d08-52b2-95d3-9b4a4e002b6e', 'f-ar2-p-1:D1', 'STANDARD', 4, 1, 'free');
INSERT INTO parking_spots (id, parking_lot_id, spot_number, zone, spot_row, spot_col, status) VALUES ('542af0d2-58db-551f-be57-db7f22d7ff2e', '617dd647-6d08-52b2-95d3-9b4a4e002b6e', 'f-ar2-p-1:D2', 'STANDARD', 4, 2, 'free');
INSERT INTO parking_spots (id, parking_lot_id, spot_number, zone, spot_row, spot_col, status) VALUES ('2c94664a-3558-5a3f-8bfc-8d7a1b80083c', '617dd647-6d08-52b2-95d3-9b4a4e002b6e', 'f-ar2-p-1:D3', 'STANDARD', 4, 3, 'free');
INSERT INTO parking_spots (id, parking_lot_id, spot_number, zone, spot_row, spot_col, status) VALUES ('39c51749-3bcf-5c6a-b082-57a04cf8118c', '617dd647-6d08-52b2-95d3-9b4a4e002b6e', 'f-ar2-p-1:D4', 'STANDARD', 4, 4, 'free');
INSERT INTO parking_spots (id, parking_lot_id, spot_number, zone, spot_row, spot_col, status) VALUES ('bb9fe707-9a8a-5856-9e53-5bebfa75dc2f', '617dd647-6d08-52b2-95d3-9b4a4e002b6e', 'f-ar2-p-1:D5', 'STANDARD', 4, 5, 'free');
INSERT INTO parking_spots (id, parking_lot_id, spot_number, zone, spot_row, spot_col, status) VALUES ('586ade05-1353-5237-b837-2c0d8c3b91b4', '617dd647-6d08-52b2-95d3-9b4a4e002b6e', 'f-ar2-p-1:D6', 'STANDARD', 4, 6, 'free');
INSERT INTO parking_spots (id, parking_lot_id, spot_number, zone, spot_row, spot_col, status) VALUES ('a10fe3d0-f7fe-5cb8-8af4-8f48d5f1ceb4', '617dd647-6d08-52b2-95d3-9b4a4e002b6e', 'f-ar2-p-1:D7', 'STANDARD', 4, 7, 'free');
INSERT INTO parking_spots (id, parking_lot_id, spot_number, zone, spot_row, spot_col, status) VALUES ('b563836e-24a3-5f88-9aa3-931744ee94e5', '617dd647-6d08-52b2-95d3-9b4a4e002b6e', 'f-ar2-p-1:D8', 'STANDARD', 4, 8, 'free');
INSERT INTO parking_spots (id, parking_lot_id, spot_number, zone, spot_row, spot_col, status) VALUES ('1d267656-3d6c-51db-8f90-2bd9864f7c91', '617dd647-6d08-52b2-95d3-9b4a4e002b6e', 'f-ar2-p-1:D9', 'STANDARD', 4, 9, 'free');
INSERT INTO parking_spots (id, parking_lot_id, spot_number, zone, spot_row, spot_col, status) VALUES ('f3eb1287-2fbe-5843-aa1c-0360c9caa929', '617dd647-6d08-52b2-95d3-9b4a4e002b6e', 'f-ar2-p-1:D10', 'STANDARD', 4, 10, 'free');
INSERT INTO parking_spots (id, parking_lot_id, spot_number, zone, spot_row, spot_col, status) VALUES ('16420d0f-1bb1-520d-a0de-7a5374a936d7', '617dd647-6d08-52b2-95d3-9b4a4e002b6e', 'f-ar2-p-1:E1', 'STANDARD', 5, 1, 'free');
INSERT INTO parking_spots (id, parking_lot_id, spot_number, zone, spot_row, spot_col, status) VALUES ('908c5923-5063-5037-8ebd-ced7bbc50896', '617dd647-6d08-52b2-95d3-9b4a4e002b6e', 'f-ar2-p-1:E2', 'STANDARD', 5, 2, 'free');
INSERT INTO parking_spots (id, parking_lot_id, spot_number, zone, spot_row, spot_col, status) VALUES ('fb9226a7-c066-54b2-8beb-a8b0b23e4a78', '617dd647-6d08-52b2-95d3-9b4a4e002b6e', 'f-ar2-p-1:E3', 'STANDARD', 5, 3, 'free');
INSERT INTO parking_spots (id, parking_lot_id, spot_number, zone, spot_row, spot_col, status) VALUES ('5277edbc-6740-51d8-b411-4f6b6da79e27', '617dd647-6d08-52b2-95d3-9b4a4e002b6e', 'f-ar2-p-1:E4', 'STANDARD', 5, 4, 'free');
INSERT INTO parking_spots (id, parking_lot_id, spot_number, zone, spot_row, spot_col, status) VALUES ('dc9d427d-b8b4-5c8f-9522-abc000cf3763', '617dd647-6d08-52b2-95d3-9b4a4e002b6e', 'f-ar2-p-1:E5', 'STANDARD', 5, 5, 'free');
INSERT INTO parking_spots (id, parking_lot_id, spot_number, zone, spot_row, spot_col, status) VALUES ('74247d8c-95ab-562f-9729-b368870802d6', '617dd647-6d08-52b2-95d3-9b4a4e002b6e', 'f-ar2-p-1:E6', 'STANDARD', 5, 6, 'free');
INSERT INTO parking_spots (id, parking_lot_id, spot_number, zone, spot_row, spot_col, status) VALUES ('78f7f8b6-5028-55a7-b55a-fd021cdb3139', '617dd647-6d08-52b2-95d3-9b4a4e002b6e', 'f-ar2-p-1:E7', 'STANDARD', 5, 7, 'free');
INSERT INTO parking_spots (id, parking_lot_id, spot_number, zone, spot_row, spot_col, status) VALUES ('cb6cf304-dbfb-5b54-9eef-7e710cb89099', '617dd647-6d08-52b2-95d3-9b4a4e002b6e', 'f-ar2-p-1:E8', 'STANDARD', 5, 8, 'free');
INSERT INTO parking_spots (id, parking_lot_id, spot_number, zone, spot_row, spot_col, status) VALUES ('cc272a63-3599-5283-a531-9a51d61bff70', '617dd647-6d08-52b2-95d3-9b4a4e002b6e', 'f-ar2-p-1:E9', 'STANDARD', 5, 9, 'free');
INSERT INTO parking_spots (id, parking_lot_id, spot_number, zone, spot_row, spot_col, status) VALUES ('6a8193d5-5cc1-5641-913e-8fd738ac6bcf', '617dd647-6d08-52b2-95d3-9b4a4e002b6e', 'f-ar2-p-1:E10', 'STANDARD', 5, 10, 'free');
INSERT INTO parking_spots (id, parking_lot_id, spot_number, zone, spot_row, spot_col, status) VALUES ('e2dcc232-02f5-51a7-a54d-83be94d69734', '617dd647-6d08-52b2-95d3-9b4a4e002b6e', 'f-ar2-p-1:F1', 'STANDARD', 6, 1, 'free');
INSERT INTO parking_spots (id, parking_lot_id, spot_number, zone, spot_row, spot_col, status) VALUES ('f3866d59-5579-5d81-8556-b769dc19a4de', '617dd647-6d08-52b2-95d3-9b4a4e002b6e', 'f-ar2-p-1:F2', 'STANDARD', 6, 2, 'free');
INSERT INTO parking_spots (id, parking_lot_id, spot_number, zone, spot_row, spot_col, status) VALUES ('620f51bc-92d0-53d9-833f-c774ed0ab4e7', '617dd647-6d08-52b2-95d3-9b4a4e002b6e', 'f-ar2-p-1:F3', 'STANDARD', 6, 3, 'free');
INSERT INTO parking_spots (id, parking_lot_id, spot_number, zone, spot_row, spot_col, status) VALUES ('5a8d7372-2274-5869-b5c6-55b4b7fcf2d9', '617dd647-6d08-52b2-95d3-9b4a4e002b6e', 'f-ar2-p-1:F4', 'STANDARD', 6, 4, 'free');
INSERT INTO parking_spots (id, parking_lot_id, spot_number, zone, spot_row, spot_col, status) VALUES ('e62a7082-aa28-5df1-aa4c-d9508dad9fff', '617dd647-6d08-52b2-95d3-9b4a4e002b6e', 'f-ar2-p-1:F5', 'STANDARD', 6, 5, 'free');
INSERT INTO parking_spots (id, parking_lot_id, spot_number, zone, spot_row, spot_col, status) VALUES ('01e1f638-cb31-5166-a9d3-c871a6dcab72', '617dd647-6d08-52b2-95d3-9b4a4e002b6e', 'f-ar2-p-1:F6', 'STANDARD', 6, 6, 'free');
INSERT INTO parking_spots (id, parking_lot_id, spot_number, zone, spot_row, spot_col, status) VALUES ('59592f10-2826-5d47-bd8c-a5d1a7e44410', '617dd647-6d08-52b2-95d3-9b4a4e002b6e', 'f-ar2-p-1:F7', 'STANDARD', 6, 7, 'free');
INSERT INTO parking_spots (id, parking_lot_id, spot_number, zone, spot_row, spot_col, status) VALUES ('ae0d4445-bca5-572d-b927-5aa45b3e1fdf', '617dd647-6d08-52b2-95d3-9b4a4e002b6e', 'f-ar2-p-1:F8', 'STANDARD', 6, 8, 'free');
INSERT INTO parking_spots (id, parking_lot_id, spot_number, zone, spot_row, spot_col, status) VALUES ('be801d9f-3618-525f-a29d-486e29ef7e9b', '617dd647-6d08-52b2-95d3-9b4a4e002b6e', 'f-ar2-p-1:F9', 'STANDARD', 6, 9, 'free');
INSERT INTO parking_spots (id, parking_lot_id, spot_number, zone, spot_row, spot_col, status) VALUES ('30d66118-5ead-5553-b1d0-b30d33f51eec', '617dd647-6d08-52b2-95d3-9b4a4e002b6e', 'f-ar2-p-1:F10', 'STANDARD', 6, 10, 'free');
INSERT INTO parking_spots (id, parking_lot_id, spot_number, zone, spot_row, spot_col, status) VALUES ('c5397413-b46b-5c14-a9f3-14f20cb03684', '617dd647-6d08-52b2-95d3-9b4a4e002b6e', 'f-ar2-p-1:G1', 'STANDARD', 7, 1, 'free');
INSERT INTO parking_spots (id, parking_lot_id, spot_number, zone, spot_row, spot_col, status) VALUES ('4203f994-c532-510e-912f-4e64415018bd', '617dd647-6d08-52b2-95d3-9b4a4e002b6e', 'f-ar2-p-1:G2', 'STANDARD', 7, 2, 'free');
INSERT INTO parking_spots (id, parking_lot_id, spot_number, zone, spot_row, spot_col, status) VALUES ('7b7a4396-7e92-5379-aa51-b90d75b873fa', '617dd647-6d08-52b2-95d3-9b4a4e002b6e', 'f-ar2-p-1:G3', 'STANDARD', 7, 3, 'free');
INSERT INTO parking_spots (id, parking_lot_id, spot_number, zone, spot_row, spot_col, status) VALUES ('3886dab7-5d10-5553-a29c-c53960e7bfe7', '617dd647-6d08-52b2-95d3-9b4a4e002b6e', 'f-ar2-p-1:G4', 'STANDARD', 7, 4, 'free');
INSERT INTO parking_spots (id, parking_lot_id, spot_number, zone, spot_row, spot_col, status) VALUES ('98db872b-474f-5a45-84dd-df2c4be98377', '617dd647-6d08-52b2-95d3-9b4a4e002b6e', 'f-ar2-p-1:G5', 'STANDARD', 7, 5, 'free');
INSERT INTO parking_spots (id, parking_lot_id, spot_number, zone, spot_row, spot_col, status) VALUES ('fecf6ea6-70c8-5b28-b556-c9df4c004724', '617dd647-6d08-52b2-95d3-9b4a4e002b6e', 'f-ar2-p-1:G6', 'STANDARD', 7, 6, 'free');
INSERT INTO parking_spots (id, parking_lot_id, spot_number, zone, spot_row, spot_col, status) VALUES ('40d7b0fd-6f72-5ecc-a755-31814c633419', '617dd647-6d08-52b2-95d3-9b4a4e002b6e', 'f-ar2-p-1:G7', 'STANDARD', 7, 7, 'free');
INSERT INTO parking_spots (id, parking_lot_id, spot_number, zone, spot_row, spot_col, status) VALUES ('9e1898dc-49ad-5757-be92-a8d9d220e2a9', '617dd647-6d08-52b2-95d3-9b4a4e002b6e', 'f-ar2-p-1:G8', 'STANDARD', 7, 8, 'free');
INSERT INTO parking_spots (id, parking_lot_id, spot_number, zone, spot_row, spot_col, status) VALUES ('033b7ae8-868a-509f-b4cb-995dd7c4bcfe', '617dd647-6d08-52b2-95d3-9b4a4e002b6e', 'f-ar2-p-1:G9', 'STANDARD', 7, 9, 'free');
INSERT INTO parking_spots (id, parking_lot_id, spot_number, zone, spot_row, spot_col, status) VALUES ('c811f95e-83b0-534b-8de9-ec3f2460e250', '617dd647-6d08-52b2-95d3-9b4a4e002b6e', 'f-ar2-p-1:G10', 'STANDARD', 7, 10, 'free');
INSERT INTO parking_spots (id, parking_lot_id, spot_number, zone, spot_row, spot_col, status) VALUES ('7f3b153e-f83e-5566-b7e2-f6b444409b8d', '617dd647-6d08-52b2-95d3-9b4a4e002b6e', 'f-ar2-p-1:H1', 'STANDARD', 8, 1, 'free');
INSERT INTO parking_spots (id, parking_lot_id, spot_number, zone, spot_row, spot_col, status) VALUES ('c36a59a1-5425-5a30-bcdd-d75931232469', '617dd647-6d08-52b2-95d3-9b4a4e002b6e', 'f-ar2-p-1:H2', 'STANDARD', 8, 2, 'free');
INSERT INTO parking_spots (id, parking_lot_id, spot_number, zone, spot_row, spot_col, status) VALUES ('6aaab35d-9048-5d7d-8773-20ff518c46b7', '617dd647-6d08-52b2-95d3-9b4a4e002b6e', 'f-ar2-p-1:H3', 'STANDARD', 8, 3, 'free');
INSERT INTO parking_spots (id, parking_lot_id, spot_number, zone, spot_row, spot_col, status) VALUES ('15fcd6bf-0881-5e58-802e-f95fcb135b03', '617dd647-6d08-52b2-95d3-9b4a4e002b6e', 'f-ar2-p-1:H4', 'STANDARD', 8, 4, 'free');
INSERT INTO parking_spots (id, parking_lot_id, spot_number, zone, spot_row, spot_col, status) VALUES ('1ec45876-6697-5374-a952-e8cbe6f308dd', '617dd647-6d08-52b2-95d3-9b4a4e002b6e', 'f-ar2-p-1:H5', 'STANDARD', 8, 5, 'free');
INSERT INTO parking_spots (id, parking_lot_id, spot_number, zone, spot_row, spot_col, status) VALUES ('e9a9558d-a1df-5563-8812-3ffff3a27260', '617dd647-6d08-52b2-95d3-9b4a4e002b6e', 'f-ar2-p-1:H6', 'STANDARD', 8, 6, 'free');
INSERT INTO parking_spots (id, parking_lot_id, spot_number, zone, spot_row, spot_col, status) VALUES ('25b70520-4b5d-50ef-9d47-91a398ad1a21', '617dd647-6d08-52b2-95d3-9b4a4e002b6e', 'f-ar2-p-1:H7', 'STANDARD', 8, 7, 'free');
INSERT INTO parking_spots (id, parking_lot_id, spot_number, zone, spot_row, spot_col, status) VALUES ('4e158620-5827-502b-8751-acdd7a195a80', '617dd647-6d08-52b2-95d3-9b4a4e002b6e', 'f-ar2-p-1:H8', 'STANDARD', 8, 8, 'free');
INSERT INTO parking_spots (id, parking_lot_id, spot_number, zone, spot_row, spot_col, status) VALUES ('270b5695-b5c0-582a-bd3f-8ec4228fcde6', '617dd647-6d08-52b2-95d3-9b4a4e002b6e', 'f-ar2-p-1:H9', 'STANDARD', 8, 9, 'free');
INSERT INTO parking_spots (id, parking_lot_id, spot_number, zone, spot_row, spot_col, status) VALUES ('73438e98-d337-5d22-b695-b66c4cb8b789', '617dd647-6d08-52b2-95d3-9b4a4e002b6e', 'f-ar2-p-1:H10', 'STANDARD', 8, 10, 'free');
INSERT INTO parking_spots (id, parking_lot_id, spot_number, zone, spot_row, spot_col, status) VALUES ('1a32fe37-f474-54ae-93eb-76611bdaea47', '617dd647-6d08-52b2-95d3-9b4a4e002b6e', 'f-ar2-p-1:I1', 'STANDARD', 9, 1, 'free');
INSERT INTO parking_spots (id, parking_lot_id, spot_number, zone, spot_row, spot_col, status) VALUES ('4ca7ae17-5cd7-5c1d-ba62-fba93ae5c498', '617dd647-6d08-52b2-95d3-9b4a4e002b6e', 'f-ar2-p-1:I2', 'STANDARD', 9, 2, 'free');
INSERT INTO parking_spots (id, parking_lot_id, spot_number, zone, spot_row, spot_col, status) VALUES ('9053c507-460d-58ee-a0e6-5dbd550777c4', '617dd647-6d08-52b2-95d3-9b4a4e002b6e', 'f-ar2-p-1:I3', 'STANDARD', 9, 3, 'free');
INSERT INTO parking_spots (id, parking_lot_id, spot_number, zone, spot_row, spot_col, status) VALUES ('16af812f-3f6d-545e-9abd-afc7dae57cc6', '617dd647-6d08-52b2-95d3-9b4a4e002b6e', 'f-ar2-p-1:I4', 'STANDARD', 9, 4, 'free');
INSERT INTO parking_spots (id, parking_lot_id, spot_number, zone, spot_row, spot_col, status) VALUES ('ebae65ef-05b3-563a-a365-3495197dceb4', '617dd647-6d08-52b2-95d3-9b4a4e002b6e', 'f-ar2-p-1:I5', 'STANDARD', 9, 5, 'free');
INSERT INTO parking_spots (id, parking_lot_id, spot_number, zone, spot_row, spot_col, status) VALUES ('c7e3a3f6-c206-5753-a2e5-752ee7903b26', '617dd647-6d08-52b2-95d3-9b4a4e002b6e', 'f-ar2-p-1:I6', 'STANDARD', 9, 6, 'free');
INSERT INTO parking_spots (id, parking_lot_id, spot_number, zone, spot_row, spot_col, status) VALUES ('573d6cfd-1c61-5b40-864d-0c717e859802', '617dd647-6d08-52b2-95d3-9b4a4e002b6e', 'f-ar2-p-1:I7', 'STANDARD', 9, 7, 'free');
INSERT INTO parking_spots (id, parking_lot_id, spot_number, zone, spot_row, spot_col, status) VALUES ('1445050c-421c-5660-87f2-2c6262ddf6d0', '617dd647-6d08-52b2-95d3-9b4a4e002b6e', 'f-ar2-p-1:I8', 'STANDARD', 9, 8, 'free');
INSERT INTO parking_spots (id, parking_lot_id, spot_number, zone, spot_row, spot_col, status) VALUES ('4cf8c170-fcbc-5a99-8569-c697a4a76b08', '617dd647-6d08-52b2-95d3-9b4a4e002b6e', 'f-ar2-p-1:I9', 'STANDARD', 9, 9, 'free');
INSERT INTO parking_spots (id, parking_lot_id, spot_number, zone, spot_row, spot_col, status) VALUES ('c993b192-1ba2-5527-aa54-b064ea6b3c32', '617dd647-6d08-52b2-95d3-9b4a4e002b6e', 'f-ar2-p-1:I10', 'STANDARD', 9, 10, 'free');
INSERT INTO parking_spots (id, parking_lot_id, spot_number, zone, spot_row, spot_col, status) VALUES ('d6375ee9-cbd3-515b-9b72-76d70538be8a', '617dd647-6d08-52b2-95d3-9b4a4e002b6e', 'f-ar2-p-1:J1', 'STANDARD', 10, 1, 'free');
INSERT INTO parking_spots (id, parking_lot_id, spot_number, zone, spot_row, spot_col, status) VALUES ('8eb0ce93-3adf-5a80-993c-d7de5e667aee', '617dd647-6d08-52b2-95d3-9b4a4e002b6e', 'f-ar2-p-1:J2', 'STANDARD', 10, 2, 'free');
INSERT INTO parking_spots (id, parking_lot_id, spot_number, zone, spot_row, spot_col, status) VALUES ('92ffa4d8-b9b8-57fe-98ab-b2d90555adf0', '617dd647-6d08-52b2-95d3-9b4a4e002b6e', 'f-ar2-p-1:J3', 'STANDARD', 10, 3, 'free');
INSERT INTO parking_spots (id, parking_lot_id, spot_number, zone, spot_row, spot_col, status) VALUES ('72a61117-80c5-5e88-9ca4-5f740d5c37b8', '617dd647-6d08-52b2-95d3-9b4a4e002b6e', 'f-ar2-p-1:J4', 'STANDARD', 10, 4, 'free');
INSERT INTO parking_spots (id, parking_lot_id, spot_number, zone, spot_row, spot_col, status) VALUES ('c0e715c3-503d-5f62-b265-47f2be00807c', '617dd647-6d08-52b2-95d3-9b4a4e002b6e', 'f-ar2-p-1:J5', 'STANDARD', 10, 5, 'free');
INSERT INTO parking_spots (id, parking_lot_id, spot_number, zone, spot_row, spot_col, status) VALUES ('f621096a-0405-5b43-9d20-e3d40b3f1827', '617dd647-6d08-52b2-95d3-9b4a4e002b6e', 'f-ar2-p-1:J6', 'STANDARD', 10, 6, 'free');
INSERT INTO parking_spots (id, parking_lot_id, spot_number, zone, spot_row, spot_col, status) VALUES ('d2133615-375f-552f-b367-7029bdd0be5a', '617dd647-6d08-52b2-95d3-9b4a4e002b6e', 'f-ar2-p-1:J7', 'STANDARD', 10, 7, 'free');
INSERT INTO parking_spots (id, parking_lot_id, spot_number, zone, spot_row, spot_col, status) VALUES ('cf60002f-05f4-5ec1-b42c-73d6196e9647', '617dd647-6d08-52b2-95d3-9b4a4e002b6e', 'f-ar2-p-1:J8', 'STANDARD', 10, 8, 'free');
INSERT INTO parking_spots (id, parking_lot_id, spot_number, zone, spot_row, spot_col, status) VALUES ('475ecfc8-03cd-5673-87eb-c73aa8fe3d2a', '617dd647-6d08-52b2-95d3-9b4a4e002b6e', 'f-ar2-p-1:J9', 'STANDARD', 10, 9, 'free');
INSERT INTO parking_spots (id, parking_lot_id, spot_number, zone, spot_row, spot_col, status) VALUES ('f41613a1-9aa1-5ebd-bf2b-66c7d0ffff29', '617dd647-6d08-52b2-95d3-9b4a4e002b6e', 'f-ar2-p-1:J10', 'STANDARD', 10, 10, 'free');

COMMIT;
